{"type":"FeatureCollection","metadata":{"derived_from":"dji_cn_full.geojson","purpose":"z<=5 使用，仅屏幕尺寸>=3.0px 的要素","source":"DJI flysafe"},"features":[{"type":"Feature","properties":{"id":"8701_0","area_id":8701,"name":"Sanya Phoenix International Airport","level":2,"level_name":"Restricted Zones","type":"restricted","zone_type_id":10,"zone_type":"Airport","country":"CN","city":"Sanya","color":"#DE4329","height":0,"radius":13548,"shape":1,"begin_at":0,"end_at":0,"url":"","address":"","description":"","source":"dji-flysafe","_raw":{"color":"#DE4329","height":0,"level":2,"lat":18.299222012115656,"lng":109.36790114250313,"radius":13548,"polygon_points":[[[109.330749313,18.3125572594],[109.240776507,18.3159333132],[109.251050586,18.2488851574],[109.334358776,18.2705646443],[109.356675831,18.2459072487],[109.372245895,18.2383686771],[109.406791233,18.2357749536],[109.465775813,18.2513852673],[109.489644655,18.275248668],[109.495918061,18.2907412173],[109.330749313,18.3125572594]]],"shape":1}},"geometry":{"type":"Polygon","coordinates":[[[109.33075,18.31256],[109.24078,18.31593],[109.25105,18.24889],[109.33436,18.27056],[109.35668,18.24591],[109.37225,18.23837],[109.40679,18.23577],[109.46578,18.25139],[109.48964,18.27525],[109.49592,18.29074],[109.33075,18.31256]]]}},{"type":"Feature","properties":{"id":"8701_1","area_id":8701,"name":"Sanya Phoenix International Airport","level":2,"level_name":"Restricted Zones","type":"restricted","zone_type_id":10,"zone_type":"Airport","country":"CN","city":"Sanya","color":"#DE4329","height":0,"radius":13522,"shape":1,"begin_at":0,"end_at":0,"url":"","address":"","description":"","source":"dji-flysafe","_raw":{"color":"#DE4329","height":0,"level":2,"lat":18.30632001975901,"lng":109.45867685989411,"radius":13522,"polygon_points":[[[109.58592778,18.2924337594],[109.573907947,18.3594681383],[109.487260296,18.3361259152],[109.468097222,18.3564121343],[109.452690635,18.364266419],[109.435666212,18.3680671067],[109.388204379,18.3642242883],[109.358543959,18.3534477567],[109.345582406,18.3423056296],[109.33610235,18.3283584548],[109.330749313,18.3125572594],[109.495918061,18.2907412173],[109.58592778,18.2924337594]]],"shape":1}},"geometry":{"type":"Polygon","coordinates":[[[109.58593,18.29243],[109.57391,18.35947],[109.48726,18.33613],[109.4681,18.35641],[109.45269,18.36427],[109.43567,18.36807],[109.3882,18.36422],[109.35854,18.35345],[109.34558,18.34231],[109.3361,18.32836],[109.33075,18.31256],[109.49592,18.29074],[109.58593,18.29243]]]}},{"type":"Feature","properties":{"id":"33222_0","area_id":33222,"name":"博鳌","level":2,"level_name":"Restricted Zones","type":"restricted","zone_type_id":10,"zone_type":"Airport","country":"CN","city":"琼海","color":"#DE4329","height":0,"radius":13469,"shape":1,"begin_at":0,"end_at":0,"url":"","address":"","description":"","source":"dji-flysafe","_raw":{"color":"#DE4329","height":0,"level":2,"lat":19.18204638492428,"lng":110.43370448235798,"radius":13469,"polygon_points":[[[110.433873236,19.2194819071],[110.402218905,19.2994794359],[110.3386694,19.2634194379],[110.395339861,19.1951228589],[110.381693492,19.1712277004],[110.379092729,19.1548122683],[110.387513512,19.1228757094],[110.402507991,19.0978855478],[110.423880171,19.0763818196],[110.439680373,19.0691353152],[110.47444249,19.0671866519],[110.433873236,19.2194819071]]],"shape":1}},"geometry":{"type":"Polygon","coordinates":[[[110.43387,19.21948],[110.40222,19.29948],[110.33867,19.26342],[110.39534,19.19512],[110.38169,19.17123],[110.37909,19.15481],[110.38751,19.12288],[110.40251,19.09789],[110.42388,19.07638],[110.43968,19.06914],[110.47444,19.06719],[110.43387,19.21948]]]}},{"type":"Feature","properties":{"id":"33222_1","area_id":33222,"name":"博鳌","level":2,"level_name":"Restricted Zones","type":"restricted","zone_type_id":10,"zone_type":"Airport","country":"CN","city":"琼海","color":"#DE4329","height":0,"radius":13625,"shape":1,"begin_at":0,"end_at":0,"url":"","address":"","description":"","source":"dji-flysafe","_raw":{"color":"#DE4329","height":0,"level":2,"lat":19.103100573886678,"lng":110.4744862710981,"radius":13625,"polygon_points":[[[110.504413749,18.9838695625],[110.569659751,19.0198873723],[110.51298784,19.0848377752],[110.529453326,19.1141194705],[110.528159727,19.1470092493],[110.520837026,19.1620974097],[110.505830811,19.1854394019],[110.48420513,19.2090310537],[110.451433079,19.2202360398],[110.433873236,19.2194819071],[110.47444249,19.0671866519],[110.504413749,18.9838695625]]],"shape":1}},"geometry":{"type":"Polygon","coordinates":[[[110.50441,18.98387],[110.56966,19.01989],[110.51299,19.08484],[110.52945,19.11412],[110.52816,19.14701],[110.52084,19.1621],[110.50583,19.18544],[110.48421,19.20903],[110.45143,19.22024],[110.43387,19.21948],[110.47444,19.06719],[110.50441,18.98387]]]}},{"type":"Feature","properties":{"id":"1336_0","area_id":1336,"name":"Haikou Meilan International Airport","level":2,"level_name":"Restricted Zones","type":"restricted","zone_type_id":10,"zone_type":"Airport","country":"CN","city":"Haikou","color":"#DE4329","height":0,"radius":13770,"shape":1,"begin_at":0,"end_at":0,"url":"","address":"","description":"","source":"dji-flysafe","_raw":{"color":"#DE4329","height":0,"level":2,"lat":19.934113406328944,"lng":110.41220906841802,"radius":13770,"polygon_points":[[[110.375854696,19.9543158957],[110.285909001,19.9693716504],[110.285902061,19.8989664067],[110.375908274,19.9122956593],[110.394620242,19.8854603836],[110.40914203,19.8760260664],[110.443355038,19.8691008767],[110.494220917,19.8710868428],[110.52468648,19.8872855727],[110.542464686,19.9156367715],[110.375854696,19.9543158957]]],"shape":1}},"geometry":{"type":"Polygon","coordinates":[[[110.37585,19.95432],[110.28591,19.96937],[110.2859,19.89897],[110.37591,19.9123],[110.39462,19.88546],[110.40914,19.87603],[110.44336,19.8691],[110.49422,19.87109],[110.52469,19.88729],[110.54246,19.91564],[110.37585,19.95432]]]}},{"type":"Feature","properties":{"id":"1336_1","area_id":1336,"name":"Haikou Meilan International Airport","level":2,"level_name":"Restricted Zones","type":"restricted","zone_type_id":10,"zone_type":"Airport","country":"CN","city":"Haikou","color":"#DE4329","height":0,"radius":13740,"shape":1,"begin_at":0,"end_at":0,"url":"","address":"","description":"","source":"dji-flysafe","_raw":{"color":"#DE4329","height":0,"level":2,"lat":19.934975699447538,"lng":110.50569168553375,"radius":13740,"polygon_points":[[[110.632452895,19.902314172],[110.632467906,19.9676756686],[110.542451437,19.957687005],[110.523761353,19.9845194523],[110.509236083,19.993962598],[110.492603661,19.9995495885],[110.439976947,20.0008990607],[110.407728044,19.9926665194],[110.393623043,19.9826767331],[110.382751755,19.9695958303],[110.375854696,19.9543158957],[110.542464686,19.9156367715],[110.632452895,19.902314172]]],"shape":1}},"geometry":{"type":"Polygon","coordinates":[[[110.63245,19.90231],[110.63247,19.96768],[110.54245,19.95769],[110.52376,19.98452],[110.50924,19.99396],[110.4926,19.99955],[110.43998,20.0009],[110.40773,19.99267],[110.39362,19.98268],[110.38275,19.9696],[110.37585,19.95432],[110.54246,19.91564],[110.63245,19.90231]]]}},{"type":"Feature","properties":{"id":"3229_0","area_id":3229,"name":"Beihai Airport","level":2,"level_name":"Restricted Zones","type":"restricted","zone_type_id":10,"zone_type":"Airport","country":"CN","city":"Beihai","color":"#DE4329","height":0,"radius":13482,"shape":1,"begin_at":0,"end_at":0,"url":"","address":"","description":"","source":"dji-flysafe","_raw":{"color":"#DE4329","height":0,"level":2,"lat":21.495001732892113,"lng":109.28797045238649,"radius":13482,"polygon_points":[[[109.257123243,21.4677880331],[109.223754254,21.3895103622],[109.297595694,21.3740852526],[109.302610197,21.4624310332],[109.327714264,21.4715297831],[109.341349374,21.482230579],[109.351545625,21.4958500196],[109.365943775,21.539804721],[109.365093994,21.5704224755],[109.358143563,21.585710607],[109.33292959,21.6088108082],[109.257123243,21.4677880331]]],"shape":1}},"geometry":{"type":"Polygon","coordinates":[[[109.25712,21.46779],[109.22375,21.38951],[109.2976,21.37409],[109.30261,21.46243],[109.32771,21.47153],[109.34135,21.48223],[109.35155,21.49585],[109.36594,21.5398],[109.36509,21.57042],[109.35814,21.58571],[109.33293,21.60881],[109.25712,21.46779]]]}},{"type":"Feature","properties":{"id":"3229_1","area_id":3229,"name":"Beihai Airport","level":2,"level_name":"Restricted Zones","type":"restricted","zone_type_id":10,"zone_type":"Airport","country":"CN","city":"Beihai","color":"#DE4329","height":0,"radius":13659,"shape":1,"begin_at":0,"end_at":0,"url":"","address":"","description":"","source":"dji-flysafe","_raw":{"color":"#DE4329","height":0,"level":2,"lat":21.580862491692187,"lng":109.30871635336109,"radius":13659,"polygon_points":[[[109.364564467,21.6921925806],[109.290706646,21.702555256],[109.285744652,21.6192555543],[109.25638908,21.6090085613],[109.242985507,21.5980450071],[109.233092572,21.5842289311],[109.227383861,21.5685025415],[109.224929308,21.5061384259],[109.231899405,21.4908595469],[109.257123243,21.4677880331],[109.33292959,21.6088108082],[109.364564467,21.6921925806]]],"shape":1}},"geometry":{"type":"Polygon","coordinates":[[[109.36456,21.69219],[109.29071,21.70256],[109.28574,21.61926],[109.25639,21.60901],[109.24299,21.59805],[109.23309,21.58423],[109.22738,21.5685],[109.22493,21.50614],[109.2319,21.49086],[109.25712,21.46779],[109.33293,21.60881],[109.36456,21.69219]]]}},{"type":"Feature","properties":{"id":"40001882","area_id":40001882,"name":"广西壮族自治区北海市铁山港区北海和源石化有限公司(petrochemical)","level":3,"level_name":"Enhanced Warning Zones","type":"warning","zone_type_id":42,"zone_type":"Special Zones","country":"CN","city":"","color":"#EE8815","height":0,"radius":6965,"shape":1,"begin_at":0,"end_at":0,"url":"","address":"","description":"","source":"dji-flysafe","_raw":{"color":"#EE8815","height":0,"level":3,"lat":21.506263062187497,"lng":109.52138374012551,"radius":6965,"polygon_points":[[[109.49462612935628,21.46017315355577],[109.5558405762637,21.45244818726143],[109.58740894631869,21.518551363354938],[109.5393966520734,21.53683034768528],[109.53833941713354,21.536117331494243],[109.52107021535485,21.55558461852165],[109.45406624180582,21.507511444441903],[109.49462612935628,21.46017315355577]]],"shape":1}},"geometry":{"type":"Polygon","coordinates":[[[109.49463,21.46017],[109.55584,21.45245],[109.58741,21.51855],[109.5394,21.53683],[109.53834,21.53612],[109.52107,21.55558],[109.45407,21.50751],[109.49463,21.46017]]]}},{"type":"Feature","properties":{"id":"40002172_0","area_id":40002172,"name":"Zhanjiang Wuchuan Airport","level":2,"level_name":"Restricted Zones","type":"restricted","zone_type_id":10,"zone_type":"Airport","country":"CN","city":"","color":"#DE4329","height":0,"radius":13736,"shape":1,"begin_at":0,"end_at":0,"url":"","address":"","description":"","source":"dji-flysafe","_raw":{"color":"#DE4329","height":0,"level":2,"lat":21.521931071001443,"lng":110.57001539037502,"radius":13736,"polygon_points":[[[110.570973022,21.5611606801],[110.536802566,21.6415467906],[110.475273218,21.6085241537],[110.533073235,21.5408107997],[110.521179819,21.5264467531],[110.51452408,21.5110466577],[110.512380338,21.4945686916],[110.521889888,21.4628681581],[110.550341993,21.4218246536],[110.581205966,21.405773961],[110.616553603,21.406233387],[110.570973022,21.5611606801]]],"shape":1}},"geometry":{"type":"Polygon","coordinates":[[[110.57097,21.56116],[110.5368,21.64155],[110.47527,21.60852],[110.53307,21.54081],[110.52118,21.52645],[110.51452,21.51105],[110.51238,21.49457],[110.52189,21.46287],[110.55034,21.42182],[110.58121,21.40577],[110.61655,21.40623],[110.57097,21.56116]]]}},{"type":"Feature","properties":{"id":"40002172_1","area_id":40002172,"name":"Zhanjiang Wuchuan Airport","level":2,"level_name":"Restricted Zones","type":"restricted","zone_type_id":10,"zone_type":"Airport","country":"CN","city":"","color":"#DE4329","height":0,"radius":13737,"shape":1,"begin_at":0,"end_at":0,"url":"","address":"","description":"","source":"dji-flysafe","_raw":{"color":"#DE4329","height":0,"level":2,"lat":21.44543561908538,"lng":110.61745065446488,"radius":13737,"polygon_points":[[[110.650668811,21.3258300698],[110.712095942,21.3588486629],[110.654434533,21.4265871983],[110.666296446,21.4408896379],[110.672977746,21.4562789408],[110.675152716,21.4727532987],[110.665702117,21.5044692601],[110.637246268,21.5455629128],[110.606358364,21.5616231304],[110.570973022,21.5611606801],[110.616553603,21.406233387],[110.650668811,21.3258300698]]],"shape":1}},"geometry":{"type":"Polygon","coordinates":[[[110.65067,21.32583],[110.7121,21.35885],[110.65443,21.42659],[110.6663,21.44089],[110.67298,21.45628],[110.67515,21.47275],[110.6657,21.50447],[110.63725,21.54556],[110.60636,21.56162],[110.57097,21.56116],[110.61655,21.40623],[110.65067,21.32583]]]}},{"type":"Feature","properties":{"id":"40045034","area_id":40045034,"name":"RCR43","level":3,"level_name":"Enhanced Warning Zones","type":"warning","zone_type_id":1,"zone_type":"Special Zone","country":"TW","city":"","color":"#EE8815","height":0,"radius":39257,"shape":1,"begin_at":0,"end_at":0,"url":"","address":"","description":"","source":"dji-flysafe","_raw":{"color":"#EE8815","height":0,"level":3,"lat":21.325122639595758,"lng":121.2653599222241,"radius":39257,"polygon_points":[[[121.024722,21.598056],[120.991389,21.081389],[121.458056,21.081389],[121.641389,21.281389],[121.024722,21.598056]]],"shape":1}},"geometry":{"type":"Polygon","coordinates":[[[121.02472,21.59806],[120.99139,21.08139],[121.45806,21.08139],[121.64139,21.28139],[121.02472,21.59806]]]}},{"type":"Feature","properties":{"id":"2639_0","area_id":2639,"name":"Xishuangbanna Gasa Airport","level":2,"level_name":"Restricted Zones","type":"restricted","zone_type_id":10,"zone_type":"Airport","country":"CN","city":"Jinghong","color":"#DE4329","height":0,"radius":13152,"shape":1,"begin_at":0,"end_at":0,"url":"","address":"","description":"","source":"dji-flysafe","_raw":{"color":"#DE4329","height":0,"level":2,"lat":22.018229355972952,"lng":100.75379688587256,"radius":13152,"polygon_points":[[[100.759106248,22.0510360213],[100.742427751,22.1360431677],[100.673682237,22.1103077587],[100.717043829,22.0370622352],[100.696374123,22.0133028236],[100.690993166,21.9974720957],[100.690215247,21.9808895378],[100.699083496,21.9413732731],[100.717893075,21.91630075],[100.732764794,21.9070739621],[100.767552653,21.9006354316],[100.759106248,22.0510360213]]],"shape":1}},"geometry":{"type":"Polygon","coordinates":[[[100.75911,22.05104],[100.74243,22.13604],[100.67368,22.11031],[100.71704,22.03706],[100.69637,22.0133],[100.69099,21.99747],[100.69022,21.98089],[100.69908,21.94137],[100.71789,21.9163],[100.73276,21.90707],[100.76755,21.90064],[100.75911,22.05104]]]}},{"type":"Feature","properties":{"id":"2639_1","area_id":2639,"name":"Xishuangbanna Gasa Airport","level":2,"level_name":"Restricted Zones","type":"restricted","zone_type_id":10,"zone_type":"Airport","country":"CN","city":"Jinghong","color":"#DE4329","height":0,"radius":13103,"shape":1,"begin_at":0,"end_at":0,"url":"","address":"","description":"","source":"dji-flysafe","_raw":{"color":"#DE4329","height":0,"level":2,"lat":21.935158091450976,"lng":100.78222272106329,"radius":13103,"polygon_points":[[[100.78253607,21.8173148163],[100.851284682,21.8362627632],[100.807977153,21.9146727953],[100.826259518,21.935130724],[100.832409707,21.950717851],[100.830925272,21.9836015251],[100.822584738,22.0052902663],[100.806888841,22.0308741669],[100.776770237,22.0483050108],[100.759106248,22.0510360213],[100.767552653,21.9006354316],[100.78253607,21.8173148163]]],"shape":1}},"geometry":{"type":"Polygon","coordinates":[[[100.78254,21.81731],[100.85128,21.83626],[100.80798,21.91467],[100.82626,21.93513],[100.83241,21.95072],[100.83093,21.9836],[100.82258,22.00529],[100.80689,22.03087],[100.77677,22.04831],[100.75911,22.05104],[100.76755,21.90064],[100.78254,21.81731]]]}},{"type":"Feature","properties":{"id":"8841_0","area_id":8841,"name":"Zhuhai Airport","level":2,"level_name":"Restricted Zones","type":"restricted","zone_type_id":10,"zone_type":"Airport","country":"CN","city":"Zhuhai","color":"#DE4329","height":0,"radius":13877,"shape":1,"begin_at":0,"end_at":0,"url":"","address":"","description":"","source":"dji-flysafe","_raw":{"color":"#DE4329","height":0,"level":2,"lat":21.975803343768156,"lng":113.34296791517143,"radius":13877,"polygon_points":[[[113.298671363,21.9668413346],[113.225331428,21.9152251719],[113.276895014,21.8670922455],[113.335255173,21.9337633998],[113.366669371,21.9283933863],[113.400409348,21.9385756285],[113.450603861,21.9862322978],[113.460169535,22.01792728],[113.458029113,22.0344064941],[113.45135945,22.0498104668],[113.298671363,21.9668413346]]],"shape":1}},"geometry":{"type":"Polygon","coordinates":[[[113.29867,21.96684],[113.22533,21.91523],[113.2769,21.86709],[113.33526,21.93376],[113.36667,21.92839],[113.40041,21.93858],[113.4506,21.98623],[113.46017,22.01793],[113.45803,22.03441],[113.45136,22.04981],[113.29867,21.96684]]]}},{"type":"Feature","properties":{"id":"8841_1","area_id":8841,"name":"Zhuhai Airport","level":2,"level_name":"Restricted Zones","type":"restricted","zone_type_id":10,"zone_type":"Airport","country":"CN","city":"Zhuhai","color":"#DE4329","height":0,"radius":13922,"shape":1,"begin_at":0,"end_at":0,"url":"","address":"","description":"","source":"dji-flysafe","_raw":{"color":"#DE4329","height":0,"level":2,"lat":22.036927189055415,"lng":113.41058117237229,"radius":13922,"polygon_points":[[[113.526345678,22.1014914242],[113.476471617,22.1462460214],[113.419782988,22.07957622],[113.390248745,22.0844942787],[113.372605985,22.0816257209],[113.356367009,22.0746219377],[113.312637358,22.0406265842],[113.295336585,22.0154065721],[113.291811585,21.9991332596],[113.292949553,21.9825685938],[113.298671363,21.9668413346],[113.45135945,22.0498104668],[113.526345678,22.1014914242]]],"shape":1}},"geometry":{"type":"Polygon","coordinates":[[[113.52635,22.10149],[113.47647,22.14625],[113.41978,22.07958],[113.39025,22.08449],[113.37261,22.08163],[113.35637,22.07462],[113.31264,22.04063],[113.29534,22.01541],[113.29181,21.99913],[113.29295,21.98257],[113.29867,21.96684],[113.45136,22.04981],[113.52635,22.10149]]]}},{"type":"Feature","properties":{"id":"40045129","area_id":40045129,"name":"航道保護區","level":3,"level_name":"Enhanced Warning Zones","type":"warning","zone_type_id":35,"zone_type":"Seaplane Base","country":"MO","city":"","color":"#EE8815","height":0,"radius":16261,"shape":1,"begin_at":0,"end_at":0,"url":"","address":"","description":"","source":"dji-flysafe","_raw":{"color":"#EE8815","height":0,"level":3,"lat":22.109397127154867,"lng":113.60552834101512,"radius":16261,"polygon_points":[[[113.598074,22.255478],[113.628184,22.237223],[113.62179,22.228085],[113.640734,22.219235],[113.666596,22.195434],[113.673925,22.182334],[113.681217,22.145133],[113.67383,22.115984],[113.659016,22.094382],[113.697123,21.990317],[113.612274,21.963287],[113.580287,22.130032],[113.573733,22.142155],[113.569826,22.142551],[113.556558,22.197549],[113.561097,22.206333],[113.562969,22.207507],[113.554017,22.225418],[113.582045,22.232559],[113.598074,22.255478]]],"shape":1}},"geometry":{"type":"Polygon","coordinates":[[[113.59807,22.25548],[113.62818,22.23722],[113.62179,22.22809],[113.64073,22.21924],[113.6666,22.19543],[113.67392,22.18233],[113.68122,22.14513],[113.67383,22.11598],[113.65902,22.09438],[113.69712,21.99032],[113.61227,21.96329],[113.58029,22.13003],[113.57373,22.14215],[113.56983,22.14255],[113.55656,22.19755],[113.5611,22.20633],[113.56297,22.20751],[113.55402,22.22542],[113.58204,22.23256],[113.59807,22.25548]]]}},{"type":"Feature","properties":{"id":"40001941_0","area_id":40001941,"name":"(Cap. 448G RFZ) Hong Kong International Airport","level":3,"level_name":"Enhanced Warning Zones","type":"warning","zone_type_id":1,"zone_type":"Special Zone","country":"HK","city":"","color":"#EE8815","height":0,"radius":9445,"shape":1,"begin_at":0,"end_at":0,"url":"","address":"","description":"","source":"dji-flysafe","_raw":{"color":"#EE8815","height":0,"level":3,"lat":22.299983488564177,"lng":113.86064615699269,"radius":9445,"polygon_points":[[[113.8022815134332,22.234426200857058],[113.78171113198403,22.289561511747223],[113.78532177564205,22.28980724636824],[113.78011415822587,22.30376848038336],[113.84399980876086,22.30806203726523],[113.84410858154298,22.317157789083204],[113.84517073631287,22.324363301039956],[113.84787440299989,22.33178677268333],[113.85268092155458,22.33858465884677],[113.85854959487916,22.34345710035336],[113.86975049972536,22.349420895727814],[113.91906559467317,22.365519883978127],[113.8937830924988,22.249441569262743],[113.8863480091095,22.250106878481674],[113.87815117836,22.252072997701866],[113.87026548385622,22.25530015375134],[113.86440753936769,22.258924409560837],[113.85917186737062,22.26327339267672],[113.855148,22.26778],[113.8022815134332,22.234426200857058]]],"shape":1}},"geometry":{"type":"Polygon","coordinates":[[[113.80228,22.23443],[113.78171,22.28956],[113.78532,22.28981],[113.78011,22.30377],[113.844,22.30806],[113.84411,22.31716],[113.84517,22.32436],[113.84787,22.33179],[113.85268,22.33858],[113.85855,22.34346],[113.86975,22.34942],[113.91907,22.36552],[113.89378,22.24944],[113.88635,22.25011],[113.87815,22.25207],[113.87027,22.2553],[113.86441,22.25892],[113.85917,22.26327],[113.85515,22.26778],[113.80228,22.23443]]]}},{"type":"Feature","properties":{"id":"1368_3","area_id":1368,"name":"Hengchun Airport","level":2,"level_name":"Restricted Zones","type":"restricted","zone_type_id":10,"zone_type":"Airport","country":"TW","city":"Hengchung","color":"#979797","height":60,"radius":17008,"shape":1,"begin_at":0,"end_at":0,"url":"","address":"","description":"","source":"dji-flysafe","_raw":{"color":"#979797","height":60,"level":2,"lat":22.04089508853004,"lng":120.73018838493832,"radius":17008,"polygon_points":[[[120.58512,22.11264],[120.67248,22.18421],[120.87511,21.96903],[120.78778,21.89756],[120.58512,22.11264]]],"shape":1}},"geometry":{"type":"Polygon","coordinates":[[[120.58512,22.11264],[120.67248,22.18421],[120.87511,21.96903],[120.78778,21.89756],[120.58512,22.11264]]]}},{"type":"Feature","properties":{"id":"40045040","area_id":40045040,"name":"RCR34(枋山）","level":3,"level_name":"Enhanced Warning Zones","type":"warning","zone_type_id":1,"zone_type":"Special Zone","country":"TW","city":"","color":"#EE8815","height":0,"radius":16345,"shape":1,"begin_at":0,"end_at":0,"url":"","address":"","description":"","source":"dji-flysafe","_raw":{"color":"#EE8815","height":0,"level":3,"lat":22.263139993523414,"lng":120.5704394064526,"radius":16345,"polygon_points":[[[120.457466,22.366506],[120.453144,22.349521],[120.451331,22.338005],[120.450383,22.3264],[120.450306,22.314761],[120.451098,22.303145],[120.455273,22.280208],[120.462825,22.258031],[120.473607,22.237043],[120.487409,22.21765],[120.503964,22.200226],[120.522951,22.185107],[120.538569,22.175458],[120.560905,22.165046],[120.584574,22.157617],[120.609118,22.153316],[120.634065,22.152225],[120.658934,22.154365],[120.683246,22.159696],[120.63,22.319444],[120.457466,22.366506]]],"shape":1}},"geometry":{"type":"Polygon","coordinates":[[[120.45747,22.36651],[120.45314,22.34952],[120.45133,22.338],[120.45038,22.3264],[120.45031,22.31476],[120.4511,22.30315],[120.45527,22.28021],[120.46282,22.25803],[120.47361,22.23704],[120.48741,22.21765],[120.50396,22.20023],[120.52295,22.18511],[120.53857,22.17546],[120.56091,22.16505],[120.58457,22.15762],[120.60912,22.15332],[120.63407,22.15223],[120.65893,22.15436],[120.68325,22.1597],[120.63,22.31944],[120.45747,22.36651]]]}},{"type":"Feature","properties":{"id":"33364_0","area_id":33364,"name":"Lancang Jingmai Airport","level":2,"level_name":"Restricted Zones","type":"restricted","zone_type_id":10,"zone_type":"Airport","country":"CN","city":"","color":"#DE4329","height":0,"radius":13124,"shape":1,"begin_at":0,"end_at":0,"url":"","address":"","description":"","source":"dji-flysafe","_raw":{"color":"#DE4329","height":0,"level":2,"lat":22.43499749736359,"lng":99.7397436647187,"radius":13124,"polygon_points":[[[99.7265098764,22.4712384382],[99.6565792509,22.5245894384],[99.6170758745,22.4678475517],[99.7037712924,22.4344565259],[99.705038175,22.403906267],[99.7122268332,22.3886968418],[99.7234261895,22.3757252512],[99.7595263731,22.3542145659],[99.7905616948,22.3457249303],[99.8084491022,22.3470644243],[99.8401235267,22.3620674669],[99.7265098764,22.4712384382]]],"shape":1}},"geometry":{"type":"Polygon","coordinates":[[[99.72651,22.47124],[99.65658,22.52459],[99.61708,22.46785],[99.70377,22.43446],[99.70504,22.40391],[99.71223,22.3887],[99.72343,22.37573],[99.75953,22.35421],[99.79056,22.34572],[99.80845,22.34706],[99.84012,22.36207],[99.72651,22.47124]]]}},{"type":"Feature","properties":{"id":"33364_1","area_id":33364,"name":"Lancang Jingmai Airport","level":2,"level_name":"Restricted Zones","type":"restricted","zone_type_id":10,"zone_type":"Airport","country":"CN","city":"","color":"#DE4329","height":0,"radius":13272,"shape":1,"begin_at":0,"end_at":0,"url":"","address":"","description":"","source":"dji-flysafe","_raw":{"color":"#DE4329","height":0,"level":2,"lat":22.39473836909527,"lng":99.82564034051519,"radius":13272,"polygon_points":[[[99.9151544964,22.3087490891],[99.9512426398,22.367181451],[99.8628865997,22.4022271923],[99.8614218332,22.4308982354],[99.8543329112,22.4461484812],[99.8432131861,22.459182627],[99.807140647,22.4807856447],[99.7756725369,22.4886893898],[99.7578070026,22.4869519496],[99.7265098764,22.4712384382],[99.8401235267,22.3620674669],[99.9151544964,22.3087490891]]],"shape":1}},"geometry":{"type":"Polygon","coordinates":[[[99.91515,22.30875],[99.95124,22.36718],[99.86289,22.40223],[99.86142,22.4309],[99.85433,22.44615],[99.84321,22.45918],[99.80714,22.48079],[99.77567,22.48869],[99.75781,22.48695],[99.72651,22.47124],[99.84012,22.36207],[99.91515,22.30875]]]}},{"type":"Feature","properties":{"id":"32335_0","area_id":32335,"name":"Pu'er Simao Airport","level":2,"level_name":"Restricted Zones","type":"restricted","zone_type_id":10,"zone_type":"Airport","country":"CN","city":"Simao","color":"#DE4329","height":0,"radius":13058,"shape":1,"begin_at":0,"end_at":0,"url":"","address":"","description":"","source":"dji-flysafe","_raw":{"color":"#DE4329","height":0,"level":2,"lat":22.8380578295359,"lng":100.95066186750532,"radius":13058,"polygon_points":[[[100.976046614,22.8691498303],[100.979375068,22.9524821568],[100.908840378,22.9490003554],[100.930515689,22.8656785823],[100.902325202,22.846568838],[100.892924925,22.8324108176],[100.887822473,22.8164927742],[100.88736417,22.7998999123],[100.90078285,22.7509232301],[100.911580902,22.737644224],[100.942282454,22.7208703785],[100.976046614,22.8691498303]]],"shape":1}},"geometry":{"type":"Polygon","coordinates":[[[100.97605,22.86915],[100.97938,22.95248],[100.90884,22.949],[100.93052,22.86568],[100.90233,22.84657],[100.89292,22.83241],[100.88782,22.81649],[100.88736,22.7999],[100.90078,22.75092],[100.91158,22.73764],[100.94228,22.72087],[100.97605,22.86915]]]}},{"type":"Feature","properties":{"id":"32335_1","area_id":32335,"name":"Pu'er Simao Airport","level":2,"level_name":"Restricted Zones","type":"restricted","zone_type_id":10,"zone_type":"Airport","country":"CN","city":"Simao","color":"#DE4329","height":0,"radius":13307,"shape":1,"begin_at":0,"end_at":0,"url":"","address":"","description":"","source":"dji-flysafe","_raw":{"color":"#DE4329","height":0,"level":2,"lat":22.75069443136856,"lng":100.95755601443685,"radius":13307,"polygon_points":[[[100.937327119,22.632483229],[101.009515971,22.6410390945],[100.987847194,22.7243679106],[101.013379449,22.7408406546],[101.023566538,22.7545242617],[101.029567796,22.7701728359],[101.030972957,22.7867204351],[101.017369876,22.8388494692],[100.992565727,22.8625299485],[100.976046614,22.8691498303],[100.942282454,22.7208703785],[100.937327119,22.632483229]]],"shape":1}},"geometry":{"type":"Polygon","coordinates":[[[100.93733,22.63248],[101.00952,22.64104],[100.98785,22.72437],[101.01338,22.74084],[101.02357,22.75452],[101.02957,22.77017],[101.03097,22.78672],[101.01737,22.83885],[100.99257,22.86253],[100.97605,22.86915],[100.94228,22.72087],[100.93733,22.63248]]]}},{"type":"Feature","properties":{"id":"12485_0","area_id":12485,"name":"Nanning Wuxu Airport","level":2,"level_name":"Restricted Zones","type":"restricted","zone_type_id":10,"zone_type":"Airport","country":"CN","city":"Nanning","color":"#DE4329","height":0,"radius":13441,"shape":1,"begin_at":0,"end_at":0,"url":"","address":"","description":"","source":"dji-flysafe","_raw":{"color":"#DE4329","height":0,"level":2,"lat":22.640941997799143,"lng":108.2107179180568,"radius":13441,"polygon_points":[[[108.32800879,22.6947718487],[108.278151179,22.7445811261],[108.21812593,22.6745777543],[108.187502187,22.6831709459],[108.169556879,22.682006372],[108.137644245,22.6673039755],[108.117678998,22.6473330792],[108.099571425,22.6221717321],[108.09572635,22.6059574497],[108.10200941,22.5735602365],[108.25300922,22.6430342776],[108.32800879,22.6947718487]]],"shape":1}},"geometry":{"type":"Polygon","coordinates":[[[108.32801,22.69477],[108.27815,22.74458],[108.21813,22.67458],[108.1875,22.68317],[108.16956,22.68201],[108.13764,22.6673],[108.11768,22.64733],[108.09957,22.62217],[108.09573,22.60596],[108.10201,22.57356],[108.25301,22.64303],[108.32801,22.69477]]]}},{"type":"Feature","properties":{"id":"12485_1","area_id":12485,"name":"Nanning Wuxu Airport","level":2,"level_name":"Restricted Zones","type":"restricted","zone_type_id":10,"zone_type":"Airport","country":"CN","city":"Nanning","color":"#DE4329","height":0,"radius":13495,"shape":1,"begin_at":0,"end_at":0,"url":"","address":"","description":"","source":"dji-flysafe","_raw":{"color":"#DE4329","height":0,"level":2,"lat":22.57955162510974,"lng":108.14095884693702,"radius":13495,"polygon_points":[[[108.10200941,22.5735602365],[108.025325377,22.5218904951],[108.073480704,22.4754150024],[108.130139163,22.5404141943],[108.162201469,22.5334993214],[108.196509371,22.5423944342],[108.235673256,22.5726834909],[108.252316806,22.594374899],[108.257198084,22.6103496975],[108.257434815,22.6269464981],[108.25300922,22.6430342776],[108.10200941,22.5735602365]]],"shape":1}},"geometry":{"type":"Polygon","coordinates":[[[108.10201,22.57356],[108.02533,22.52189],[108.07348,22.47542],[108.13014,22.54041],[108.1622,22.5335],[108.19651,22.54239],[108.23567,22.57268],[108.25232,22.59437],[108.2572,22.61035],[108.25743,22.62695],[108.25301,22.64303],[108.10201,22.57356]]]}},{"type":"Feature","properties":{"id":"40000116_0","area_id":40000116,"name":"玉林福绵机场","level":2,"level_name":"Restricted Zones","type":"restricted","zone_type_id":10,"zone_type":"Airport","country":"CN","city":"","color":"#DE4329","height":0,"radius":13369,"shape":1,"begin_at":0,"end_at":0,"url":"","address":"","description":"","source":"dji-flysafe","_raw":{"color":"#DE4329","height":0,"level":2,"lat":22.469704956696333,"lng":110.14740751743358,"radius":13369,"polygon_points":[[[110.183966149,22.4830458761],[110.247595887,22.5464477381],[110.188583681,22.5837643852],[110.147592885,22.5060604673],[110.128417171,22.5098315678],[110.093467493,22.5034493304],[110.066661942,22.4817731789],[110.043152398,22.4457441408],[110.039713763,22.4294530435],[110.040954072,22.4128944514],[110.056814307,22.3834291026],[110.183966149,22.4830458761]]],"shape":1}},"geometry":{"type":"Polygon","coordinates":[[[110.18397,22.48305],[110.2476,22.54645],[110.18858,22.58376],[110.14759,22.50606],[110.12842,22.50983],[110.09347,22.50345],[110.06666,22.48177],[110.04315,22.44574],[110.03971,22.42945],[110.04095,22.41289],[110.05681,22.38343],[110.18397,22.48305]]]}},{"type":"Feature","properties":{"id":"40000116_1","area_id":40000116,"name":"玉林福绵机场","level":2,"level_name":"Restricted Zones","type":"restricted","zone_type_id":10,"zone_type":"Airport","country":"CN","city":"","color":"#DE4329","height":0,"radius":13368,"shape":1,"begin_at":0,"end_at":0,"url":"","address":"","description":"","source":"dji-flysafe","_raw":{"color":"#DE4329","height":0,"level":2,"lat":22.396753800876457,"lng":110.09338973701443,"radius":13368,"polygon_points":[[[109.993302967,22.3200256427],[110.052222198,22.2827138558],[110.093124788,22.3604474878],[110.112242628,22.3566794149],[110.147161322,22.3630336963],[110.173973857,22.3846782035],[110.197535736,22.4207129226],[110.201001242,22.4369991151],[110.199788524,22.4535594667],[110.183966149,22.4830458761],[110.056814307,22.3834291026],[109.993302967,22.3200256427]]],"shape":1}},"geometry":{"type":"Polygon","coordinates":[[[109.9933,22.32003],[110.05222,22.28271],[110.09312,22.36045],[110.11224,22.35668],[110.14716,22.36303],[110.17397,22.38468],[110.19754,22.42071],[110.201,22.437],[110.19979,22.45356],[110.18397,22.48305],[110.05681,22.38343],[109.9933,22.32003]]]}},{"type":"Feature","properties":{"id":"8724_0","area_id":8724,"name":"Shenzhen Bao'an International Airport","level":2,"level_name":"Restricted Zones","type":"restricted","zone_type_id":10,"zone_type":"Airport","country":"CN","city":"Shenzhen","color":"#DE4329","height":0,"radius":13970,"shape":1,"begin_at":0,"end_at":0,"url":"","address":"","description":"","source":"dji-flysafe","_raw":{"color":"#DE4329","height":0,"level":2,"lat":22.680682353418312,"lng":113.77939954382973,"radius":13970,"polygon_points":[[[113.812731634,22.5588673442],[113.792250521,22.7194688562],[113.765641211,22.7977783245],[113.75103344777293,22.790857888716168],[113.747295287,22.8027844303],[113.681979261,22.7684955321],[113.733653336,22.7018711607],[113.71710569,22.6744530298],[113.714814119,22.6579900384],[113.717217905,22.6415407145],[113.74080462,22.5929145998],[113.761534824,22.5703988916],[113.777300942,22.5624278609],[113.812731634,22.5588673442]]],"shape":1}},"geometry":{"type":"Polygon","coordinates":[[[113.81273,22.55887],[113.79225,22.71947],[113.76564,22.79778],[113.75103,22.79086],[113.7473,22.80278],[113.68198,22.7685],[113.73365,22.70187],[113.71711,22.67445],[113.71481,22.65799],[113.71722,22.64154],[113.7408,22.59291],[113.76153,22.5704],[113.7773,22.56243],[113.81273,22.55887]]]}},{"type":"Feature","properties":{"id":"8724_1","area_id":8724,"name":"Shenzhen Bao'an International Airport","level":2,"level_name":"Restricted Zones","type":"restricted","zone_type_id":10,"zone_type":"Airport","country":"CN","city":"Shenzhen","color":"#DE4329","height":0,"radius":13793,"shape":1,"begin_at":0,"end_at":0,"url":"","address":"","description":"","source":"dji-flysafe","_raw":{"color":"#DE4329","height":0,"level":2,"lat":22.5995813356733,"lng":113.82676476460684,"radius":13793,"polygon_points":[[[113.85528162464652,22.48516293501702],[113.857721003,22.4788752448],[113.921351905,22.5115070584],[113.869675309,22.5797767885],[113.885225768,22.6053643753],[113.887871122,22.6217819967],[113.88582305,22.6382722354],[113.864195541,22.6837527793],[113.843340508,22.7073399692],[113.827670454,22.7154980355],[113.792250521,22.7194688562],[113.812731634,22.5588673442],[113.8393715,22.4772162232],[113.85528162464652,22.48516293501702]]],"shape":1}},"geometry":{"type":"Polygon","coordinates":[[[113.85528,22.48516],[113.85772,22.47888],[113.92135,22.51151],[113.86968,22.57978],[113.88523,22.60536],[113.88787,22.62178],[113.88582,22.63827],[113.8642,22.68375],[113.84334,22.70734],[113.82767,22.7155],[113.79225,22.71947],[113.81273,22.55887],[113.83937,22.47722],[113.85528,22.48516]]]}},{"type":"Feature","properties":{"id":"40045047","area_id":40045047,"name":"RCR12","level":3,"level_name":"Enhanced Warning Zones","type":"warning","zone_type_id":1,"zone_type":"Special Zone","country":"TW","city":"","color":"#EE8815","height":0,"radius":51727,"shape":1,"begin_at":0,"end_at":0,"url":"","address":"","description":"","source":"dji-flysafe","_raw":{"color":"#EE8815","height":0,"level":3,"lat":22.63738913342041,"lng":119.31259679166051,"radius":51727,"polygon_points":[[[118.916667,22.566667],[118.916667,22.35],[119.616667,22.266667],[119.65,22.983333],[118.916667,22.566667]]],"shape":1}},"geometry":{"type":"Polygon","coordinates":[[[118.91667,22.56667],[118.91667,22.35],[119.61667,22.26667],[119.65,22.98333],[118.91667,22.56667]]]}},{"type":"Feature","properties":{"id":"40045045","area_id":40045045,"name":"RCR18","level":3,"level_name":"Enhanced Warning Zones","type":"warning","zone_type_id":1,"zone_type":"Special Zone","country":"TW","city":"","color":"#EE8815","height":0,"radius":25210,"shape":1,"begin_at":0,"end_at":0,"url":"","address":"","description":"","source":"dji-flysafe","_raw":{"color":"#EE8815","height":0,"level":3,"lat":22.748247056208534,"lng":119.59138899999999,"radius":25210,"polygon_points":[[[119.424722,22.581667],[119.758056,22.581667],[119.758056,22.915],[119.424722,22.915],[119.424722,22.581667]]],"shape":1}},"geometry":{"type":"Polygon","coordinates":[[[119.42472,22.58167],[119.75806,22.58167],[119.75806,22.915],[119.42472,22.915],[119.42472,22.58167]]]}},{"type":"Feature","properties":{"id":"40045042","area_id":40045042,"name":"RCR27","level":3,"level_name":"Enhanced Warning Zones","type":"warning","zone_type_id":1,"zone_type":"Special Zone","country":"TW","city":"","color":"#EE8815","height":0,"radius":10108,"shape":1,"begin_at":0,"end_at":0,"url":"","address":"","description":"","source":"dji-flysafe","_raw":{"color":"#EE8815","height":0,"level":3,"lat":22.681692589193737,"lng":120.18307778825995,"radius":10108,"polygon_points":[[[120.274722,22.648333],[120.258056,22.715],[120.091389,22.715],[120.274722,22.648333],[120.274722,22.648333]]],"shape":1}},"geometry":{"type":"Polygon","coordinates":[[[120.27472,22.64833],[120.25806,22.715],[120.09139,22.715],[120.27472,22.64833],[120.27472,22.64833]]]}},{"type":"Feature","properties":{"id":"4880_3","area_id":4880,"name":"Kaohsiung International Airport","level":2,"level_name":"Restricted Zones","type":"restricted","zone_type_id":10,"zone_type":"Airport","country":"TW","city":"Kaohsiung City","color":"#979797","height":60,"radius":17330,"shape":1,"begin_at":0,"end_at":0,"url":"","address":"","description":"","source":"dji-flysafe","_raw":{"color":"#979797","height":60,"level":2,"lat":22.577100499003212,"lng":120.34878692652045,"radius":17330,"polygon_points":[[[120.1925,22.63606],[120.50894,22.6263],[120.50494,22.51799],[120.18875,22.52776],[120.1925,22.63606]]],"shape":1}},"geometry":{"type":"Polygon","coordinates":[[[120.1925,22.63606],[120.50894,22.6263],[120.50494,22.51799],[120.18875,22.52776],[120.1925,22.63606]]]}},{"type":"Feature","properties":{"id":"40045053","area_id":40045053,"name":"RCR6（佳冬）","level":3,"level_name":"Enhanced Warning Zones","type":"warning","zone_type_id":1,"zone_type":"Special Zone","country":"TW","city":"","color":"#EE8815","height":0,"radius":9260,"shape":0,"begin_at":0,"end_at":0,"url":"","address":"","description":"","source":"dji-flysafe","_raw":{"color":"#EE8815","height":0,"level":3,"lat":22.448333,"lng":120.591389,"radius":9260,"polygon_points":null,"shape":0}},"geometry":{"type":"Polygon","coordinates":[[[120.59139,22.53161],[120.60023,22.53121],[120.60898,22.53001],[120.61756,22.52802],[120.62589,22.52527],[120.63389,22.52177],[120.64147,22.51757],[120.64858,22.5127],[120.65513,22.50721],[120.66107,22.50115],[120.66633,22.49458],[120.67088,22.48757],[120.67465,22.48018],[120.67763,22.47248],[120.67977,22.46456],[120.68107,22.45647],[120.68149,22.44831],[120.68106,22.44015],[120.67975,22.43206],[120.6776,22.42414],[120.67462,22.41644],[120.67083,22.40906],[120.66628,22.40205],[120.66102,22.39549],[120.65508,22.38943],[120.64852,22.38395],[120.64142,22.37908],[120.63384,22.37488],[120.62585,22.37139],[120.61753,22.36864],[120.60896,22.36666],[120.60022,22.36546],[120.59139,22.36506],[120.58256,22.36546],[120.57382,22.36666],[120.56525,22.36864],[120.55693,22.37139],[120.54894,22.37488],[120.54135,22.37908],[120.53425,22.38395],[120.5277,22.38943],[120.52176,22.39549],[120.51649,22.40205],[120.51195,22.40906],[120.50816,22.41644],[120.50518,22.42414],[120.50303,22.43206],[120.50172,22.44015],[120.50128,22.44831],[120.50171,22.45647],[120.50301,22.46456],[120.50515,22.47248],[120.50812,22.48018],[120.5119,22.48757],[120.51644,22.49458],[120.52171,22.50115],[120.52765,22.50721],[120.5342,22.5127],[120.5413,22.51757],[120.54889,22.52177],[120.55689,22.52527],[120.56522,22.52802],[120.5738,22.53001],[120.58255,22.53121],[120.59139,22.53161]]]}},{"type":"Feature","properties":{"id":"40045036","area_id":40045036,"name":"RCR41(太麻里）","level":3,"level_name":"Enhanced Warning Zones","type":"warning","zone_type_id":1,"zone_type":"Special Zone","country":"TW","city":"","color":"#EE8815","height":0,"radius":9260,"shape":0,"begin_at":0,"end_at":0,"url":"","address":"","description":"","source":"dji-flysafe","_raw":{"color":"#EE8815","height":0,"level":3,"lat":22.598333,"lng":121.008056,"radius":9260,"polygon_points":null,"shape":0}},"geometry":{"type":"Polygon","coordinates":[[[121.00806,22.68161],[121.0169,22.68121],[121.02566,22.68001],[121.03426,22.67802],[121.04259,22.67527],[121.0506,22.67177],[121.05819,22.66757],[121.06531,22.6627],[121.07187,22.65721],[121.07781,22.65115],[121.08308,22.64458],[121.08763,22.63757],[121.09141,22.63018],[121.09439,22.62248],[121.09654,22.61455],[121.09783,22.60647],[121.09826,22.59831],[121.09782,22.59014],[121.09651,22.58206],[121.09436,22.57414],[121.09137,22.56644],[121.08759,22.55906],[121.08303,22.55205],[121.07776,22.54549],[121.07181,22.53944],[121.06525,22.53395],[121.05814,22.52908],[121.05056,22.52488],[121.04256,22.52139],[121.03423,22.51864],[121.02564,22.51666],[121.01689,22.51546],[121.00806,22.51506],[120.99922,22.51546],[120.99047,22.51666],[120.98189,22.51864],[120.97356,22.52139],[120.96556,22.52488],[120.95797,22.52908],[120.95086,22.53395],[120.9443,22.53944],[120.93836,22.54549],[120.93308,22.55205],[120.92853,22.55906],[120.92474,22.56644],[120.92175,22.57414],[120.9196,22.58206],[120.91829,22.59014],[120.91785,22.59831],[120.91828,22.60647],[120.91958,22.61455],[120.92172,22.62248],[120.9247,22.63018],[120.92848,22.63757],[120.93303,22.64458],[120.9383,22.65115],[120.94425,22.65721],[120.95081,22.6627],[120.95792,22.66757],[120.96551,22.67177],[120.97352,22.67527],[120.98186,22.67802],[120.99045,22.68001],[120.99921,22.68121],[121.00806,22.68161]]]}},{"type":"Feature","properties":{"id":"2398_3","area_id":2398,"name":"Lyudao Airport","level":2,"level_name":"Restricted Zones","type":"restricted","zone_type_id":10,"zone_type":"Airport","country":"TW","city":"Lyudao","color":"#979797","height":60,"radius":16650,"shape":1,"begin_at":0,"end_at":0,"url":"","address":"","description":"","source":"dji-flysafe","_raw":{"color":"#979797","height":60,"level":2,"lat":22.673220762653262,"lng":121.46618796604146,"radius":16650,"polygon_points":[[[121.36933,22.79303],[121.48188,22.82226],[121.56288,22.55337],[121.45053,22.52418],[121.36933,22.79303]]],"shape":1}},"geometry":{"type":"Polygon","coordinates":[[[121.36933,22.79303],[121.48188,22.82226],[121.56288,22.55337],[121.45053,22.52418],[121.36933,22.79303]]]}},{"type":"Feature","properties":{"id":"40045035","area_id":40045035,"name":"RCR42","level":3,"level_name":"Enhanced Warning Zones","type":"warning","zone_type_id":1,"zone_type":"Special Zone","country":"TW","city":"","color":"#EE8815","height":0,"radius":50037,"shape":1,"begin_at":0,"end_at":0,"url":"","address":"","description":"","source":"dji-flysafe","_raw":{"color":"#EE8815","height":0,"level":3,"lat":21.998056000000005,"lng":122.008056,"radius":50037,"polygon_points":[[[122.008056,22.448056],[121.674722,22.248056],[121.674722,21.698056],[122.008056,21.548056],[122.008056,22.448056]]],"shape":1}},"geometry":{"type":"Polygon","coordinates":[[[122.00806,22.44806],[121.67472,22.24806],[121.67472,21.69806],[122.00806,21.54806],[122.00806,22.44806]]]}},{"type":"Feature","properties":{"id":"32775_0","area_id":32775,"name":"普者黑","level":2,"level_name":"Restricted Zones","type":"restricted","zone_type_id":10,"zone_type":"Airport","country":"CN","city":"","color":"#DE4329","height":0,"radius":13496,"shape":1,"begin_at":0,"end_at":0,"url":"","address":"","description":"","source":"dji-flysafe","_raw":{"color":"#DE4329","height":0,"level":2,"lat":23.59955593765002,"lng":104.34088581383578,"radius":13496,"polygon_points":[[[104.374183823,23.6220484885],[104.41802526,23.6982483818],[104.346662966,23.7208210175],[104.329805929,23.6360969484],[104.311037886,23.6348960716],[104.278971319,23.620059019],[104.259306786,23.5925172774],[104.24607665,23.5509332727],[104.247098924,23.5343615127],[104.252763779,23.5185968609],[104.27618218,23.493655889],[104.374183823,23.6220484885]]],"shape":1}},"geometry":{"type":"Polygon","coordinates":[[[104.37418,23.62205],[104.41803,23.69825],[104.34666,23.72082],[104.32981,23.6361],[104.31104,23.6349],[104.27897,23.62006],[104.25931,23.59252],[104.24608,23.55093],[104.2471,23.53436],[104.25276,23.5186],[104.27618,23.49366],[104.37418,23.62205]]]}},{"type":"Feature","properties":{"id":"32775_1","area_id":32775,"name":"普者黑","level":2,"level_name":"Restricted Zones","type":"restricted","zone_type_id":10,"zone_type":"Airport","country":"CN","city":"","color":"#DE4329","height":0,"radius":13496,"shape":1,"begin_at":0,"end_at":0,"url":"","address":"","description":"","source":"dji-flysafe","_raw":{"color":"#DE4329","height":0,"level":2,"lat":23.516152911375148,"lng":104.3094695400751,"radius":13496,"polygon_points":[[[104.232440575,23.4174630962],[104.303663006,23.3948934696],[104.320483905,23.4796277825],[104.339174286,23.4808149741],[104.371228744,23.4956122659],[104.390930227,23.5231230846],[104.404225229,23.5647356468],[104.40322964,23.5813087839],[104.397586902,23.5970809116],[104.374183823,23.6220484885],[104.27618218,23.493655889],[104.232440575,23.4174630962]]],"shape":1}},"geometry":{"type":"Polygon","coordinates":[[[104.23244,23.41746],[104.30366,23.39489],[104.32048,23.47963],[104.33917,23.48081],[104.37123,23.49561],[104.39093,23.52312],[104.40423,23.56474],[104.40323,23.58131],[104.39759,23.59708],[104.37418,23.62205],[104.27618,23.49366],[104.23244,23.41746]]]}},{"type":"Feature","properties":{"id":"30286024_0","area_id":30286024,"name":"Wuzhou Xijiang Airport","level":2,"level_name":"Restricted Zones","type":"restricted","zone_type_id":10,"zone_type":"Airport","country":"CN","city":"","color":"#DE4329","height":0,"radius":13389,"shape":1,"begin_at":0,"end_at":0,"url":"","address":"","description":"","source":"dji-flysafe","_raw":{"color":"#DE4329","height":0,"level":2,"lat":23.436445829415963,"lng":111.13087642610219,"radius":13389,"polygon_points":[[[111.169247408,23.4459880243],[111.24080878,23.5022624721],[111.186412869,23.5455599332],[111.135716593,23.4726928232],[111.117002539,23.4784625145],[111.081236179,23.4758121358],[111.051713402,23.4571079074],[111.023435276,23.4235111397],[111.017967804,23.407689345],[111.017149606,23.3911081002],[111.029356844,23.3601618199],[111.169247408,23.4459880243]]],"shape":1}},"geometry":{"type":"Polygon","coordinates":[[[111.16925,23.44599],[111.24081,23.50226],[111.18641,23.54556],[111.13572,23.47269],[111.117,23.47846],[111.08124,23.47581],[111.05171,23.45711],[111.02344,23.42351],[111.01797,23.40769],[111.01715,23.39111],[111.02936,23.36016],[111.16925,23.44599]]]}},{"type":"Feature","properties":{"id":"30286024_1","area_id":30286024,"name":"Wuzhou Xijiang Airport","level":2,"level_name":"Restricted Zones","type":"restricted","zone_type_id":10,"zone_type":"Airport","country":"CN","city":"","color":"#DE4329","height":0,"radius":13389,"shape":1,"begin_at":0,"end_at":0,"url":"","address":"","description":"","source":"dji-flysafe","_raw":{"color":"#DE4329","height":0,"level":2,"lat":23.36967572822066,"lng":111.06775353155706,"radius":13389,"polygon_points":[[[110.957922632,23.3038812526],[111.012240756,23.2605891842],[111.062828659,23.3334983806],[111.081491539,23.327736293],[111.117219945,23.3303634822],[111.146738063,23.3490363023],[111.175062907,23.3826303515],[111.180557428,23.3984439491],[111.181405905,23.4150239141],[111.169247408,23.4459880243],[111.029356844,23.3601618199],[110.957922632,23.3038812526]]],"shape":1}},"geometry":{"type":"Polygon","coordinates":[[[110.95792,23.30388],[111.01224,23.26059],[111.06283,23.3335],[111.08149,23.32774],[111.11722,23.33036],[111.14674,23.34904],[111.17506,23.38263],[111.18056,23.39844],[111.18141,23.41502],[111.16925,23.44599],[111.02936,23.36016],[110.95792,23.30388]]]}},{"type":"Feature","properties":{"id":"1648_0","area_id":1648,"name":"Guangzhou Baiyun International Airport","level":2,"level_name":"Restricted Zones","type":"restricted","zone_type_id":10,"zone_type":"Airport","country":"CN","city":"Guangzhou","color":"#DE4329","height":0,"radius":14234,"shape":1,"begin_at":0,"end_at":0,"url":"","address":"","description":"","source":"dji-flysafe","_raw":{"color":"#DE4329","height":0,"level":2,"lat":23.347591774220117,"lng":113.28724398292619,"radius":14234,"polygon_points":[[[113.356271254,23.4588317718],[113.243753686,23.3211643438],[113.207050157,23.2428916416],[113.23310456854948,23.236833961948566],[113.232065964,23.234521503],[113.305919349,23.2207331792],[113.312536472,23.3040268307],[113.344697756,23.3143888966],[113.358323893,23.325294223],[113.36841431,23.3390658038],[113.38595174,23.3864529257],[113.387128429,23.4192510522],[113.380772635,23.4347910283],[113.356271254,23.4588317718]]],"shape":1}},"geometry":{"type":"Polygon","coordinates":[[[113.35627,23.45883],[113.24375,23.32116],[113.20705,23.24289],[113.2331,23.23683],[113.23207,23.23452],[113.30592,23.22073],[113.31254,23.30403],[113.3447,23.31439],[113.35832,23.32529],[113.36841,23.33907],[113.38595,23.38645],[113.38713,23.41925],[113.38077,23.43479],[113.35627,23.45883]]]}},{"type":"Feature","properties":{"id":"1648_1","area_id":1648,"name":"Guangzhou Baiyun International Airport","level":2,"level_name":"Restricted Zones","type":"restricted","zone_type_id":10,"zone_type":"Airport","country":"CN","city":"Guangzhou","color":"#DE4329","height":0,"radius":14320,"shape":1,"begin_at":0,"end_at":0,"url":"","address":"","description":"","source":"dji-flysafe","_raw":{"color":"#DE4329","height":0,"level":2,"lat":23.431685130539442,"lng":113.31577866729975,"radius":14320,"polygon_points":[[[113.38540523038542,23.536555850170934],[113.387924157,23.5421728271],[113.317446248,23.5559612313],[113.31716306370092,23.553070853379502],[113.292397665,23.5575883896],[113.287485048,23.4743231787],[113.253262354,23.4647699497],[113.239278532,23.454236886],[113.222379651,23.4252050802],[113.21498073,23.3620327329],[113.220532778,23.3462365215],[113.243753686,23.3211643438],[113.356271254,23.4588317718],[113.389625571,23.5354261362],[113.38540523038542,23.536555850170934]]],"shape":1}},"geometry":{"type":"Polygon","coordinates":[[[113.38541,23.53656],[113.38792,23.54217],[113.31745,23.55596],[113.31716,23.55307],[113.2924,23.55759],[113.28749,23.47432],[113.25326,23.46477],[113.23928,23.45424],[113.22238,23.42521],[113.21498,23.36203],[113.22053,23.34624],[113.24375,23.32116],[113.35627,23.45883],[113.38963,23.53543],[113.38541,23.53656]]]}},{"type":"Feature","properties":{"id":"8652_0","area_id":8652,"name":"Foshan Shadi Airport","level":2,"level_name":"Restricted Zones","type":"restricted","zone_type_id":10,"zone_type":"Airport","country":"CN","city":"Foshan","color":"#DE4329","height":0,"radius":13685,"shape":1,"begin_at":0,"end_at":0,"url":"","address":"","description":"","source":"dji-flysafe","_raw":{"color":"#DE4329","height":0,"level":2,"lat":23.040177875537363,"lng":113.06101810768354,"radius":13685,"polygon_points":[[[113.029077843,23.0129744018],[112.995017712,22.9331402055],[113.072184225,22.9175274746],[113.077610801,23.0031638998],[113.110955121,23.013678895],[113.124527778,23.024608368],[113.134566604,23.03839783],[113.147271451,23.0828664555],[113.146505702,23.1153182022],[113.139299279,23.1305358862],[113.113534828,23.1533822024],[113.029077843,23.0129744018]]],"shape":1}},"geometry":{"type":"Polygon","coordinates":[[[113.02908,23.01297],[112.99502,22.93314],[113.07218,22.91753],[113.07761,23.00316],[113.11096,23.01368],[113.12453,23.02461],[113.13457,23.0384],[113.14727,23.08287],[113.14651,23.11532],[113.1393,23.13054],[113.11353,23.15338],[113.02908,23.01297]]]}},{"type":"Feature","properties":{"id":"8652_1","area_id":8652,"name":"Foshan Shadi Airport","level":2,"level_name":"Restricted Zones","type":"restricted","zone_type_id":10,"zone_type":"Airport","country":"CN","city":"Foshan","color":"#DE4329","height":0,"radius":13686,"shape":1,"begin_at":0,"end_at":0,"url":"","address":"","description":"","source":"dji-flysafe","_raw":{"color":"#DE4329","height":0,"level":2,"lat":23.12618849697833,"lng":113.08156928039324,"radius":13686,"polygon_points":[[[113.147673237,23.2332258631],[113.070356649,23.2488403528],[113.064925683,23.1632077308],[113.031496451,23.1526494344],[113.017929849,23.1417000399],[113.002118134,23.1121739587],[112.995277059,23.0834736179],[112.996085591,23.0510042957],[113.003309251,23.0357952431],[113.029077843,23.0129744018],[113.113534828,23.1533822024],[113.147673237,23.2332258631]]],"shape":1}},"geometry":{"type":"Polygon","coordinates":[[[113.14767,23.23323],[113.07036,23.24884],[113.06493,23.16321],[113.0315,23.15265],[113.01793,23.1417],[113.00212,23.11217],[112.99528,23.08347],[112.99609,23.051],[113.00331,23.0358],[113.02908,23.01297],[113.11353,23.15338],[113.14767,23.23323]]]}},{"type":"Feature","properties":{"id":"1604_0","area_id":1604,"name":"机场禁飞区","level":2,"level_name":"Restricted Zones","type":"restricted","zone_type_id":10,"zone_type":"Airport","country":"CN","city":"Huizhou","color":"#DE4329","height":0,"radius":13673,"shape":1,"begin_at":0,"end_at":0,"url":"","address":"","description":"","source":"dji-flysafe","_raw":{"color":"#DE4329","height":0,"level":2,"lat":23.050526473288652,"lng":114.64871811016792,"radius":13673,"polygon_points":[[[114.685678811,23.0306075949],[114.778740857,23.0221639923],[114.774535109,23.0920309164],[114.683056903,23.0741990303],[114.674870886,23.0893848703],[114.647848287,23.1109583191],[114.612713955,23.1172066368],[114.562616034,23.112624091],[114.532496947,23.0948546733],[114.52219534,23.0812275746],[114.516080415,23.0656117988],[114.685678811,23.0306075949]]],"shape":1}},"geometry":{"type":"Polygon","coordinates":[[[114.68568,23.03061],[114.77874,23.02216],[114.77454,23.09203],[114.68306,23.0742],[114.67487,23.08938],[114.64785,23.11096],[114.61271,23.11721],[114.56262,23.11262],[114.5325,23.09485],[114.5222,23.08123],[114.51608,23.06561],[114.68568,23.03061]]]}},{"type":"Feature","properties":{"id":"1604_1","area_id":1604,"name":"机场禁飞区","level":2,"level_name":"Restricted Zones","type":"restricted","zone_type_id":10,"zone_type":"Airport","country":"CN","city":"Huizhou","color":"#DE4329","height":0,"radius":13672,"shape":1,"begin_at":0,"end_at":0,"url":"","address":"","description":"","source":"dji-flysafe","_raw":{"color":"#DE4329","height":0,"level":2,"lat":23.045603284085843,"lng":114.5530570651488,"radius":13672,"polygon_points":[[[114.423032928,23.074015431],[114.427272622,23.0041490061],[114.518722497,23.0220778228],[114.526928795,23.0068775778],[114.553948038,22.9853227232],[114.589050171,22.9790848509],[114.639104195,22.9836518015],[114.669221685,23.0013877807],[114.679539127,23.0150008126],[114.685678811,23.0306075949],[114.516080415,23.0656117988],[114.423032928,23.074015431]]],"shape":1}},"geometry":{"type":"Polygon","coordinates":[[[114.42303,23.07402],[114.42727,23.00415],[114.51872,23.02208],[114.52693,23.00688],[114.55395,22.98532],[114.58905,22.97908],[114.6391,22.98365],[114.66922,23.00139],[114.67954,23.015],[114.68568,23.03061],[114.51608,23.06561],[114.42303,23.07402]]]}},{"type":"Feature","properties":{"id":"40045032","area_id":40045032,"name":"RCRX","level":3,"level_name":"Enhanced Warning Zones","type":"warning","zone_type_id":1,"zone_type":"Special Zone","country":"TW","city":"","color":"#EE8815","height":0,"radius":18860,"shape":0,"begin_at":0,"end_at":0,"url":"","address":"","description":"","source":"dji-flysafe","_raw":{"color":"#EE8815","height":0,"level":3,"lat":20.705059868898125,"lng":116.71291278925749,"radius":18860,"polygon_points":null,"shape":0}},"geometry":{"type":"Polygon","coordinates":[[[116.71291,20.87467],[116.73071,20.87385],[116.74833,20.87141],[116.7656,20.86736],[116.78237,20.86175],[116.79847,20.85462],[116.81374,20.84606],[116.82804,20.83613],[116.84123,20.82495],[116.85318,20.8126],[116.86377,20.79923],[116.87291,20.78494],[116.8805,20.76989],[116.88648,20.75421],[116.89079,20.73806],[116.89338,20.72159],[116.89424,20.70497],[116.89334,20.68834],[116.89071,20.67188],[116.88637,20.65574],[116.88036,20.64007],[116.87274,20.62503],[116.86358,20.61076],[116.85298,20.5974],[116.84103,20.58508],[116.82784,20.57391],[116.81356,20.564],[116.7983,20.55545],[116.78223,20.54835],[116.76549,20.54274],[116.74825,20.5387],[116.73067,20.53626],[116.71291,20.53545],[116.69516,20.53626],[116.67758,20.5387],[116.66033,20.54274],[116.6436,20.54835],[116.62752,20.55545],[116.61227,20.564],[116.59798,20.57391],[116.5848,20.58508],[116.57285,20.5974],[116.56224,20.61076],[116.55308,20.62503],[116.54546,20.64007],[116.53945,20.65574],[116.53511,20.67188],[116.53248,20.68834],[116.53159,20.70497],[116.53244,20.72159],[116.53503,20.73806],[116.53934,20.75421],[116.54532,20.76989],[116.55292,20.78494],[116.56205,20.79923],[116.57265,20.8126],[116.5846,20.82495],[116.59778,20.83613],[116.61208,20.84606],[116.62735,20.85462],[116.64345,20.86175],[116.66022,20.86736],[116.6775,20.87141],[116.69512,20.87385],[116.71291,20.87467]]]}},{"type":"Feature","properties":{"id":"40045051","area_id":40045051,"name":"RCR7(石礁)","level":3,"level_name":"Enhanced Warning Zones","type":"warning","zone_type_id":1,"zone_type":"Special Zone","country":"TW","city":"","color":"#EE8815","height":0,"radius":12087,"shape":1,"begin_at":0,"end_at":0,"url":"","address":"","description":"","source":"dji-flysafe","_raw":{"color":"#EE8815","height":0,"level":3,"lat":23.30499900024594,"lng":119.34250027238362,"radius":12087,"polygon_points":[[[119.342222,23.196293],[119.317778,23.19872],[119.294411,23.205788],[119.257693,23.22964800000001],[119.233305,23.264478],[119.224805,23.305213],[119.227416,23.327811],[119.235058,23.349413],[119.260895,23.383354],[119.298636,23.40588],[119.342779,23.413705],[119.342611,23.348482],[119.360244,23.345276],[119.375291,23.336204],[119.385558,23.322586],[119.389577,23.30489],[119.386102,23.28861],[119.37628,23.274717],[119.360027,23.264644],[119.342389,23.261518],[119.342222,23.196293]]],"shape":1}},"geometry":{"type":"Polygon","coordinates":[[[119.34222,23.19629],[119.31778,23.19872],[119.29441,23.20579],[119.25769,23.22965],[119.23331,23.26448],[119.22481,23.30521],[119.22742,23.32781],[119.23506,23.34941],[119.2609,23.38335],[119.29864,23.40588],[119.34278,23.41371],[119.34261,23.34848],[119.36024,23.34528],[119.37529,23.3362],[119.38556,23.32259],[119.38958,23.30489],[119.3861,23.28861],[119.37628,23.27472],[119.36003,23.26464],[119.34239,23.26152],[119.34222,23.19629]]]}},{"type":"Feature","properties":{"id":"40045038","area_id":40045038,"name":"RCR39","level":3,"level_name":"Enhanced Warning Zones","type":"warning","zone_type_id":1,"zone_type":"Special Zone","country":"TW","city":"","color":"#EE8815","height":0,"radius":12569,"shape":1,"begin_at":0,"end_at":0,"url":"","address":"","description":"","source":"dji-flysafe","_raw":{"color":"#EE8815","height":0,"level":3,"lat":23.58164428044882,"lng":119.1747225,"radius":12569,"polygon_points":[[[119.258056,23.498333],[119.091389,23.498333],[119.091389,23.665],[119.258056,23.665],[119.258056,23.498333]]],"shape":1}},"geometry":{"type":"Polygon","coordinates":[[[119.25806,23.49833],[119.09139,23.49833],[119.09139,23.665],[119.25806,23.665],[119.25806,23.49833]]]}},{"type":"Feature","properties":{"id":"40045039","area_id":40045039,"name":"RCR38(水溪）","level":3,"level_name":"Enhanced Warning Zones","type":"warning","zone_type_id":1,"zone_type":"Special Zone","country":"TW","city":"","color":"#EE8815","height":0,"radius":9296,"shape":1,"begin_at":0,"end_at":0,"url":"","address":"","description":"","source":"dji-flysafe","_raw":{"color":"#EE8815","height":0,"level":3,"lat":23.49833856945024,"lng":120.13295370800364,"radius":9296,"polygon_points":[[[120.182623,23.568349],[120.183483,23.428858],[120.157866,23.417915],[120.126701,23.414928],[120.099195,23.420777],[120.072587,23.43605],[120.059918,23.448945],[120.051759,23.46135],[120.045215,23.477677],[120.042661,23.491997],[120.04283,23.506508],[120.045717,23.520773],[120.052643,23.536964],[120.061097,23.549206],[120.07172,23.559915],[120.086879,23.570292],[120.116232,23.580493],[120.135052,23.581924],[120.150704,23.580346],[120.168743,23.575198],[120.182623,23.568349]]],"shape":1}},"geometry":{"type":"Polygon","coordinates":[[[120.18262,23.56835],[120.18348,23.42886],[120.15787,23.41792],[120.1267,23.41493],[120.09919,23.42078],[120.07259,23.43605],[120.05992,23.44894],[120.05176,23.46135],[120.04521,23.47768],[120.04266,23.492],[120.04283,23.50651],[120.04572,23.52077],[120.05264,23.53696],[120.0611,23.54921],[120.07172,23.55992],[120.08688,23.57029],[120.11623,23.58049],[120.13505,23.58192],[120.1507,23.58035],[120.16874,23.5752],[120.18262,23.56835]]]}},{"type":"Feature","properties":{"id":"6825_3","area_id":6825,"name":"Magong Airport","level":2,"level_name":"Restricted Zones","type":"restricted","zone_type_id":10,"zone_type":"Airport","country":"TW","city":"Makung City","color":"#979797","height":60,"radius":17628,"shape":1,"begin_at":0,"end_at":0,"url":"","address":"","description":"","source":"dji-flysafe","_raw":{"color":"#979797","height":60,"level":2,"lat":23.56862008950005,"lng":119.62823638228933,"radius":17628,"polygon_points":[[[119.62294,23.72708],[119.7347,23.69316],[119.63352,23.41016],[119.52197,23.444],[119.62294,23.72708]]],"shape":1}},"geometry":{"type":"Polygon","coordinates":[[[119.62294,23.72708],[119.7347,23.69316],[119.63352,23.41016],[119.52197,23.444],[119.62294,23.72708]]]}},{"type":"Feature","properties":{"id":"8022_3","area_id":8022,"name":"Wang-an Airport","level":2,"level_name":"Restricted Zones","type":"restricted","zone_type_id":10,"zone_type":"Airport","country":"TW","city":"Wang-an","color":"#979797","height":60,"radius":16605,"shape":1,"begin_at":0,"end_at":0,"url":"","address":"","description":"","source":"dji-flysafe","_raw":{"color":"#979797","height":60,"level":2,"lat":23.369195001787347,"lng":119.50359084466781,"radius":16605,"polygon_points":[[[119.50284,23.51853],[119.6125,23.47964],[119.50434,23.21986],[119.39485,23.25866],[119.50284,23.51853]]],"shape":1}},"geometry":{"type":"Polygon","coordinates":[[[119.50284,23.51853],[119.6125,23.47964],[119.50434,23.21986],[119.39485,23.25866],[119.50284,23.51853]]]}},{"type":"Feature","properties":{"id":"32765_0","area_id":32765,"name":"临沧机场","level":2,"level_name":"Restricted Zones","type":"restricted","zone_type_id":10,"zone_type":"Airport","country":"CN","city":"","color":"#DE4329","height":0,"radius":13027,"shape":1,"begin_at":0,"end_at":0,"url":"","address":"","description":"","source":"dji-flysafe","_raw":{"color":"#DE4329","height":0,"level":2,"lat":23.777964619689175,"lng":99.99980285218875,"radius":13027,"polygon_points":[[[100.012359869,23.8127522469],[99.9857094096,23.8944124584],[99.9186557201,23.8686053586],[99.968646329,23.7968927517],[99.9508356542,23.7714891831],[99.9472359703,23.7552211822],[99.9483594667,23.738654831],[99.9674479317,23.6996107756],[99.9851073357,23.6796680966],[100.000507141,23.6709166755],[100.035966905,23.6655808554],[100.012359869,23.8127522469]]],"shape":1}},"geometry":{"type":"Polygon","coordinates":[[[100.01236,23.81275],[99.98571,23.89441],[99.91866,23.86861],[99.96865,23.79689],[99.95084,23.77149],[99.94724,23.75522],[99.94836,23.73865],[99.96745,23.69961],[99.98511,23.67967],[100.00051,23.67092],[100.03597,23.66558],[100.01236,23.81275]]]}},{"type":"Feature","properties":{"id":"32765_1","area_id":32765,"name":"临沧机场","level":2,"level_name":"Restricted Zones","type":"restricted","zone_type_id":10,"zone_type":"Airport","country":"CN","city":"","color":"#DE4329","height":0,"radius":13020,"shape":1,"begin_at":0,"end_at":0,"url":"","address":"","description":"","source":"dji-flysafe","_raw":{"color":"#DE4329","height":0,"level":2,"lat":23.699026414536743,"lng":100.04282600251223,"radius":13020,"polygon_points":[[[100.066040662,23.58387926],[100.129686242,23.6131130503],[100.078026148,23.6848122309],[100.094377827,23.7067001207],[100.099021816,23.7227445383],[100.094230798,23.7553635107],[100.080885536,23.7787233213],[100.063262241,23.7986372886],[100.030493062,23.8122151172],[100.012359869,23.8127522469],[100.035966905,23.6655808554],[100.066040662,23.58387926]]],"shape":1}},"geometry":{"type":"Polygon","coordinates":[[[100.06604,23.58388],[100.12969,23.61311],[100.07803,23.68481],[100.09438,23.7067],[100.09902,23.72274],[100.09423,23.75536],[100.08089,23.77872],[100.06326,23.79864],[100.03049,23.81222],[100.01236,23.81275],[100.03597,23.66558],[100.06604,23.58388]]]}},{"type":"Feature","properties":{"id":"887_0","area_id":887,"name":"Baise Youjiang Airport","level":2,"level_name":"Restricted Zones","type":"restricted","zone_type_id":10,"zone_type":"Airport","country":"CN","city":"Baise","color":"#DE4329","height":0,"radius":13244,"shape":1,"begin_at":0,"end_at":0,"url":"","address":"","description":"","source":"dji-flysafe","_raw":{"color":"#DE4329","height":0,"level":2,"lat":23.74688344442144,"lng":106.92054314940486,"radius":13244,"polygon_points":[[[106.908317564,23.779582575],[106.836610024,23.8379246504],[106.795387474,23.7795364022],[106.882035901,23.7445818983],[106.879847863,23.7156452037],[106.885064667,23.6997491004],[106.894595238,23.6856304532],[106.931124445,23.6592502514],[106.958222653,23.6494327854],[106.976331893,23.6488615794],[107.009984014,23.660397165],[106.908317564,23.779582575]]],"shape":1}},"geometry":{"type":"Polygon","coordinates":[[[106.90832,23.77958],[106.83661,23.83792],[106.79539,23.77954],[106.88204,23.74458],[106.87985,23.71565],[106.88506,23.69975],[106.8946,23.68563],[106.93112,23.65925],[106.95822,23.64943],[106.97633,23.64886],[107.00998,23.6604],[106.90832,23.77958]]]}},{"type":"Feature","properties":{"id":"887_1","area_id":887,"name":"Baise Youjiang Airport","level":2,"level_name":"Restricted Zones","type":"restricted","zone_type_id":10,"zone_type":"Airport","country":"CN","city":"Baise","color":"#DE4329","height":0,"radius":13242,"shape":1,"begin_at":0,"end_at":0,"url":"","address":"","description":"","source":"dji-flysafe","_raw":{"color":"#DE4329","height":0,"level":2,"lat":23.690853769206292,"lng":106.99509336393618,"radius":13242,"polygon_points":[[[107.081751284,23.6020766729],[107.119603233,23.6604819552],[107.036289423,23.6954371606],[107.039265572,23.7281136718],[107.033759925,23.743928245],[107.023968596,23.7578990415],[107.010558115,23.7690732456],[106.960392492,23.7894526119],[106.942283113,23.7904094671],[106.908317564,23.779582575],[107.009984014,23.660397165],[107.081751284,23.6020766729]]],"shape":1}},"geometry":{"type":"Polygon","coordinates":[[[107.08175,23.60208],[107.1196,23.66048],[107.03629,23.69544],[107.03927,23.72811],[107.03376,23.74393],[107.02397,23.7579],[107.01056,23.76907],[106.96039,23.78945],[106.94228,23.79041],[106.90832,23.77958],[107.00998,23.6604],[107.08175,23.60208]]]}},{"type":"Feature","properties":{"id":"4108_0","area_id":4108,"name":"Bailian Airport","level":2,"level_name":"Restricted Zones","type":"restricted","zone_type_id":10,"zone_type":"Airport","country":"CN","city":"Liuzhou","color":"#DE4329","height":0,"radius":13226,"shape":1,"begin_at":0,"end_at":0,"url":"","address":"","description":"","source":"dji-flysafe","_raw":{"color":"#DE4329","height":0,"level":2,"lat":24.248261567958142,"lng":109.37022959298035,"radius":13226,"polygon_points":[[[109.377333219,24.2844324413],[109.352362682,24.3660877605],[109.285311871,24.3385812998],[109.335310153,24.2669030854],[109.317459541,24.2415083586],[109.313852498,24.2252392855],[109.320781078,24.1929391564],[109.334109097,24.1712817663],[109.354696634,24.1470917598],[109.370330167,24.1386075683],[109.406022329,24.1338843163],[109.377333219,24.2844324413]]],"shape":1}},"geometry":{"type":"Polygon","coordinates":[[[109.37733,24.28443],[109.35236,24.36609],[109.28531,24.33858],[109.33531,24.2669],[109.31746,24.24151],[109.31385,24.22524],[109.32078,24.19294],[109.33411,24.17128],[109.3547,24.14709],[109.37033,24.13861],[109.40602,24.13388],[109.37733,24.28443]]]}},{"type":"Feature","properties":{"id":"4108_1","area_id":4108,"name":"Bailian Airport","level":2,"level_name":"Restricted Zones","type":"restricted","zone_type_id":10,"zone_type":"Airport","country":"CN","city":"Liuzhou","color":"#DE4329","height":0,"radius":13236,"shape":1,"begin_at":0,"end_at":0,"url":"","address":"","description":"","source":"dji-flysafe","_raw":{"color":"#DE4329","height":0,"level":2,"lat":24.16987199060163,"lng":109.41280339821704,"radius":13236,"polygon_points":[[[109.432682123,24.0522235676],[109.498018385,24.0797505325],[109.444685862,24.1514174403],[109.462523346,24.176788783],[109.466141868,24.1930554819],[109.465021893,24.2096222558],[109.452565985,24.2470359957],[109.442579788,24.2619606041],[109.413262215,24.2811685701],[109.377333219,24.2844324413],[109.406022329,24.1338843163],[109.432682123,24.0522235676]]],"shape":1}},"geometry":{"type":"Polygon","coordinates":[[[109.43268,24.05222],[109.49802,24.07975],[109.44469,24.15142],[109.46252,24.17679],[109.46614,24.19306],[109.46502,24.20962],[109.45257,24.24704],[109.44258,24.26196],[109.41326,24.28117],[109.37733,24.28443],[109.40602,24.13388],[109.43268,24.05222]]]}},{"type":"Feature","properties":{"id":"32762_0","area_id":32762,"name":"潮汕","level":2,"level_name":"Restricted Zones","type":"restricted","zone_type_id":10,"zone_type":"Airport","country":"CN","city":"","color":"#DE4329","height":0,"radius":13124,"shape":1,"begin_at":0,"end_at":0,"url":"","address":"","description":"","source":"dji-flysafe","_raw":{"color":"#DE4329","height":0,"level":2,"lat":23.514475831290884,"lng":116.47545641001925,"radius":13124,"polygon_points":[[[116.435315861,23.5101034168],[116.365300131,23.453449949],[116.421999873,23.4071119801],[116.468678602,23.4837814239],[116.49938154,23.4786703642],[116.517191642,23.4816125461],[116.547390362,23.4993934583],[116.567430686,23.5211027286],[116.579885512,23.5451736372],[116.581711642,23.5616872467],[116.571384429,23.5932093518],[116.435315861,23.5101034168]]],"shape":1}},"geometry":{"type":"Polygon","coordinates":[[[116.43532,23.5101],[116.3653,23.45345],[116.422,23.40711],[116.46868,23.48378],[116.49938,23.47867],[116.51719,23.48161],[116.54739,23.49939],[116.56743,23.5211],[116.57989,23.54517],[116.58171,23.56169],[116.57138,23.59321],[116.43532,23.5101]]]}},{"type":"Feature","properties":{"id":"32762_1","area_id":32762,"name":"潮汕","level":2,"level_name":"Restricted Zones","type":"restricted","zone_type_id":10,"zone_type":"Airport","country":"CN","city":"","color":"#DE4329","height":0,"radius":13182,"shape":1,"begin_at":0,"end_at":0,"url":"","address":"","description":"","source":"dji-flysafe","_raw":{"color":"#DE4329","height":0,"level":2,"lat":23.584783293779864,"lng":116.53575718837396,"radius":13182,"polygon_points":[[[116.64137309,23.6532758341],[116.5846521,23.6945514131],[116.536296737,23.6212125714],[116.504366137,23.6251973293],[116.486726877,23.6214130414],[116.470759404,23.6135731861],[116.439259624,23.585590235],[116.4249849,23.5578363316],[116.42379305,23.5412740915],[116.435315861,23.5101034168],[116.571384429,23.5932093518],[116.64137309,23.6532758341]]],"shape":1}},"geometry":{"type":"Polygon","coordinates":[[[116.64137,23.65328],[116.58465,23.69455],[116.5363,23.62121],[116.50437,23.6252],[116.48673,23.62141],[116.47076,23.61357],[116.43926,23.58559],[116.42498,23.55784],[116.42379,23.54127],[116.43532,23.5101],[116.57138,23.59321],[116.64137,23.65328]]]}},{"type":"Feature","properties":{"id":"40045052","area_id":40045052,"name":"RCR5","level":3,"level_name":"Enhanced Warning Zones","type":"warning","zone_type_id":1,"zone_type":"Special Zone","country":"TW","city":"","color":"#EE8815","height":0,"radius":57987,"shape":1,"begin_at":0,"end_at":0,"url":"","address":"","description":"","source":"dji-flysafe","_raw":{"color":"#EE8815","height":0,"level":3,"lat":23.351736573331184,"lng":118.7320477721089,"radius":57987,"polygon_points":[[[118.9,23.85],[118.216667,23.133333],[118.383333,23.066667],[119.25,23.566667],[118.9,23.85]]],"shape":1}},"geometry":{"type":"Polygon","coordinates":[[[118.9,23.85],[118.21667,23.13333],[118.38333,23.06667],[119.25,23.56667],[118.9,23.85]]]}},{"type":"Feature","properties":{"id":"1597_3","area_id":1597,"name":"Hualien Airport","level":2,"level_name":"Restricted Zones","type":"restricted","zone_type_id":10,"zone_type":"Airport","country":"TW","city":"Hualien City","color":"#979797","height":60,"radius":17508,"shape":1,"begin_at":0,"end_at":0,"url":"","address":"","description":"","source":"dji-flysafe","_raw":{"color":"#979797","height":60,"level":2,"lat":24.023701107598434,"lng":121.61693250000576,"radius":17508,"polygon_points":[[[121.63543,24.18025],[121.74125,24.13217],[121.59848,23.86715],[121.49281,23.91512],[121.63543,24.18025]]],"shape":1}},"geometry":{"type":"Polygon","coordinates":[[[121.63543,24.18025],[121.74125,24.13217],[121.59848,23.86715],[121.49281,23.91512],[121.63543,24.18025]]]}},{"type":"Feature","properties":{"id":"40045046","area_id":40045046,"name":"RCR17","level":3,"level_name":"Enhanced Warning Zones","type":"warning","zone_type_id":1,"zone_type":"Special Zone","country":"TW","city":"","color":"#EE8815","height":0,"radius":48740,"shape":1,"begin_at":0,"end_at":0,"url":"","address":"","description":"","source":"dji-flysafe","_raw":{"color":"#EE8815","height":0,"level":3,"lat":23.358573713708864,"lng":122.35759021170206,"radius":48740,"polygon_points":[[[122.083333,23.716667],[122.083333,23],[122.633333,23.333333],[122.633333,23.716667],[122.083333,23.716667]]],"shape":1}},"geometry":{"type":"Polygon","coordinates":[[[122.08333,23.71667],[122.08333,23],[122.63333,23.33333],[122.63333,23.71667],[122.08333,23.71667]]]}},{"type":"Feature","properties":{"id":"4042_0","area_id":4042,"name":"Mangshi Airport","level":2,"level_name":"Restricted Zones","type":"restricted","zone_type_id":10,"zone_type":"Airport","country":"CN","city":"Luxi","color":"#DE4329","height":0,"radius":12942,"shape":1,"begin_at":0,"end_at":0,"url":"","address":"","description":"","source":"dji-flysafe","_raw":{"color":"#DE4329","height":0,"level":2,"lat":24.36609947623172,"lng":98.50094992535202,"radius":12942,"polygon_points":[[[98.4619803232,24.3668255484],[98.3869684663,24.3135286221],[98.4368511184,24.2654188961],[98.4918943384,24.3370914893],[98.5093195449,24.3314260775],[98.5453921248,24.3331308097],[98.5618402511,24.3402655999],[98.5906837135,24.3610179346],[98.6019355521,24.3745202084],[98.6110113837,24.4063778161],[98.6013790822,24.4381002168],[98.4619803232,24.3668255484]]],"shape":1}},"geometry":{"type":"Polygon","coordinates":[[[98.46198,24.36683],[98.38697,24.31353],[98.43685,24.26542],[98.49189,24.33709],[98.50932,24.33143],[98.54539,24.33313],[98.56184,24.34027],[98.59068,24.36102],[98.60194,24.37452],[98.61101,24.40638],[98.60138,24.4381],[98.46198,24.36683]]]}},{"type":"Feature","properties":{"id":"4042_1","area_id":4042,"name":"Mangshi Airport","level":2,"level_name":"Restricted Zones","type":"restricted","zone_type_id":10,"zone_type":"Airport","country":"CN","city":"Luxi","color":"#DE4329","height":0,"radius":12883,"shape":1,"begin_at":0,"end_at":0,"url":"","address":"","description":"","source":"dji-flysafe","_raw":{"color":"#DE4329","height":0,"level":2,"lat":24.430851384097444,"lng":98.56801556604886,"radius":12883,"polygon_points":[[[98.6796942476,24.4864401798],[98.624752367,24.5345720659],[98.5714495571,24.4679101122],[98.5402654589,24.4744611338],[98.5221955382,24.4722212572],[98.5053797522,24.4657991299],[98.4726123935,24.4389481405],[98.4575423725,24.4153209818],[98.4543039449,24.3989868198],[98.4619803232,24.3668255484],[98.6013790822,24.4381002168],[98.6796942476,24.4864401798]]],"shape":1}},"geometry":{"type":"Polygon","coordinates":[[[98.67969,24.48644],[98.62475,24.53457],[98.57145,24.46791],[98.54027,24.47446],[98.5222,24.47222],[98.50538,24.4658],[98.47261,24.43895],[98.45754,24.41532],[98.4543,24.39899],[98.46198,24.36683],[98.60138,24.4381],[98.67969,24.48644]]]}},{"type":"Feature","properties":{"id":"33216_0","area_id":33216,"name":"金城江","level":2,"level_name":"Restricted Zones","type":"restricted","zone_type_id":10,"zone_type":"Airport","country":"CN","city":"河池","color":"#DE4329","height":0,"radius":13096,"shape":1,"begin_at":0,"end_at":0,"url":"","address":"","description":"","source":"dji-flysafe","_raw":{"color":"#DE4329","height":0,"level":2,"lat":24.83947310689462,"lng":107.68056011321906,"radius":13096,"polygon_points":[[[107.676969707,24.872887221],[107.621936282,24.9445684219],[107.566960144,24.8964829699],[107.64195465,24.8448585903],[107.634192354,24.8297978309],[107.631000564,24.8134543507],[107.632577978,24.7969179889],[107.649285947,24.7677096999],[107.691133234,24.7377231182],[107.726996806,24.7330087873],[107.744709149,24.7370954801],[107.676969707,24.872887221]]],"shape":1}},"geometry":{"type":"Polygon","coordinates":[[[107.67697,24.87289],[107.62194,24.94457],[107.56696,24.89648],[107.64195,24.84486],[107.63419,24.8298],[107.631,24.81345],[107.63258,24.79692],[107.64929,24.76771],[107.69113,24.73772],[107.727,24.73301],[107.74471,24.7371],[107.67697,24.87289]]]}},{"type":"Feature","properties":{"id":"33216_1","area_id":33216,"name":"金城江","level":2,"level_name":"Restricted Zones","type":"restricted","zone_type_id":10,"zone_type":"Airport","country":"CN","city":"河池","color":"#DE4329","height":0,"radius":13094,"shape":1,"begin_at":0,"end_at":0,"url":"","address":"","description":"","source":"dji-flysafe","_raw":{"color":"#DE4329","height":0,"level":2,"lat":24.769170310046132,"lng":107.73841085754938,"radius":13094,"polygon_points":[[[107.799749444,24.6654283764],[107.851369817,24.7135251335],[107.781371597,24.7685180795],[107.789174767,24.7971679112],[107.786937105,24.8136413967],[107.780077237,24.8290276392],[107.757398604,24.857273057],[107.730593778,24.8740432349],[107.712814546,24.8779592234],[107.676969707,24.872887221],[107.744709149,24.7370954801],[107.799749444,24.6654283764]]],"shape":1}},"geometry":{"type":"Polygon","coordinates":[[[107.79975,24.66543],[107.85137,24.71353],[107.78137,24.76852],[107.78917,24.79717],[107.78694,24.81364],[107.78008,24.82903],[107.7574,24.85727],[107.73059,24.87404],[107.71281,24.87796],[107.67697,24.87289],[107.74471,24.7371],[107.79975,24.66543]]]}},{"type":"Feature","properties":{"id":"6793_0","area_id":6793,"name":"梅县长岗岌机场","level":2,"level_name":"Restricted Zones","type":"restricted","zone_type_id":10,"zone_type":"Airport","country":"CN","city":"Meixian","color":"#DE4329","height":0,"radius":13101,"shape":1,"begin_at":0,"end_at":0,"url":"","address":"","description":"","source":"dji-flysafe","_raw":{"color":"#DE4329","height":0,"level":2,"lat":24.2945749954315,"lng":116.13139007948679,"radius":13101,"polygon_points":[[[116.241374682,24.3565367582],[116.186363306,24.401228367],[116.134728011,24.3295677504],[116.102375197,24.3350117858],[116.084474338,24.3319350921],[116.068059021,24.3247398985],[116.035923971,24.2972587563],[116.021532116,24.2735442385],[116.018639536,24.2571568154],[116.02697836,24.2251346792],[116.169719952,24.3015002141],[116.241374682,24.3565367582]]],"shape":1}},"geometry":{"type":"Polygon","coordinates":[[[116.24137,24.35654],[116.18636,24.40123],[116.13473,24.32957],[116.10238,24.33501],[116.08447,24.33194],[116.06806,24.32474],[116.03592,24.29726],[116.02153,24.27354],[116.01864,24.25716],[116.02698,24.22513],[116.16972,24.3015],[116.24137,24.35654]]]}},{"type":"Feature","properties":{"id":"6793_1","area_id":6793,"name":"梅县长岗岌机场","level":2,"level_name":"Restricted Zones","type":"restricted","zone_type_id":10,"zone_type":"Airport","country":"CN","city":"Meixian","color":"#DE4329","height":0,"radius":13083,"shape":1,"begin_at":0,"end_at":0,"url":"","address":"","description":"","source":"dji-flysafe","_raw":{"color":"#DE4329","height":0,"level":2,"lat":24.23269947383103,"lng":116.06501702932799,"radius":13083,"polygon_points":[[[116.02697836,24.2251346792],[115.956957827,24.1684350066],[116.011987496,24.125442137],[116.063664786,24.1971111205],[116.095396534,24.1911061108],[116.113358237,24.1937630724],[116.144058636,24.2110582615],[116.173128516,24.2529359333],[116.176708606,24.2692100987],[116.175546619,24.2857745058],[116.169719952,24.3015002141],[116.02697836,24.2251346792]]],"shape":1}},"geometry":{"type":"Polygon","coordinates":[[[116.02698,24.22513],[115.95696,24.16844],[116.01199,24.12544],[116.06366,24.19711],[116.0954,24.19111],[116.11336,24.19376],[116.14406,24.21106],[116.17313,24.25294],[116.17671,24.26921],[116.17555,24.28577],[116.16972,24.3015],[116.02698,24.22513]]]}},{"type":"Feature","properties":{"id":"7802_0","area_id":7802,"name":"Xiamen Gaoqi International Airport","level":2,"level_name":"Restricted Zones","type":"restricted","zone_type_id":10,"zone_type":"Airport","country":"CN","city":"Xiamen","color":"#DE4329","height":0,"radius":13524,"shape":1,"begin_at":0,"end_at":0,"url":"","address":"","description":"","source":"dji-flysafe","_raw":{"color":"#DE4329","height":0,"level":2,"lat":24.512998946184787,"lng":118.09216531219451,"radius":13524,"polygon_points":[[[118.048683746,24.5119919335],[117.967002715,24.4703441621],[118.010014587,24.4170743531],[118.075062887,24.4820755846],[118.105368578,24.4708894179],[118.123601879,24.4705854994],[118.157261826,24.48261593],[118.185619277,24.5042991075],[118.205073709,24.5276411786],[118.210646399,24.5601609394],[118.206342614,24.5762910658],[118.048683746,24.5119919335]]],"shape":1}},"geometry":{"type":"Polygon","coordinates":[[[118.04868,24.51199],[117.967,24.47034],[118.01001,24.41707],[118.07506,24.48208],[118.10537,24.47089],[118.1236,24.47059],[118.15726,24.48262],[118.18562,24.5043],[118.20507,24.52764],[118.21065,24.56016],[118.20634,24.57629],[118.04868,24.51199]]]}},{"type":"Feature","properties":{"id":"7802_1","area_id":7802,"name":"Xiamen Gaoqi International Airport","level":2,"level_name":"Restricted Zones","type":"restricted","zone_type_id":10,"zone_type":"Airport","country":"CN","city":"Xiamen","color":"#DE4329","height":0,"radius":13615,"shape":1,"begin_at":0,"end_at":0,"url":"","address":"","description":"","source":"dji-flysafe","_raw":{"color":"#DE4329","height":0,"level":2,"lat":24.567701994742837,"lng":118.16855334370446,"radius":13615,"polygon_points":[[[118.291334461,24.6179965233],[118.243259495,24.6695905943],[118.178252243,24.6095902232],[118.147337586,24.6195555183],[118.129086293,24.6191067027],[118.09603002,24.6056884414],[118.069387937,24.5840397293],[118.049896296,24.5606430066],[118.044775227,24.5447117671],[118.048683746,24.5119919335],[118.206342614,24.5762910658],[118.291334461,24.6179965233]]],"shape":1}},"geometry":{"type":"Polygon","coordinates":[[[118.29133,24.618],[118.24326,24.66959],[118.17825,24.60959],[118.14734,24.61956],[118.12909,24.61911],[118.09603,24.60569],[118.06939,24.58404],[118.0499,24.56064],[118.04478,24.54471],[118.04868,24.51199],[118.20634,24.57629],[118.29133,24.618]]]}},{"type":"Feature","properties":{"id":"5002_3","area_id":5002,"name":"Kinmen Airport","level":2,"level_name":"Restricted Zones","type":"restricted","zone_type_id":10,"zone_type":"Airport","country":"TW","city":"Shang-I","color":"#979797","height":60,"radius":17356,"shape":1,"begin_at":0,"end_at":0,"url":"","address":"","description":"","source":"dji-flysafe","_raw":{"color":"#979797","height":60,"level":2,"lat":24.42888482351073,"lng":118.36100919452376,"radius":17356,"polygon_points":[[[118.47791,24.54311],[118.5309,24.44622],[118.24432,24.31457],[118.19117,24.41136],[118.47791,24.54311]]],"shape":1}},"geometry":{"type":"Polygon","coordinates":[[[118.47791,24.54311],[118.5309,24.44622],[118.24432,24.31457],[118.19117,24.41136],[118.47791,24.54311]]]}},{"type":"Feature","properties":{"id":"32557_0","area_id":32557,"name":"Jinjiang Airport","level":2,"level_name":"Restricted Zones","type":"restricted","zone_type_id":10,"zone_type":"Airport","country":"CN","city":"Jinjiang Shi","color":"#DE4329","height":0,"radius":13218,"shape":1,"begin_at":0,"end_at":0,"url":"","address":"","description":"","source":"dji-flysafe","_raw":{"color":"#DE4329","height":0,"level":2,"lat":24.757159133997796,"lng":118.56480379571897,"radius":13218,"polygon_points":[[[118.530305056,24.7431909176],[118.468620055,24.6765531983],[118.535585032,24.6421920844],[118.56718942,24.7221672562],[118.600133705,24.7230347108],[118.616983619,24.7294578533],[118.642492909,24.7528349183],[118.667143206,24.8052494692],[118.666481964,24.8218368533],[118.661112373,24.8377035871],[118.530305056,24.7431909176]]],"shape":1}},"geometry":{"type":"Polygon","coordinates":[[[118.53031,24.74319],[118.46862,24.67655],[118.53559,24.64219],[118.56719,24.72217],[118.60013,24.72303],[118.61698,24.72946],[118.64249,24.75283],[118.66714,24.80525],[118.66648,24.82184],[118.66111,24.8377],[118.53031,24.74319]]]}},{"type":"Feature","properties":{"id":"32557_1","area_id":32557,"name":"Jinjiang Airport","level":2,"level_name":"Restricted Zones","type":"restricted","zone_type_id":10,"zone_type":"Airport","country":"CN","city":"Jinjiang Shi","color":"#DE4329","height":0,"radius":13290,"shape":1,"begin_at":0,"end_at":0,"url":"","address":"","description":"","source":"dji-flysafe","_raw":{"color":"#DE4329","height":0,"level":2,"lat":24.837614005930018,"lng":118.61102763482107,"radius":13290,"polygon_points":[[[118.708045257,24.9184818891],[118.646117502,24.9528230824],[118.611119693,24.8694904589],[118.578025813,24.8700681391],[118.560842141,24.8643726723],[118.534132931,24.8421046008],[118.514722208,24.8051787269],[118.511660858,24.7888147973],[118.513369136,24.7722891807],[118.530305056,24.7431909176],[118.661112373,24.8377035871],[118.651398821,24.8517679063],[118.708045257,24.9184818891]]],"shape":1}},"geometry":{"type":"Polygon","coordinates":[[[118.70805,24.91848],[118.64612,24.95282],[118.61112,24.86949],[118.57803,24.87007],[118.56084,24.86437],[118.53413,24.8421],[118.51472,24.80518],[118.51166,24.78881],[118.51337,24.77229],[118.53031,24.74319],[118.66111,24.8377],[118.6514,24.85177],[118.70805,24.91848]]]}},{"type":"Feature","properties":{"id":"40045048","area_id":40045048,"name":"RCR11","level":3,"level_name":"Enhanced Warning Zones","type":"warning","zone_type_id":1,"zone_type":"Special Zone","country":"TW","city":"","color":"#EE8815","height":0,"radius":70188,"shape":1,"begin_at":0,"end_at":0,"url":"","address":"","description":"","source":"dji-flysafe","_raw":{"color":"#EE8815","height":0,"level":3,"lat":24.484518430778135,"lng":119.73182284951831,"radius":70188,"polygon_points":[[[119.833333,24.8],[119.133333,24.166667],[119.45,23.916667],[120.333333,24.8],[119.833333,24.8]]],"shape":1}},"geometry":{"type":"Polygon","coordinates":[[[119.83333,24.8],[119.13333,24.16667],[119.45,23.91667],[120.33333,24.8],[119.83333,24.8]]]}},{"type":"Feature","properties":{"id":"40045033","area_id":40045033,"name":"RCR50","level":3,"level_name":"Enhanced Warning Zones","type":"warning","zone_type_id":1,"zone_type":"Special Zone","country":"TW","city":"","color":"#EE8815","height":0,"radius":9260,"shape":0,"begin_at":0,"end_at":0,"url":"","address":"","description":"","source":"dji-flysafe","_raw":{"color":"#EE8815","height":0,"level":3,"lat":24.498056,"lng":121.071389,"radius":9260,"polygon_points":null,"shape":0}},"geometry":{"type":"Polygon","coordinates":[[[121.07139,24.58133],[121.08037,24.58093],[121.08925,24.57973],[121.09797,24.57775],[121.10643,24.57499],[121.11455,24.57149],[121.12226,24.56729],[121.12948,24.56242],[121.13613,24.55693],[121.14216,24.55087],[121.14751,24.5443],[121.15212,24.53729],[121.15596,24.5299],[121.15898,24.5222],[121.16116,24.51428],[121.16247,24.50619],[121.1629,24.49803],[121.16246,24.48987],[121.16114,24.48178],[121.15895,24.47386],[121.15592,24.46616],[121.15207,24.45878],[121.14745,24.45177],[121.1421,24.44521],[121.13607,24.43916],[121.12942,24.43367],[121.1222,24.42881],[121.1145,24.42461],[121.10639,24.42111],[121.09794,24.41836],[121.08923,24.41638],[121.08035,24.41518],[121.07139,24.41478],[121.06243,24.41518],[121.05355,24.41638],[121.04484,24.41836],[121.03639,24.42111],[121.02827,24.42461],[121.02057,24.42881],[121.01336,24.43367],[121.00671,24.43916],[121.00068,24.44521],[120.99532,24.45177],[120.9907,24.45878],[120.98686,24.46616],[120.98383,24.47386],[120.98164,24.48178],[120.98032,24.48987],[120.97987,24.49803],[120.98031,24.50619],[120.98162,24.51428],[120.9838,24.5222],[120.98682,24.5299],[120.99065,24.53729],[120.99527,24.5443],[121.00062,24.55087],[121.00665,24.55693],[121.0133,24.56242],[121.02052,24.56729],[121.02822,24.57149],[121.03635,24.57499],[121.04481,24.57775],[121.05352,24.57973],[121.06241,24.58093],[121.07139,24.58133]]]}},{"type":"Feature","properties":{"id":"7697_3","area_id":7697,"name":"Taichung Airport","level":2,"level_name":"Restricted Zones","type":"restricted","zone_type_id":10,"zone_type":"Airport","country":"TW","city":"Taichung City","color":"#979797","height":60,"radius":17930,"shape":1,"begin_at":0,"end_at":0,"url":"","address":"","description":"","source":"dji-flysafe","_raw":{"color":"#979797","height":60,"level":2,"lat":24.2650578275375,"lng":120.62071034579755,"radius":17930,"polygon_points":[[[120.55159,24.41343],[120.6697,24.42001],[120.68967,24.11665],[120.57184,24.11009],[120.55159,24.41343]]],"shape":1}},"geometry":{"type":"Polygon","coordinates":[[[120.55159,24.41343],[120.6697,24.42001],[120.68967,24.11665],[120.57184,24.11009],[120.55159,24.41343]]]}},{"type":"Feature","properties":{"id":"40045041","area_id":40045041,"name":"RCR30(大福）","level":3,"level_name":"Enhanced Warning Zones","type":"warning","zone_type_id":1,"zone_type":"Special Zone","country":"TW","city":"","color":"#EE8815","height":0,"radius":10176,"shape":1,"begin_at":0,"end_at":0,"url":"","address":"","description":"","source":"dji-flysafe","_raw":{"color":"#EE8815","height":0,"level":3,"lat":24.750005760328317,"lng":121.87502793790742,"radius":10176,"polygon_points":[[[121.816667,24.8],[121.816667,24.733333],[121.833333,24.7],[121.916667,24.666667],[121.916667,24.833333],[121.833333,24.833333],[121.816667,24.8]]],"shape":1}},"geometry":{"type":"Polygon","coordinates":[[[121.81667,24.8],[121.81667,24.73333],[121.83333,24.7],[121.91667,24.66667],[121.91667,24.83333],[121.83333,24.83333],[121.81667,24.8]]]}},{"type":"Feature","properties":{"id":"15498_0","area_id":15498,"name":"Tengchong Tuofeng Airport","level":2,"level_name":"Restricted Zones","type":"restricted","zone_type_id":10,"zone_type":"Airport","country":"CN","city":"Tengchong","color":"#DE4329","height":0,"radius":13480,"shape":1,"begin_at":0,"end_at":0,"url":"","address":"","description":"","source":"dji-flysafe","_raw":{"color":"#DE4329","height":0,"level":2,"lat":24.899506774489158,"lng":98.48581269408656,"radius":13480,"polygon_points":[[[98.4505619665,24.7825722293],[98.5211153385,24.7825851276],[98.5077851222,24.8675880234],[98.5343828387,24.8810973614],[98.5463158195,24.8936800593],[98.5576560112,24.924944165],[98.5576586086,24.956667127],[98.5493488171,24.9882808525],[98.5386586558,25.0017577001],[98.507784778,25.0190901708],[98.4605190589,24.8676376631],[98.4505619665,24.7825722293]]],"shape":1}},"geometry":{"type":"Polygon","coordinates":[[[98.45056,24.78257],[98.52112,24.78259],[98.50779,24.86759],[98.53438,24.8811],[98.54632,24.89368],[98.55766,24.92494],[98.55766,24.95667],[98.54935,24.98828],[98.53866,25.00176],[98.50778,25.01909],[98.46052,24.86764],[98.45056,24.78257]]]}},{"type":"Feature","properties":{"id":"15498_1","area_id":15498,"name":"Tengchong Tuofeng Airport","level":2,"level_name":"Restricted Zones","type":"restricted","zone_type_id":10,"zone_type":"Airport","country":"CN","city":"Tengchong","color":"#DE4329","height":0,"radius":13415,"shape":1,"begin_at":0,"end_at":0,"url":"","address":"","description":"","source":"dji-flysafe","_raw":{"color":"#DE4329","height":0,"level":2,"lat":24.98608205950707,"lng":98.48582802828882,"radius":13415,"polygon_points":[[[98.507784778,25.0190901708],[98.5211169468,25.1024164438],[98.4505524471,25.102419764],[98.460526986,25.0173868179],[98.4350849641,25.0020060968],[98.4242698095,24.9886114049],[98.4176500904,24.9731357367],[98.4156753077,24.9283573967],[98.4216732617,24.9011985904],[98.4312078867,24.8870316961],[98.4605190589,24.8676376631],[98.507784778,25.0190901708]]],"shape":1}},"geometry":{"type":"Polygon","coordinates":[[[98.50778,25.01909],[98.52112,25.10242],[98.45055,25.10242],[98.46053,25.01739],[98.43508,25.00201],[98.42427,24.98861],[98.41765,24.97314],[98.41568,24.92836],[98.42167,24.9012],[98.43121,24.88703],[98.46052,24.86764],[98.50778,25.01909]]]}},{"type":"Feature","properties":{"id":"3472_0","area_id":3472,"name":"Baoshan Yunduan Airport","level":2,"level_name":"Restricted Zones","type":"restricted","zone_type_id":10,"zone_type":"Airport","country":"CN","city":"Baoshan Shi","color":"#DE4329","height":0,"radius":12630,"shape":1,"begin_at":0,"end_at":0,"url":"","address":"","description":"","source":"dji-flysafe","_raw":{"color":"#DE4329","height":0,"level":2,"lat":25.101799409673188,"lng":99.17142653822991,"radius":12630,"polygon_points":[[[99.2046195007,25.1171705093],[99.2396186447,25.197148959],[99.1674394954,25.2142983458],[99.1607219684,25.125923932],[99.1289085341,25.1155751612],[99.1151161438,25.1046422625],[99.10492107,25.0908487029],[99.0990173684,25.0751352801],[99.091990752,25.0376830277],[99.0953952872,25.021373967],[99.1033406935,25.0064187301],[99.2046195007,25.1171705093]]],"shape":1}},"geometry":{"type":"Polygon","coordinates":[[[99.20462,25.11717],[99.23962,25.19715],[99.16744,25.2143],[99.16072,25.12592],[99.12891,25.11558],[99.11512,25.10464],[99.10492,25.09085],[99.09902,25.07514],[99.09199,25.03768],[99.0954,25.02137],[99.10334,25.00642],[99.20462,25.11717]]]}},{"type":"Feature","properties":{"id":"3472_1","area_id":3472,"name":"Baoshan Yunduan Airport","level":2,"level_name":"Restricted Zones","type":"restricted","zone_type_id":10,"zone_type":"Airport","country":"CN","city":"Baoshan Shi","color":"#DE4329","height":0,"radius":13064,"shape":1,"begin_at":0,"end_at":0,"url":"","address":"","description":"","source":"dji-flysafe","_raw":{"color":"#DE4329","height":0,"level":2,"lat":25.007991354706803,"lng":99.15671100557634,"radius":13064,"polygon_points":[[[99.0954000671,24.9044848048],[99.1642238475,24.8907009143],[99.1742554722,24.9757251398],[99.2060133981,24.986034818],[99.2198115765,24.9969478811],[99.2359589365,25.0264284515],[99.2366281787,25.0780818995],[99.2189779241,25.1068521421],[99.2046195007,25.1171705093],[99.1033406935,25.0064187301],[99.1304119945,24.9844819157],[99.0954000671,24.9044848048]]],"shape":1}},"geometry":{"type":"Polygon","coordinates":[[[99.0954,24.90448],[99.16422,24.8907],[99.17426,24.97573],[99.20601,24.98603],[99.21981,24.99695],[99.23596,25.02643],[99.23663,25.07808],[99.21898,25.10685],[99.20462,25.11717],[99.10334,25.00642],[99.13041,24.98448],[99.0954,24.90448]]]}},{"type":"Feature","properties":{"id":"10914_0","area_id":10914,"name":"Kunming Changshui International Airport","level":2,"level_name":"Restricted Zones","type":"restricted","zone_type_id":10,"zone_type":"Airport","country":"CN","city":"Kunming","color":"#DE4329","height":0,"radius":13936,"shape":1,"begin_at":0,"end_at":0,"url":"","address":"","description":"","source":"dji-flysafe","_raw":{"color":"#DE4329","height":0,"level":2,"lat":25.07206747920267,"lng":102.90940724419688,"radius":13936,"polygon_points":[[[103.016406196,25.1515830149],[102.80674191776245,25.000298772162083],[102.800278319,24.9950428411],[102.858707678,24.9554542228],[102.908735102,25.0271280616],[102.942064161,25.0250649257],[102.959548735,25.0300152386],[102.975025599,25.0388955967],[103.012441033,25.0761037728],[103.026875159,25.1038514],[103.028080814,25.1204136989],[103.016406196,25.1515830149]]],"shape":1}},"geometry":{"type":"Polygon","coordinates":[[[103.01641,25.15158],[102.80674,25.0003],[102.80028,24.99504],[102.85871,24.95545],[102.90874,25.02713],[102.94206,25.02506],[102.95955,25.03002],[102.97503,25.0389],[103.01244,25.0761],[103.02688,25.10385],[103.02808,25.12041],[103.01641,25.15158]]]}},{"type":"Feature","properties":{"id":"10914_1","area_id":10914,"name":"Kunming Changshui International Airport","level":2,"level_name":"Restricted Zones","type":"restricted","zone_type_id":10,"zone_type":"Airport","country":"CN","city":"Kunming","color":"#DE4329","height":0,"radius":18650,"shape":1,"begin_at":0,"end_at":0,"url":"","address":"","description":"","source":"dji-flysafe","_raw":{"color":"#DE4329","height":0,"level":2,"lat":25.112602291316733,"lng":102.93821347524121,"radius":18650,"polygon_points":[[[103.05885872302204,25.230930233081917],[103.011255997,25.2645363617],[102.966289217,25.1928785051],[102.930594239,25.1968204157],[102.912907769,25.1924185303],[102.884205168,25.1722059539],[102.865885992,25.1472228847],[102.850506547,25.1175438633],[102.849646273,25.1009639135],[102.861960619,25.0699986746],[102.790279545,25.0117377895],[102.80674191776245,25.000298772162083],[103.016406196,25.1515830149],[103.086391553,25.213319772],[103.05885872302204,25.230930233081917]]],"shape":1}},"geometry":{"type":"Polygon","coordinates":[[[103.05886,25.23093],[103.01126,25.26454],[102.96629,25.19288],[102.93059,25.19682],[102.91291,25.19242],[102.88421,25.17221],[102.86589,25.14722],[102.85051,25.11754],[102.84965,25.10096],[102.86196,25.07],[102.79028,25.01174],[102.80674,25.0003],[103.01641,25.15158],[103.08639,25.21332],[103.05886,25.23093]]]}},{"type":"Feature","properties":{"id":"857_0","area_id":857,"name":"Xingyi Airport","level":2,"level_name":"Restricted Zones","type":"restricted","zone_type_id":10,"zone_type":"Airport","country":"CN","city":"Xingyi","color":"#DE4329","height":0,"radius":13261,"shape":1,"begin_at":0,"end_at":0,"url":"","address":"","description":"","source":"dji-flysafe","_raw":{"color":"#DE4329","height":0,"level":2,"lat":25.124138441043744,"lng":104.94139583657912,"radius":13261,"polygon_points":[[[104.950740221,25.1593975505],[104.927413224,25.2427293128],[104.858645366,25.2169552139],[104.905310585,25.1436130355],[104.885821719,25.1182668907],[104.881610244,25.1021126638],[104.88215984,25.0855218888],[104.887431169,25.069625147],[104.91779152,25.0254414894],[104.932433755,25.0154686543],[104.967604633,25.0072611739],[104.950740221,25.1593975505]]],"shape":1}},"geometry":{"type":"Polygon","coordinates":[[[104.95074,25.1594],[104.92741,25.24273],[104.85865,25.21696],[104.90531,25.14361],[104.88582,25.11827],[104.88161,25.10211],[104.88216,25.08552],[104.88743,25.06963],[104.91779,25.02544],[104.93243,25.01547],[104.9676,25.00726],[104.95074,25.1594]]]}},{"type":"Feature","properties":{"id":"857_1","area_id":857,"name":"Xingyi Airport","level":2,"level_name":"Restricted Zones","type":"restricted","zone_type_id":10,"zone_type":"Airport","country":"CN","city":"Xingyi","color":"#DE4329","height":0,"radius":13261,"shape":1,"begin_at":0,"end_at":0,"url":"","address":"","description":"","source":"dji-flysafe","_raw":{"color":"#DE4329","height":0,"level":2,"lat":25.042539871118947,"lng":104.97706596259715,"radius":13261,"polygon_points":[[[104.990920431,24.9239382854],[105.05968533,24.9497126656],[105.013009065,25.0230083908],[105.031717094,25.0483658796],[105.035647731,25.064577689],[105.034812713,25.0811586872],[105.020915806,25.1203481746],[105.001819903,25.1442210966],[104.986473025,25.1533046465],[104.950740221,25.1593975505],[104.967604633,25.0072611739],[104.990920431,24.9239382854]]],"shape":1}},"geometry":{"type":"Polygon","coordinates":[[[104.99092,24.92394],[105.05969,24.94971],[105.01301,25.02301],[105.03172,25.04837],[105.03565,25.06458],[105.03481,25.08116],[105.02092,25.12035],[105.00182,25.14422],[104.98647,25.1533],[104.95074,25.1594],[104.9676,25.00726],[104.99092,24.92394]]]}},{"type":"Feature","properties":{"id":"32780_0","area_id":32780,"name":"机场禁飞区","level":2,"level_name":"Restricted Zones","type":"restricted","zone_type_id":10,"zone_type":"Airport","country":"CN","city":"","color":"#DE4329","height":0,"radius":13446,"shape":1,"begin_at":0,"end_at":0,"url":"","address":"","description":"","source":"dji-flysafe","_raw":{"color":"#DE4329","height":0,"level":2,"lat":25.4891685814459,"lng":107.98824740925005,"radius":13446,"polygon_points":[[[108.026221126,25.504090371],[108.08832139,25.569602959],[108.023872844,25.6057500032],[107.986217511,25.5265436985],[107.96714106,25.529261578],[107.931739272,25.5213458465],[107.905475603,25.4985119337],[107.882624554,25.4611935133],[107.879643641,25.4448149621],[107.881458893,25.4282978712],[107.898657683,25.3992821756],[108.026221126,25.504090371]]],"shape":1}},"geometry":{"type":"Polygon","coordinates":[[[108.02622,25.50409],[108.08832,25.5696],[108.02387,25.60575],[107.98622,25.52654],[107.96714,25.52926],[107.93174,25.52135],[107.90548,25.49851],[107.88262,25.46119],[107.87964,25.44481],[107.88146,25.4283],[107.89866,25.39928],[108.02622,25.50409]]]}},{"type":"Feature","properties":{"id":"32780_1","area_id":32780,"name":"机场禁飞区","level":2,"level_name":"Restricted Zones","type":"restricted","zone_type_id":10,"zone_type":"Airport","country":"CN","city":"","color":"#DE4329","height":0,"radius":13446,"shape":1,"begin_at":0,"end_at":0,"url":"","address":"","description":"","source":"dji-flysafe","_raw":{"color":"#DE4329","height":0,"level":2,"lat":25.414192539443473,"lng":107.93664400965606,"radius":13446,"polygon_points":[[[107.836694372,25.333771751],[107.901025246,25.2976296217],[107.93858524,25.3768657041],[107.957588733,25.3741487733],[107.992956847,25.3820294502],[108.0192345,25.4048263677],[108.042149812,25.4421558592],[108.045162367,25.4585296796],[108.043378811,25.4750496257],[108.026221126,25.504090371],[107.898657683,25.3992821756],[107.836694372,25.333771751]]],"shape":1}},"geometry":{"type":"Polygon","coordinates":[[[107.83669,25.33377],[107.90103,25.29763],[107.93859,25.37687],[107.95759,25.37415],[107.99296,25.38203],[108.01923,25.40483],[108.04215,25.44216],[108.04516,25.45853],[108.04338,25.47505],[108.02622,25.50409],[107.89866,25.39928],[107.83669,25.33377]]]}},{"type":"Feature","properties":{"id":"5190_0","area_id":5190,"name":"Guilin Liangjiang International Airport","level":2,"level_name":"Restricted Zones","type":"restricted","zone_type_id":10,"zone_type":"Airport","country":"CN","city":"Guilin City","color":"#DE4329","height":0,"radius":13393,"shape":1,"begin_at":0,"end_at":0,"url":"","address":"","description":"","source":"dji-flysafe","_raw":{"color":"#DE4329","height":0,"level":2,"lat":25.17479687162898,"lng":110.04192423385942,"radius":13393,"polygon_points":[[[110.010496809,25.1476656834],[109.988800687,25.0643636041],[110.06269612,25.0558207862],[110.054404514,25.1441969179],[110.083721392,25.1579977879],[110.095855567,25.1704430697],[110.1040196,25.1853062253],[110.110992049,25.2299414136],[110.107196463,25.2561149383],[110.098876522,25.2709098132],[110.071213534,25.2923004674],[110.010496809,25.1476656834]]],"shape":1}},"geometry":{"type":"Polygon","coordinates":[[[110.0105,25.14767],[109.9888,25.06436],[110.0627,25.05582],[110.0544,25.1442],[110.08372,25.158],[110.09586,25.17044],[110.10402,25.18531],[110.11099,25.22994],[110.1072,25.25611],[110.09888,25.27091],[110.07121,25.2923],[110.0105,25.14767]]]}},{"type":"Feature","properties":{"id":"5190_1","area_id":5190,"name":"Guilin Liangjiang International Airport","level":2,"level_name":"Restricted Zones","type":"restricted","zone_type_id":10,"zone_type":"Airport","country":"CN","city":"Guilin City","color":"#DE4329","height":0,"radius":13371,"shape":1,"begin_at":0,"end_at":0,"url":"","address":"","description":"","source":"dji-flysafe","_raw":{"color":"#DE4329","height":0,"level":2,"lat":25.265228698285576,"lng":110.03846708397083,"radius":13371,"polygon_points":[[[110.091205082,25.3756322085],[110.018975763,25.3841871055],[110.022261695,25.2958040319],[109.992887929,25.2819674918],[109.980760835,25.2695076979],[109.972615371,25.2546336736],[109.965674847,25.2100595004],[109.971595295,25.1812579626],[109.981137794,25.1670833873],[110.010496809,25.1476656834],[110.071213534,25.2923004674],[110.091205082,25.3756322085]]],"shape":1}},"geometry":{"type":"Polygon","coordinates":[[[110.09121,25.37563],[110.01898,25.38419],[110.02226,25.2958],[109.99289,25.28197],[109.98076,25.26951],[109.97262,25.25463],[109.96567,25.21006],[109.9716,25.18126],[109.98114,25.16708],[110.0105,25.14767],[110.07121,25.2923],[110.09121,25.37563]]]}},{"type":"Feature","properties":{"id":"40001746_0","area_id":40001746,"name":"Shaoguan Danxia Airport","level":2,"level_name":"Restricted Zones","type":"restricted","zone_type_id":10,"zone_type":"Airport","country":"CN","city":"","color":"#DE4329","height":0,"radius":13140,"shape":1,"begin_at":0,"end_at":0,"url":"","address":"","description":"","source":"dji-flysafe","_raw":{"color":"#DE4329","height":0,"level":2,"lat":25.01550157917168,"lng":113.39463576245025,"radius":13140,"polygon_points":[[[113.397673571,25.0499928576],[113.360205133,25.1294878899],[113.298045767,25.0949311831],[113.359390089,25.028698843],[113.347613154,25.0140366154],[113.341245294,24.9984739125],[113.339539726,24.9819478193],[113.350247566,24.950499445],[113.374304558,24.9195782762],[113.406452059,24.9043094544],[113.44270856,24.9056561781],[113.397673571,25.0499928576]]],"shape":1}},"geometry":{"type":"Polygon","coordinates":[[[113.39767,25.04999],[113.36021,25.12949],[113.29805,25.09493],[113.35939,25.0287],[113.34761,25.01404],[113.34125,24.99847],[113.33954,24.98195],[113.35025,24.9505],[113.3743,24.91958],[113.40645,24.90431],[113.44271,24.90566],[113.39767,25.04999]]]}},{"type":"Feature","properties":{"id":"40001746_1","area_id":40001746,"name":"Shaoguan Danxia Airport","level":2,"level_name":"Restricted Zones","type":"restricted","zone_type_id":10,"zone_type":"Airport","country":"CN","city":"","color":"#DE4329","height":0,"radius":13140,"shape":1,"begin_at":0,"end_at":0,"url":"","address":"","description":"","source":"dji-flysafe","_raw":{"color":"#DE4329","height":0,"level":2,"lat":24.940113078639623,"lng":113.44567230443775,"radius":13140,"polygon_points":[[[113.480105157,24.8261376528],[113.542150302,24.8606889174],[113.480975053,24.9269558101],[113.492719657,24.9415460168],[113.499120093,24.9570967382],[113.500864144,24.973619501],[113.490225934,25.0050878461],[113.466149649,25.036068774],[113.433972736,25.0513463237],[113.397673571,25.0499928576],[113.44270856,24.9056561781],[113.480105157,24.8261376528]]],"shape":1}},"geometry":{"type":"Polygon","coordinates":[[[113.48011,24.82614],[113.54215,24.86069],[113.48098,24.92696],[113.49272,24.94155],[113.49912,24.9571],[113.50086,24.97362],[113.49023,25.00509],[113.46615,25.03607],[113.43397,25.05135],[113.39767,25.04999],[113.44271,24.90566],[113.48011,24.82614]]]}},{"type":"Feature","properties":{"id":"7564_6","area_id":7564,"name":"Taiwan Taoyuan International Airport","level":2,"level_name":"Restricted Zones","type":"restricted","zone_type_id":10,"zone_type":"Airport","country":"TW","city":"Taipei","color":"#979797","height":60,"radius":17766,"shape":1,"begin_at":0,"end_at":0,"url":"","address":"","description":"","source":"dji-flysafe","_raw":{"color":"#979797","height":60,"level":2,"lat":25.07130987645982,"lng":121.23680189834646,"radius":17766,"polygon_points":[[[121.32308,25.2107],[121.40083,25.12867],[121.15072,24.93187],[121.07293,25.01378],[121.32308,25.2107]]],"shape":1}},"geometry":{"type":"Polygon","coordinates":[[[121.32308,25.2107],[121.40083,25.12867],[121.15072,24.93187],[121.07293,25.01378],[121.32308,25.2107]]]}},{"type":"Feature","properties":{"id":"7564_7","area_id":7564,"name":"Taiwan Taoyuan International Airport","level":2,"level_name":"Restricted Zones","type":"restricted","zone_type_id":10,"zone_type":"Airport","country":"TW","city":"Taipei","color":"#979797","height":60,"radius":17913,"shape":1,"begin_at":0,"end_at":0,"url":"","address":"","description":"","source":"dji-flysafe","_raw":{"color":"#979797","height":60,"level":2,"lat":25.083690574501478,"lng":121.22970484391753,"radius":17913,"polygon_points":[[[121.31717,25.22399],[121.39492,25.14195],[121.14244,24.94334],[121.06465,25.02525],[121.31717,25.22399]]],"shape":1}},"geometry":{"type":"Polygon","coordinates":[[[121.31717,25.22399],[121.39492,25.14195],[121.14244,24.94334],[121.06465,25.02525],[121.31717,25.22399]]]}},{"type":"Feature","properties":{"id":"7608_3","area_id":7608,"name":"Taipei Songshan Airport","level":2,"level_name":"Restricted Zones","type":"restricted","zone_type_id":10,"zone_type":"Airport","country":"TW","city":"Taipei City","color":"#979797","height":60,"radius":17356,"shape":1,"begin_at":0,"end_at":0,"url":"","address":"","description":"","source":"dji-flysafe","_raw":{"color":"#979797","height":60,"level":2,"lat":25.069589844200348,"lng":121.55251776551883,"radius":17356,"polygon_points":[[[121.39328,25.12935],[121.71636,25.11791],[121.7116,25.00966],[121.3888,25.02109],[121.39328,25.12935]]],"shape":1}},"geometry":{"type":"Polygon","coordinates":[[[121.39328,25.12935],[121.71636,25.11791],[121.7116,25.00966],[121.3888,25.02109],[121.39328,25.12935]]]}},{"type":"Feature","properties":{"id":"627_0","area_id":627,"name":"Dali Airport","level":2,"level_name":"Restricted Zones","type":"restricted","zone_type_id":10,"zone_type":"Airport","country":"CN","city":"Xiaguan","color":"#DE4329","height":0,"radius":13755,"shape":1,"begin_at":0,"end_at":0,"url":"","address":"","description":"","source":"dji-flysafe","_raw":{"color":"#DE4329","height":0,"level":2,"lat":25.6064052352542,"lng":100.32820507760657,"radius":13755,"polygon_points":[[[100.311098867,25.5691925807],[100.314519586,25.483314916],[100.391872833,25.4968413642],[100.35951869,25.5776557697],[100.386679622,25.5996306043],[100.394637203,25.6145974635],[100.398029228,25.6309114878],[100.396622728,25.6474612216],[100.384583568,25.693637865],[100.361107485,25.7188528733],[100.326776279,25.7301066258],[100.311098867,25.5691925807]]],"shape":1}},"geometry":{"type":"Polygon","coordinates":[[[100.3111,25.56919],[100.31452,25.48331],[100.39187,25.49684],[100.35952,25.57766],[100.38668,25.59963],[100.39464,25.6146],[100.39803,25.63091],[100.39662,25.64746],[100.38458,25.69364],[100.36111,25.71885],[100.32678,25.73011],[100.3111,25.56919]]]}},{"type":"Feature","properties":{"id":"627_1","area_id":627,"name":"Dali Airport","level":2,"level_name":"Restricted Zones","type":"restricted","zone_type_id":10,"zone_type":"Airport","country":"CN","city":"Xiaguan","color":"#DE4329","height":0,"radius":13755,"shape":1,"begin_at":0,"end_at":0,"url":"","address":"","description":"","source":"dji-flysafe","_raw":{"color":"#DE4329","height":0,"level":2,"lat":25.692893778232154,"lng":100.30960635333986,"radius":13755,"polygon_points":[[[100.32335169,25.8159812848],[100.245823103,25.8024530267],[100.278293123,25.7216431692],[100.263037891,25.7122096186],[100.243147369,25.684605406],[100.239794263,25.6682845901],[100.24124229,25.6517377494],[100.253323089,25.6056242719],[100.276804038,25.5804298101],[100.311098867,25.5691925807],[100.326776279,25.7301066258],[100.32335169,25.8159812848]]],"shape":1}},"geometry":{"type":"Polygon","coordinates":[[[100.32335,25.81598],[100.24582,25.80245],[100.27829,25.72164],[100.26304,25.71221],[100.24315,25.68461],[100.23979,25.66828],[100.24124,25.65174],[100.25332,25.60562],[100.2768,25.58043],[100.3111,25.56919],[100.32678,25.73011],[100.32335,25.81598]]]}},{"type":"Feature","properties":{"id":"40001606_0","area_id":40001606,"name":"郴州北湖机场","level":2,"level_name":"Restricted Zones","type":"restricted","zone_type_id":10,"zone_type":"Airport","country":"CN","city":"","color":"#DE4329","height":0,"radius":13385,"shape":1,"begin_at":0,"end_at":0,"url":"","address":"","description":"","source":"dji-flysafe","_raw":{"color":"#DE4329","height":0,"level":2,"lat":25.768961627264922,"lng":112.89147867499888,"radius":13385,"polygon_points":[[[112.930849872,25.7605943724],[113.024708542,25.7788205123],[112.998898117,25.8406483061],[112.914934004,25.7987332436],[112.901238525,25.8119714424],[112.867797387,25.8252772141],[112.831445413,25.8217402036],[112.788395646,25.8045782198],[112.765626742,25.7788303599],[112.760539824,25.7628767952],[112.760211782,25.7462811859],[112.930849872,25.7605943724]]],"shape":1}},"geometry":{"type":"Polygon","coordinates":[[[112.93085,25.76059],[113.02471,25.77882],[112.9989,25.84065],[112.91493,25.79873],[112.90124,25.81197],[112.8678,25.82528],[112.83145,25.82174],[112.7884,25.80458],[112.76563,25.77883],[112.76054,25.76288],[112.76021,25.74628],[112.93085,25.76059]]]}},{"type":"Feature","properties":{"id":"40001606_1","area_id":40001606,"name":"郴州北湖机场","level":2,"level_name":"Restricted Zones","type":"restricted","zone_type_id":10,"zone_type":"Airport","country":"CN","city":"","color":"#DE4329","height":0,"radius":13384,"shape":1,"begin_at":0,"end_at":0,"url":"","address":"","description":"","source":"dji-flysafe","_raw":{"color":"#DE4329","height":0,"level":2,"lat":25.737824722584566,"lng":112.79961995684275,"radius":13384,"polygon_points":[[[112.666439597,25.7280203048],[112.692255929,25.6661965148],[112.776113266,25.7082097146],[112.789808303,25.6949760707],[112.823216665,25.6816782366],[112.859526833,25.685206565],[112.902562993,25.7023419363],[112.925366137,25.7280546537],[112.930485627,25.7439993757],[112.930849872,25.7605943724],[112.760211782,25.7462811859],[112.666439597,25.7280203048]]],"shape":1}},"geometry":{"type":"Polygon","coordinates":[[[112.66644,25.72802],[112.69226,25.6662],[112.77611,25.70821],[112.78981,25.69498],[112.82322,25.68168],[112.85953,25.68521],[112.90256,25.70234],[112.92537,25.72805],[112.93049,25.744],[112.93085,25.76059],[112.76021,25.74628],[112.66644,25.72802]]]}},{"type":"Feature","properties":{"id":"5043_0","area_id":5043,"name":"Ganzhou Airport","level":2,"level_name":"Restricted Zones","type":"restricted","zone_type_id":10,"zone_type":"Airport","country":"CN","city":"Ganzhou","color":"#DE4329","height":0,"radius":13181,"shape":1,"begin_at":0,"end_at":0,"url":"","address":"","description":"","source":"dji-flysafe","_raw":{"color":"#DE4329","height":0,"level":2,"lat":25.874197729013886,"lng":114.82343162777454,"radius":13181,"polygon_points":[[[114.95292229,25.8961104777],[114.918559373,25.9562425381],[114.838520495,25.9045810766],[114.810165801,25.9207495121],[114.792057594,25.9239523643],[114.773644728,25.9228285748],[114.732876321,25.907466535],[114.708788687,25.8880867441],[114.70027889,25.8733598112],[114.696296947,25.8571529192],[114.697112434,25.8405709127],[114.859566042,25.8660294799],[114.95292229,25.8961104777]]],"shape":1}},"geometry":{"type":"Polygon","coordinates":[[[114.95292,25.89611],[114.91856,25.95624],[114.83852,25.90458],[114.81017,25.92075],[114.79206,25.92395],[114.77364,25.92283],[114.73288,25.90747],[114.70879,25.88809],[114.70028,25.87336],[114.6963,25.85715],[114.69711,25.84057],[114.85957,25.86603],[114.95292,25.89611]]]}},{"type":"Feature","properties":{"id":"5043_1","area_id":5043,"name":"Ganzhou Airport","level":2,"level_name":"Restricted Zones","type":"restricted","zone_type_id":10,"zone_type":"Airport","country":"CN","city":"Ganzhou","color":"#DE4329","height":0,"radius":13026,"shape":1,"begin_at":0,"end_at":0,"url":"","address":"","description":"","source":"dji-flysafe","_raw":{"color":"#DE4329","height":0,"level":2,"lat":25.831770558041942,"lng":114.73508709255078,"radius":13026,"polygon_points":[[[114.697112434,25.8405709127],[114.607094013,25.8105834823],[114.641468503,25.7504203317],[114.716468828,25.8004202791],[114.746691062,25.784111826],[114.764897437,25.7815154761],[114.800441105,25.7891925691],[114.845253594,25.8191016626],[114.859452696,25.8494315542],[114.859566042,25.8660294799],[114.697112434,25.8405709127]]],"shape":1}},"geometry":{"type":"Polygon","coordinates":[[[114.69711,25.84057],[114.60709,25.81058],[114.64147,25.75042],[114.71647,25.80042],[114.74669,25.78411],[114.7649,25.78152],[114.80044,25.78919],[114.84525,25.8191],[114.85945,25.84943],[114.85957,25.86603],[114.69711,25.84057]]]}},{"type":"Feature","properties":{"id":"3721_0","area_id":3721,"name":"Longyan Guanzhishan Airport","level":2,"level_name":"Restricted Zones","type":"restricted","zone_type_id":10,"zone_type":"Airport","country":"CN","city":"Longyan","color":"#DE4329","height":0,"radius":13402,"shape":1,"begin_at":0,"end_at":0,"url":"","address":"","description":"","source":"dji-flysafe","_raw":{"color":"#DE4329","height":0,"level":2,"lat":25.715471560870927,"lng":116.76583771079562,"radius":13402,"polygon_points":[[[116.801765254,25.7343739375],[116.853052804,25.8068980516],[116.781086953,25.8352207836],[116.756796734,25.7520865966],[116.738172138,25.7521499365],[116.704383428,25.7396210361],[116.682086175,25.7135491838],[116.665881884,25.6752496902],[116.66528226,25.6586602524],[116.669465959,25.6424961535],[116.690730152,25.615744275],[116.801765254,25.7343739375]]],"shape":1}},"geometry":{"type":"Polygon","coordinates":[[[116.80177,25.73437],[116.85305,25.8069],[116.78109,25.83522],[116.7568,25.75209],[116.73817,25.75215],[116.70438,25.73962],[116.68209,25.71355],[116.66588,25.67525],[116.66528,25.65866],[116.66947,25.6425],[116.69073,25.61574],[116.80177,25.73437]]]}},{"type":"Feature","properties":{"id":"3721_1","area_id":3721,"name":"Longyan Guanzhishan Airport","level":2,"level_name":"Restricted Zones","type":"restricted","zone_type_id":10,"zone_type":"Airport","country":"CN","city":"Longyan","color":"#DE4329","height":0,"radius":13402,"shape":1,"begin_at":0,"end_at":0,"url":"","address":"","description":"","source":"dji-flysafe","_raw":{"color":"#DE4329","height":0,"level":2,"lat":25.634648505231063,"lng":116.72665343503027,"radius":13402,"polygon_points":[[[116.639565818,25.5432279632],[116.711387846,25.5149090745],[116.735615623,25.598060405],[116.754156032,25.5979881486],[116.787923627,25.6104753027],[116.810253482,25.6365110478],[116.826526305,25.6748348352],[116.827157287,25.6914233308],[116.823001873,25.7075937137],[116.801765254,25.7343739375],[116.690730152,25.615744275],[116.639565818,25.5432279632]]],"shape":1}},"geometry":{"type":"Polygon","coordinates":[[[116.63957,25.54323],[116.71139,25.51491],[116.73562,25.59806],[116.75416,25.59799],[116.78792,25.61048],[116.81025,25.63651],[116.82653,25.67483],[116.82716,25.69142],[116.823,25.70759],[116.80177,25.73437],[116.69073,25.61574],[116.63957,25.54323]]]}},{"type":"Feature","properties":{"id":"40045049","area_id":40045049,"name":"RCR9","level":3,"level_name":"Enhanced Warning Zones","type":"warning","zone_type_id":1,"zone_type":"Special Zone","country":"TW","city":"","color":"#EE8815","height":0,"radius":88092,"shape":1,"begin_at":0,"end_at":0,"url":"","address":"","description":"","source":"dji-flysafe","_raw":{"color":"#EE8815","height":0,"level":3,"lat":25.335026869838178,"lng":120.62226856766532,"radius":88092,"polygon_points":[[[120.8,25.8],[121.333333,25.8],[120.383333,24.866667],[119.916667,24.866667],[120.8,25.8]]],"shape":1}},"geometry":{"type":"Polygon","coordinates":[[[120.8,25.8],[121.33333,25.8],[120.38333,24.86667],[119.91667,24.86667],[120.8,25.8]]]}},{"type":"Feature","properties":{"id":"393_0","area_id":393,"name":"Fuzhou Changle International Airport","level":2,"level_name":"Restricted Zones","type":"restricted","zone_type_id":10,"zone_type":"Airport","country":"CN","city":"Fuzhou","color":"#DE4329","height":0,"radius":13614,"shape":1,"begin_at":0,"end_at":0,"url":"","address":"","description":"","source":"dji-flysafe","_raw":{"color":"#DE4329","height":0,"level":2,"lat":25.97644531226534,"lng":119.68391759355023,"radius":13614,"polygon_points":[[[119.779721484,26.0635072027],[119.712701317,26.096123855],[119.682707568,26.0127931395],[119.649226776,26.0096968126],[119.632793092,26.0021234443],[119.619102845,25.9909840223],[119.590789973,25.9520995402],[119.582943345,25.9207969762],[119.585961542,25.9044222498],[119.60529877,25.8764830683],[119.724734586,25.9935179562],[119.779721484,26.0635072027]]],"shape":1}},"geometry":{"type":"Polygon","coordinates":[[[119.77972,26.06351],[119.7127,26.09612],[119.68271,26.01279],[119.64923,26.0097],[119.63279,26.00212],[119.6191,25.99098],[119.59079,25.9521],[119.58294,25.9208],[119.58596,25.90442],[119.6053,25.87648],[119.72473,25.99352],[119.77972,26.06351]]]}},{"type":"Feature","properties":{"id":"393_1","area_id":393,"name":"Fuzhou Changle International Airport","level":2,"level_name":"Restricted Zones","type":"restricted","zone_type_id":10,"zone_type":"Airport","country":"CN","city":"Fuzhou","color":"#DE4329","height":0,"radius":13631,"shape":1,"begin_at":0,"end_at":0,"url":"","address":"","description":"","source":"dji-flysafe","_raw":{"color":"#DE4329","height":0,"level":2,"lat":25.89276805645978,"lng":119.647057478653,"radius":13631,"polygon_points":[[[119.60529877,25.8764830683],[119.550282539,25.8064864581],[119.613919332,25.7738568723],[119.643957232,25.8572063904],[119.675454461,25.8589616425],[119.692313647,25.8656960981],[119.717527353,25.8895414324],[119.734229344,25.9212674698],[119.74247806,25.9475431146],[119.735096643,25.9797795705],[119.724734586,25.9935179562],[119.60529877,25.8764830683]]],"shape":1}},"geometry":{"type":"Polygon","coordinates":[[[119.6053,25.87648],[119.55028,25.80649],[119.61392,25.77386],[119.64396,25.85721],[119.67545,25.85896],[119.69231,25.8657],[119.71753,25.88954],[119.73423,25.92127],[119.74248,25.94754],[119.7351,25.97978],[119.72473,25.99352],[119.6053,25.87648]]]}},{"type":"Feature","properties":{"id":"40045043","area_id":40045043,"name":"RCR25","level":3,"level_name":"Enhanced Warning Zones","type":"warning","zone_type_id":1,"zone_type":"Special Zone","country":"TW","city":"","color":"#EE8815","height":0,"radius":12483,"shape":1,"begin_at":0,"end_at":0,"url":"","address":"","description":"","source":"dji-flysafe","_raw":{"color":"#EE8815","height":0,"level":3,"lat":25.398299688271283,"lng":122.10833299999999,"radius":12483,"polygon_points":[[[122.008333,25.465],[122.208333,25.465],[122.208333,25.331667],[122.008333,25.331667],[122.008333,25.465]]],"shape":1}},"geometry":{"type":"Polygon","coordinates":[[[122.00833,25.465],[122.20833,25.465],[122.20833,25.33167],[122.00833,25.33167],[122.00833,25.465]]]}},{"type":"Feature","properties":{"id":"3840_0","area_id":3840,"name":"Lijiang Airport","level":2,"level_name":"Restricted Zones","type":"restricted","zone_type_id":10,"zone_type":"Airport","country":"CN","city":"Lijiang","color":"#DE4329","height":0,"radius":13302,"shape":1,"begin_at":0,"end_at":0,"url":"","address":"","description":"","source":"dji-flysafe","_raw":{"color":"#DE4329","height":0,"level":2,"lat":26.72149292781537,"lng":100.25656424507459,"radius":13302,"polygon_points":[[[100.334685262,26.8186932346],[100.262493032,26.8410114586],[100.245818702,26.7560059268],[100.213139541,26.7481938206],[100.198148802,26.7383813648],[100.186515389,26.7254373123],[100.170705458,26.6852668204],[100.169197173,26.6528201816],[100.175523054,26.6372146424],[100.200352875,26.6129137732],[100.316817185,26.718589981],[100.293022254,26.7437214006],[100.334685262,26.8186932346]]],"shape":1}},"geometry":{"type":"Polygon","coordinates":[[[100.33469,26.81869],[100.26249,26.84101],[100.24582,26.75601],[100.21314,26.74819],[100.19815,26.73838],[100.18652,26.72544],[100.17071,26.68527],[100.1692,26.65282],[100.17552,26.63721],[100.20035,26.61291],[100.31682,26.71859],[100.29302,26.74372],[100.33469,26.81869]]]}},{"type":"Feature","properties":{"id":"3840_1","area_id":3840,"name":"Lijiang Airport","level":2,"level_name":"Restricted Zones","type":"restricted","zone_type_id":10,"zone_type":"Airport","country":"CN","city":"Lijiang","color":"#DE4329","height":0,"radius":13076,"shape":1,"begin_at":0,"end_at":0,"url":"","address":"","description":"","source":"dji-flysafe","_raw":{"color":"#DE4329","height":0,"level":2,"lat":26.625766863501145,"lng":100.23601606745336,"radius":13076,"polygon_points":[[[100.200352875,26.6129137732],[100.155346126,26.532898168],[100.227511088,26.5156595506],[100.244191794,26.6006686609],[100.276818513,26.6084581976],[100.291804636,26.618255442],[100.310950515,26.6463681445],[100.3233489,26.6861988937],[100.322470235,26.7027785589],[100.316817185,26.718589981],[100.200352875,26.6129137732]]],"shape":1}},"geometry":{"type":"Polygon","coordinates":[[[100.20035,26.61291],[100.15535,26.5329],[100.22751,26.51566],[100.24419,26.60067],[100.27682,26.60846],[100.2918,26.61826],[100.31095,26.64637],[100.32335,26.6862],[100.32247,26.70278],[100.31682,26.71859],[100.20035,26.61291]]]}},{"type":"Feature","properties":{"id":"32771_0","area_id":32771,"name":"保安营","level":2,"level_name":"Restricted Zones","type":"restricted","zone_type_id":10,"zone_type":"Airport","country":"CN","city":"","color":"#DE4329","height":0,"radius":13315,"shape":1,"begin_at":0,"end_at":0,"url":"","address":"","description":"","source":"dji-flysafe","_raw":{"color":"#DE4329","height":0,"level":2,"lat":26.497993899940795,"lng":101.78175863631141,"radius":13315,"polygon_points":[[[101.745321512,26.4780126406],[101.70030946,26.4030055438],[101.767412405,26.3789328219],[101.789074299,26.462263193],[101.821824103,26.4676716446],[101.83763405,26.4763442272],[101.859253024,26.5029681953],[101.874351543,26.5561519659],[101.871143626,26.5725003253],[101.863312551,26.5875487065],[101.851390675,26.6002708897],[101.745321512,26.4780126406]]],"shape":1}},"geometry":{"type":"Polygon","coordinates":[[[101.74532,26.47801],[101.70031,26.40301],[101.76741,26.37893],[101.78907,26.46226],[101.82182,26.46767],[101.83763,26.47634],[101.85925,26.50297],[101.87435,26.55615],[101.87114,26.5725],[101.86331,26.58755],[101.85139,26.60027],[101.74532,26.47801]]]}},{"type":"Feature","properties":{"id":"32771_1","area_id":32771,"name":"保安营","level":2,"level_name":"Restricted Zones","type":"restricted","zone_type_id":10,"zone_type":"Airport","country":"CN","city":"","color":"#DE4329","height":0,"radius":13410,"shape":1,"begin_at":0,"end_at":0,"url":"","address":"","description":"","source":"dji-flysafe","_raw":{"color":"#DE4329","height":0,"level":2,"lat":26.582747592168918,"lng":101.81215797653671,"radius":13410,"polygon_points":[[[101.896366002,26.676975463],[101.825901626,26.7027240693],[101.807592234,26.6177372859],[101.774803239,26.6123089112],[101.758984827,26.6036213432],[101.737387124,26.5769712576],[101.727400476,26.5503352907],[101.721797714,26.5218868457],[101.725221839,26.5055738618],[101.745321512,26.4780126406],[101.851390675,26.6002708897],[101.896366002,26.676975463]]],"shape":1}},"geometry":{"type":"Polygon","coordinates":[[[101.89637,26.67698],[101.8259,26.70272],[101.80759,26.61774],[101.7748,26.61231],[101.75898,26.60362],[101.73739,26.57697],[101.7274,26.55034],[101.7218,26.52189],[101.72522,26.50557],[101.74532,26.47801],[101.85139,26.60027],[101.89637,26.67698]]]}},{"type":"Feature","properties":{"id":"33362_0","area_id":33362,"name":"机场禁飞区","level":2,"level_name":"Restricted Zones","type":"restricted","zone_type_id":10,"zone_type":"Airport","country":"CN","city":"","color":"#DE4329","height":0,"radius":13434,"shape":1,"begin_at":0,"end_at":0,"url":"","address":"","description":"","source":"dji-flysafe","_raw":{"color":"#DE4329","height":0,"level":2,"lat":26.580330544122642,"lng":104.94081903484594,"radius":13434,"polygon_points":[[[104.899899185,26.5759775374],[104.817870928,26.5302973364],[104.865580706,26.4799962774],[104.929288297,26.5450099178],[104.947274757,26.5366939802],[104.983965921,26.5343101223],[105.001576975,26.5395312702],[105.038690356,26.5650376753],[105.060505624,26.5933358176],[105.063014146,26.6261717888],[105.057093576,26.6419036933],[104.899899185,26.5759775374]]],"shape":1}},"geometry":{"type":"Polygon","coordinates":[[[104.8999,26.57598],[104.81787,26.5303],[104.86558,26.48],[104.92929,26.54501],[104.94727,26.53669],[104.98397,26.53431],[105.00158,26.53953],[105.03869,26.56504],[105.06051,26.59334],[105.06301,26.62617],[105.05709,26.6419],[104.8999,26.57598]]]}},{"type":"Feature","properties":{"id":"33362_1","area_id":33362,"name":"机场禁飞区","level":2,"level_name":"Restricted Zones","type":"restricted","zone_type_id":10,"zone_type":"Airport","country":"CN","city":"","color":"#DE4329","height":0,"radius":13435,"shape":1,"begin_at":0,"end_at":0,"url":"","address":"","description":"","source":"dji-flysafe","_raw":{"color":"#DE4329","height":0,"level":2,"lat":26.637498662517938,"lng":105.01621282925026,"radius":13435,"polygon_points":[[[105.139266078,26.6875687682],[105.09149702,26.7378760186],[105.027649045,26.6729285138],[104.991424828,26.6846024067],[104.972880382,26.6836241754],[104.939744125,26.6692529467],[104.904610288,26.6394198883],[104.896383898,26.6245394971],[104.892747588,26.6082627397],[104.899899185,26.5759775374],[105.057093576,26.6419036933],[105.139266078,26.6875687682]]],"shape":1}},"geometry":{"type":"Polygon","coordinates":[[[105.13927,26.68757],[105.0915,26.73788],[105.02765,26.67293],[104.99142,26.6846],[104.97288,26.68362],[104.93974,26.66925],[104.90461,26.63942],[104.89638,26.62454],[104.89275,26.60826],[104.8999,26.57598],[105.05709,26.6419],[105.13927,26.68757]]]}},{"type":"Feature","properties":{"id":"1253_0","area_id":1253,"name":"Anshun Huangguoshu Airport","level":2,"level_name":"Restricted Zones","type":"restricted","zone_type_id":10,"zone_type":"Airport","country":"CN","city":"Anshun","color":"#DE4329","height":0,"radius":13858,"shape":1,"begin_at":0,"end_at":0,"url":"","address":"","description":"","source":"dji-flysafe","_raw":{"color":"#DE4329","height":0,"level":2,"lat":26.248673108758066,"lng":105.82623254754778,"radius":13858,"polygon_points":[[[105.687272209,26.2498461899],[105.708248345,26.18286768],[105.795580488,26.2185522242],[105.807520192,26.2052420826],[105.839767256,26.1895570423],[105.876432304,26.190431953],[105.929327388,26.2058680184],[105.95516157,26.2292364555],[105.962174608,26.2445965014],[105.964517575,26.2610611944],[105.782524966,26.2602288966],[105.687272209,26.2498461899]]],"shape":1}},"geometry":{"type":"Polygon","coordinates":[[[105.68727,26.24985],[105.70825,26.18287],[105.79558,26.21855],[105.80752,26.20524],[105.83977,26.18956],[105.87643,26.19043],[105.92933,26.20587],[105.95516,26.22924],[105.96217,26.2446],[105.96452,26.26106],[105.78252,26.26023],[105.68727,26.24985]]]}},{"type":"Feature","properties":{"id":"1253_1","area_id":1253,"name":"Anshun Huangguoshu Airport","level":2,"level_name":"Restricted Zones","type":"restricted","zone_type_id":10,"zone_type":"Airport","country":"CN","city":"Anshun","color":"#DE4329","height":0,"radius":13859,"shape":1,"begin_at":0,"end_at":0,"url":"","address":"","description":"","source":"dji-flysafe","_raw":{"color":"#DE4329","height":0,"level":2,"lat":26.272525052137823,"lng":105.92084354986352,"radius":13859,"polygon_points":[[[105.964517575,26.2610611944],[106.05984126,26.2714100634],[106.038888068,26.3383912231],[105.951463932,26.3028083382],[105.939531944,26.3161165942],[105.907256829,26.3318133893],[105.87054724,26.3309343284],[105.817628864,26.3154746692],[105.79181715,26.2920692563],[105.784832952,26.2766975982],[105.782524966,26.2602288966],[105.964517575,26.2610611944]]],"shape":1}},"geometry":{"type":"Polygon","coordinates":[[[105.96452,26.26106],[106.05984,26.27141],[106.03889,26.33839],[105.95146,26.30281],[105.93953,26.31612],[105.90726,26.33181],[105.87055,26.33093],[105.81763,26.31547],[105.79182,26.29207],[105.78483,26.2767],[105.78252,26.26023],[105.96452,26.26106]]]}},{"type":"Feature","properties":{"id":"5183_0","area_id":5183,"name":"Longdongbao Airport","level":2,"level_name":"Restricted Zones","type":"restricted","zone_type_id":10,"zone_type":"Airport","country":"CN","city":"Guiyang","color":"#DE4329","height":0,"radius":13479,"shape":1,"begin_at":0,"end_at":0,"url":"","address":"","description":"","source":"dji-flysafe","_raw":{"color":"#DE4329","height":0,"level":2,"lat":26.581709838872374,"lng":106.8061632524352,"radius":13479,"polygon_points":[[[106.839615341,26.6105441511],[106.86962059,26.6888456283],[106.795688543,26.7025731217],[106.792362269,26.6175785442],[106.762667967,26.6065095413],[106.739364329,26.5810340347],[106.727251378,26.5197164886],[106.730475931,26.503370982],[106.738316482,26.4883289472],[106.765425961,26.4660940234],[106.839615341,26.6105441511]]],"shape":1}},"geometry":{"type":"Polygon","coordinates":[[[106.83962,26.61054],[106.86962,26.68885],[106.79569,26.70257],[106.79236,26.61758],[106.76267,26.60651],[106.73936,26.58103],[106.72725,26.51972],[106.73048,26.50337],[106.73832,26.48833],[106.76543,26.46609],[106.83962,26.61054]]]}},{"type":"Feature","properties":{"id":"5183_1","area_id":5183,"name":"Longdongbao Airport","level":2,"level_name":"Restricted Zones","type":"restricted","zone_type_id":10,"zone_type":"Airport","country":"CN","city":"Guiyang","color":"#DE4329","height":0,"radius":13505,"shape":1,"begin_at":0,"end_at":0,"url":"","address":"","description":"","source":"dji-flysafe","_raw":{"color":"#DE4329","height":0,"level":2,"lat":26.495182895370707,"lng":106.79713372867343,"radius":13505,"polygon_points":[[[106.733720241,26.3878128119],[106.807636221,26.3740885805],[106.807604857,26.4590620496],[106.838780346,26.4702126331],[106.852355239,26.4815197178],[106.862200725,26.4955856774],[106.867644969,26.5114527587],[106.877758014,26.5568863201],[106.874555871,26.5732355882],[106.86673008,26.5882861889],[106.839615341,26.6105441511],[106.765425961,26.4660940234],[106.733720241,26.3878128119]]],"shape":1}},"geometry":{"type":"Polygon","coordinates":[[[106.73372,26.38781],[106.80764,26.37409],[106.8076,26.45906],[106.83878,26.47021],[106.85236,26.48152],[106.8622,26.49559],[106.86764,26.51145],[106.87776,26.55689],[106.87456,26.57324],[106.86673,26.58829],[106.83962,26.61054],[106.76543,26.46609],[106.73372,26.38781]]]}},{"type":"Feature","properties":{"id":"1630_0","area_id":1630,"name":"Liping Airport","level":2,"level_name":"Restricted Zones","type":"restricted","zone_type_id":10,"zone_type":"Airport","country":"CN","city":"Liping","color":"#DE4329","height":0,"radius":13082,"shape":1,"begin_at":0,"end_at":0,"url":"","address":"","description":"","source":"dji-flysafe","_raw":{"color":"#DE4329","height":0,"level":2,"lat":26.303326689836595,"lng":109.10574687634255,"radius":13082,"polygon_points":[[[109.070388405,26.3038061982],[108.978708358,26.2738270659],[109.016503039,26.2170828697],[109.091479495,26.2704188535],[109.119955982,26.2565060983],[109.138289199,26.254232626],[109.156654142,26.2562897361],[109.195489293,26.2692149716],[109.220844898,26.2899899654],[109.228981679,26.304899334],[109.231270262,26.337747825],[109.070388405,26.3038061982]]],"shape":1}},"geometry":{"type":"Polygon","coordinates":[[[109.07039,26.30381],[108.97871,26.27383],[109.0165,26.21708],[109.09148,26.27042],[109.11996,26.25651],[109.13829,26.25423],[109.15665,26.25629],[109.19549,26.26921],[109.22084,26.28999],[109.22898,26.3049],[109.23127,26.33775],[109.07039,26.30381]]]}},{"type":"Feature","properties":{"id":"1630_1","area_id":1630,"name":"Liping Airport","level":2,"level_name":"Restricted Zones","type":"restricted","zone_type_id":10,"zone_type":"Airport","country":"CN","city":"Liping","color":"#DE4329","height":0,"radius":12950,"shape":1,"begin_at":0,"end_at":0,"url":"","address":"","description":"","source":"dji-flysafe","_raw":{"color":"#DE4329","height":0,"level":2,"lat":26.34818152285438,"lng":109.19052515520814,"radius":12950,"polygon_points":[[[109.317948771,26.3711511649],[109.283503877,26.429583087],[109.205121389,26.3745876778],[109.176963218,26.3898304216],[109.158728461,26.3927785809],[109.122828143,26.3857779285],[109.080716495,26.3515812512],[109.072606914,26.3366585501],[109.069084832,26.3203632547],[109.070388405,26.3038061982],[109.231270262,26.337747825],[109.317948771,26.3711511649]]],"shape":1}},"geometry":{"type":"Polygon","coordinates":[[[109.31795,26.37115],[109.2835,26.42958],[109.20512,26.37459],[109.17696,26.38983],[109.15873,26.39278],[109.12283,26.38578],[109.08072,26.35158],[109.07261,26.33666],[109.06908,26.32036],[109.07039,26.30381],[109.23127,26.33775],[109.31795,26.37115]]]}},{"type":"Feature","properties":{"id":"3866_0","area_id":3866,"name":"Lingling Airport","level":2,"level_name":"Restricted Zones","type":"restricted","zone_type_id":10,"zone_type":"Airport","country":"CN","city":"Yongzhou","color":"#DE4329","height":0,"radius":13453,"shape":1,"begin_at":0,"end_at":0,"url":"","address":"","description":"","source":"dji-flysafe","_raw":{"color":"#DE4329","height":0,"level":2,"lat":26.296792869235873,"lng":111.6147307475312,"radius":13453,"polygon_points":[[[111.593945089,26.2658427445],[111.592295701,26.1774859414],[111.664534349,26.1843491285],[111.64287877,26.2676978946],[111.671051946,26.2878751825],[111.680074017,26.3023692376],[111.684605898,26.3184626653],[111.684336977,26.3350591544],[111.667976218,26.3883842518],[111.641639567,26.4113350578],[111.624420269,26.4174731127],[111.593945089,26.2658427445]]],"shape":1}},"geometry":{"type":"Polygon","coordinates":[[[111.59395,26.26584],[111.5923,26.17749],[111.66453,26.18435],[111.64288,26.2677],[111.67105,26.28788],[111.68007,26.30237],[111.68461,26.31846],[111.68434,26.33506],[111.66798,26.38838],[111.64164,26.41134],[111.62442,26.41747],[111.59395,26.26584]]]}},{"type":"Feature","properties":{"id":"3866_1","area_id":3866,"name":"Lingling Airport","level":2,"level_name":"Restricted Zones","type":"restricted","zone_type_id":10,"zone_type":"Airport","country":"CN","city":"Yongzhou","color":"#DE4329","height":0,"radius":13449,"shape":1,"begin_at":0,"end_at":0,"url":"","address":"","description":"","source":"dji-flysafe","_raw":{"color":"#DE4329","height":0,"level":2,"lat":26.38587254786371,"lng":111.61059124957491,"radius":13449,"polygon_points":[[[111.627702725,26.5058518101],[111.55376507,26.4956030611],[111.575458993,26.4156445032],[111.550972566,26.3982537029],[111.541328535,26.3840808285],[111.536109806,26.3681546937],[111.539001954,26.321574318],[111.549614351,26.2939172291],[111.561458038,26.281160205],[111.593945089,26.2658427445],[111.624420269,26.4174731127],[111.627702725,26.5058518101]]],"shape":1}},"geometry":{"type":"Polygon","coordinates":[[[111.6277,26.50585],[111.55377,26.4956],[111.57546,26.41564],[111.55097,26.39825],[111.54133,26.38408],[111.53611,26.36815],[111.539,26.32157],[111.54961,26.29392],[111.56146,26.28116],[111.59395,26.26584],[111.62442,26.41747],[111.6277,26.50585]]]}},{"type":"Feature","properties":{"id":"1509_0","area_id":1509,"name":"Nanyue Airport","level":2,"level_name":"Restricted Zones","type":"restricted","zone_type_id":10,"zone_type":"Airport","country":"CN","city":"Hengyang","color":"#DE4329","height":0,"radius":13086,"shape":1,"begin_at":0,"end_at":0,"url":"","address":"","description":"","source":"dji-flysafe","_raw":{"color":"#DE4329","height":0,"level":2,"lat":26.685411417238562,"lng":112.58936848024575,"radius":13086,"polygon_points":[[[112.548611297,26.6767045426],[112.478596434,26.6217704379],[112.533658183,26.5787749258],[112.585402224,26.6504600289],[112.618380677,26.6471196755],[112.636359158,26.651279137],[112.652522631,26.6594537993],[112.682462989,26.6911165792],[112.696433444,26.7190683169],[112.697287635,26.7356490131],[112.684761442,26.7666024533],[112.548611297,26.6767045426]]],"shape":1}},"geometry":{"type":"Polygon","coordinates":[[[112.54861,26.6767],[112.4786,26.62177],[112.53366,26.57877],[112.5854,26.65046],[112.61838,26.64712],[112.63636,26.65128],[112.65252,26.65945],[112.68246,26.69112],[112.69643,26.71907],[112.69729,26.73565],[112.68476,26.7666],[112.54861,26.6767]]]}},{"type":"Feature","properties":{"id":"1509_1","area_id":1509,"name":"Nanyue Airport","level":2,"level_name":"Restricted Zones","type":"restricted","zone_type_id":10,"zone_type":"Airport","country":"CN","city":"Hengyang","color":"#DE4329","height":0,"radius":13182,"shape":1,"begin_at":0,"end_at":0,"url":"","address":"","description":"","source":"dji-flysafe","_raw":{"color":"#DE4329","height":0,"level":2,"lat":26.75536781049368,"lng":112.64790282771853,"radius":13182,"polygon_points":[[[112.758072943,26.8215655492],[112.699647604,26.8645525058],[112.651301815,26.7928828646],[112.632319905,26.7969112498],[112.595955396,26.7914731706],[112.580190989,26.78267198],[112.550876756,26.7522245593],[112.536899247,26.724229965],[112.536062456,26.7076485644],[112.548611297,26.6767045426],[112.684761442,26.7666024533],[112.758072943,26.8215655492]]],"shape":1}},"geometry":{"type":"Polygon","coordinates":[[[112.75807,26.82157],[112.69965,26.86455],[112.6513,26.79288],[112.63232,26.79691],[112.59596,26.79147],[112.58019,26.78267],[112.55088,26.75222],[112.5369,26.72423],[112.53606,26.70765],[112.54861,26.6767],[112.68476,26.7666],[112.75807,26.82157]]]}},{"type":"Feature","properties":{"id":"33210_0","area_id":33210,"name":"沙县","level":2,"level_name":"Restricted Zones","type":"restricted","zone_type_id":10,"zone_type":"Airport","country":"CN","city":"三明","color":"#DE4329","height":0,"radius":12915,"shape":1,"begin_at":0,"end_at":0,"url":"","address":"","description":"","source":"dji-flysafe","_raw":{"color":"#DE4329","height":0,"level":2,"lat":26.39770227288287,"lng":117.79378216527785,"radius":12915,"polygon_points":[[[117.752019779,26.4037276921],[117.668698033,26.3671404126],[117.70827627,26.3104086559],[117.77825224,26.3670763812],[117.809536614,26.355687947],[117.828058196,26.3554395718],[117.846021348,26.3594928417],[117.885553954,26.3792500033],[117.90826259,26.4011790924],[117.915130454,26.4165954757],[117.91731029,26.4330785249],[117.752019779,26.4037276921]]],"shape":1}},"geometry":{"type":"Polygon","coordinates":[[[117.75202,26.40373],[117.6687,26.36714],[117.70828,26.31041],[117.77825,26.36708],[117.80954,26.35569],[117.82806,26.35544],[117.84602,26.35949],[117.88555,26.37925],[117.90826,26.40118],[117.91513,26.4166],[117.91731,26.43308],[117.75202,26.40373]]]}},{"type":"Feature","properties":{"id":"33210_1","area_id":33210,"name":"沙县","level":2,"level_name":"Restricted Zones","type":"restricted","zone_type_id":10,"zone_type":"Airport","country":"CN","city":"三明","color":"#DE4329","height":0,"radius":13375,"shape":1,"begin_at":0,"end_at":0,"url":"","address":"","description":"","source":"dji-flysafe","_raw":{"color":"#DE4329","height":0,"level":2,"lat":26.446910174180886,"lng":117.87738777900944,"radius":13375,"polygon_points":[[[118.003006224,26.4896155623],[117.958348109,26.5429256475],[117.888373931,26.4845918591],[117.857911015,26.4978456258],[117.839424705,26.499183313],[117.804428155,26.4890732854],[117.76099271,26.4517233039],[117.753303892,26.4366200731],[117.752019779,26.4037276921],[117.91731029,26.4330785249],[117.914651579,26.4495051603],[118.003006224,26.4896155623]]],"shape":1}},"geometry":{"type":"Polygon","coordinates":[[[118.00301,26.48962],[117.95835,26.54293],[117.88837,26.48459],[117.85791,26.49785],[117.83942,26.49918],[117.80443,26.48907],[117.76099,26.45172],[117.7533,26.43662],[117.75202,26.40373],[117.91731,26.43308],[117.91465,26.44951],[118.00301,26.48962]]]}},{"type":"Feature","properties":{"id":"6339_3","area_id":6339,"name":"Matsu Beigan Airport","level":2,"level_name":"Restricted Zones","type":"restricted","zone_type_id":10,"zone_type":"Airport","country":"TW","city":"Beigan Island","color":"#979797","height":60,"radius":16749,"shape":1,"begin_at":0,"end_at":0,"url":"","address":"","description":"","source":"dji-flysafe","_raw":{"color":"#979797","height":60,"level":2,"lat":26.224276459434765,"lng":120.00278359915643,"radius":16749,"polygon_points":[[[120.02335,26.37378],[120.12932,26.32266],[119.98227,26.07477],[119.87645,26.12579],[120.02335,26.37378]]],"shape":1}},"geometry":{"type":"Polygon","coordinates":[[[120.02335,26.37378],[120.12932,26.32266],[119.98227,26.07477],[119.87645,26.12579],[120.02335,26.37378]]]}},{"type":"Feature","properties":{"id":"4111_3","area_id":4111,"name":"Matsu Nangan Airport","level":2,"level_name":"Restricted Zones","type":"restricted","zone_type_id":10,"zone_type":"Airport","country":"TW","city":"Nangang Island","color":"#979797","height":60,"radius":16951,"shape":1,"begin_at":0,"end_at":0,"url":"","address":"","description":"","source":"dji-flysafe","_raw":{"color":"#979797","height":60,"level":2,"lat":26.159770895677646,"lng":119.9584640470485,"radius":16951,"polygon_points":[[[119.97459,26.31153],[120.08229,26.26353],[119.94238,26.00801],[119.83485,26.05591],[119.97459,26.31153]]],"shape":1}},"geometry":{"type":"Polygon","coordinates":[[[119.97459,26.31153],[120.08229,26.26353],[119.94238,26.00801],[119.83485,26.05591],[119.97459,26.31153]]]}},{"type":"Feature","properties":{"id":"33360_0","area_id":33360,"name":"机场禁飞区","level":2,"level_name":"Restricted Zones","type":"restricted","zone_type_id":10,"zone_type":"Airport","country":"CN","city":"","color":"#DE4329","height":0,"radius":13334,"shape":1,"begin_at":0,"end_at":0,"url":"","address":"","description":"","source":"dji-flysafe","_raw":{"color":"#DE4329","height":0,"level":2,"lat":27.260516593251886,"lng":105.42237123292976,"radius":13334,"polygon_points":[[[105.385921538,27.2764073156],[105.288680539,27.2766472735],[105.299344333,27.2113626583],[105.392488082,27.236216026],[105.402878988,27.2206095245],[105.432749681,27.2011791866],[105.469537755,27.1976257522],[105.515234057,27.2059381993],[105.543981098,27.2266672923],[105.552880342,27.2412580562],[105.557230728,27.2573994094],[105.385921538,27.2764073156]]],"shape":1}},"geometry":{"type":"Polygon","coordinates":[[[105.38592,27.27641],[105.28868,27.27665],[105.29934,27.21136],[105.39249,27.23622],[105.40288,27.22061],[105.43275,27.20118],[105.46954,27.19763],[105.51523,27.20594],[105.54398,27.22667],[105.55288,27.24126],[105.55723,27.2574],[105.38592,27.27641]]]}},{"type":"Feature","properties":{"id":"33360_1","area_id":33360,"name":"机场禁飞区","level":2,"level_name":"Restricted Zones","type":"restricted","zone_type_id":10,"zone_type":"Airport","country":"CN","city":"","color":"#DE4329","height":0,"radius":13335,"shape":1,"begin_at":0,"end_at":0,"url":"","address":"","description":"","source":"dji-flysafe","_raw":{"color":"#DE4329","height":0,"level":2,"lat":27.273176624991827,"lng":105.52080620962982,"radius":13335,"polygon_points":[[[105.654512041,27.2571105398],[105.64387819,27.3223970184],[105.550672349,27.2976627285],[105.540302364,27.3132598973],[105.510418335,27.3327106222],[105.473586467,27.3362717268],[105.427843502,27.3279337551],[105.399108645,27.3071626821],[105.390236062,27.2925565627],[105.385921538,27.2764073156],[105.557230728,27.2573994094],[105.654512041,27.2571105398]]],"shape":1}},"geometry":{"type":"Polygon","coordinates":[[[105.65451,27.25711],[105.64388,27.3224],[105.55067,27.29766],[105.5403,27.31326],[105.51042,27.33271],[105.47359,27.33627],[105.42784,27.32793],[105.39911,27.30716],[105.39024,27.29256],[105.38592,27.27641],[105.55723,27.2574],[105.65451,27.25711]]]}},{"type":"Feature","properties":{"id":"33361_0","area_id":33361,"name":"机场禁飞区","level":2,"level_name":"Restricted Zones","type":"restricted","zone_type_id":10,"zone_type":"Airport","country":"CN","city":"","color":"#DE4329","height":0,"radius":13330,"shape":1,"begin_at":0,"end_at":0,"url":"","address":"","description":"","source":"dji-flysafe","_raw":{"color":"#DE4329","height":0,"level":2,"lat":26.935330216038015,"lng":107.96007566760997,"radius":13330,"polygon_points":[[[107.922456074,26.9221401878],[107.856893343,26.8584839645],[107.918094066,26.8214405704],[107.960164576,26.8993328236],[107.980029748,26.8956275841],[108.016212484,26.9021089048],[108.04392346,26.9238496511],[108.067764063,26.9594118451],[108.071279271,26.9757117225],[108.069941255,26.9922670794],[108.053387119,27.0216898658],[107.922456074,26.9221401878]]],"shape":1}},"geometry":{"type":"Polygon","coordinates":[[[107.92246,26.92214],[107.85689,26.85848],[107.91809,26.82144],[107.96016,26.89933],[107.98003,26.89563],[108.01621,26.90211],[108.04392,26.92385],[108.06776,26.95941],[108.07128,26.97571],[108.06994,26.99227],[108.05339,27.02169],[107.92246,26.92214]]]}},{"type":"Feature","properties":{"id":"33361_1","area_id":33361,"name":"机场禁飞区","level":2,"level_name":"Restricted Zones","type":"restricted","zone_type_id":10,"zone_type":"Airport","country":"CN","city":"","color":"#DE4329","height":0,"radius":13331,"shape":1,"begin_at":0,"end_at":0,"url":"","address":"","description":"","source":"dji-flysafe","_raw":{"color":"#DE4329","height":0,"level":2,"lat":27.008480218626996,"lng":108.01578892659128,"radius":13331,"polygon_points":[[[108.11910092,27.0853440444],[108.057780775,27.1223934631],[108.015598232,27.0445375268],[107.995658638,27.0482463415],[107.959436749,27.041730365],[107.931735347,27.0199506041],[107.90796128,26.9843956263],[107.904480506,26.9680898344],[107.905853786,26.9515367901],[107.922456074,26.9221401878],[108.053387119,27.0216898658],[108.11910092,27.0853440444]]],"shape":1}},"geometry":{"type":"Polygon","coordinates":[[[108.1191,27.08534],[108.05778,27.12239],[108.0156,27.04454],[107.99566,27.04825],[107.95944,27.04173],[107.93174,27.01995],[107.90796,26.9844],[107.90448,26.96809],[107.90585,26.95154],[107.92246,26.92214],[108.05339,27.02169],[108.1191,27.08534]]]}},{"type":"Feature","properties":{"id":"30286026_0","area_id":30286026,"name":"Shaoyang Wugang Airport","level":2,"level_name":"Restricted Zones","type":"restricted","zone_type_id":10,"zone_type":"Airport","country":"CN","city":"","color":"#DE4329","height":0,"radius":13335,"shape":1,"begin_at":0,"end_at":0,"url":"","address":"","description":"","source":"dji-flysafe","_raw":{"color":"#DE4329","height":0,"level":2,"lat":26.84530022640725,"lng":110.6644162564899,"radius":13335,"polygon_points":[[[110.700171789,26.862104536],[110.757586732,26.9317691327],[110.692099463,26.9626571219],[110.659810837,26.8811564862],[110.639589323,26.8828908238],[110.604439831,26.8728778144],[110.579622547,26.8485248803],[110.56035794,26.8108258137],[110.558894951,26.7942790197],[110.562279286,26.7779580511],[110.582345825,26.750349705],[110.700171789,26.862104536]]],"shape":1}},"geometry":{"type":"Polygon","coordinates":[[[110.70017,26.8621],[110.75759,26.93177],[110.6921,26.96266],[110.65981,26.88116],[110.63959,26.88289],[110.60444,26.87288],[110.57962,26.84852],[110.56036,26.81083],[110.55889,26.79428],[110.56228,26.77796],[110.58235,26.75035],[110.70017,26.8621]]]}},{"type":"Feature","properties":{"id":"30286026_1","area_id":30286026,"name":"Shaoyang Wugang Airport","level":2,"level_name":"Restricted Zones","type":"restricted","zone_type_id":10,"zone_type":"Airport","country":"CN","city":"","color":"#DE4329","height":0,"radius":13334,"shape":1,"begin_at":0,"end_at":0,"url":"","address":"","description":"","source":"dji-flysafe","_raw":{"color":"#DE4329","height":0,"level":2,"lat":26.767145445454254,"lng":110.61811113638907,"radius":13334,"polygon_points":[[[110.525071837,26.6806871344],[110.590419207,26.6498044491],[110.62262123,26.7313299899],[110.642759778,26.7295922762],[110.677879185,26.739565187],[110.702720337,26.7638793245],[110.722057627,26.8015960825],[110.723554752,26.8181404508],[110.720202535,26.8344668952],[110.700171789,26.862104536],[110.582345825,26.750349705],[110.525071837,26.6806871344]]],"shape":1}},"geometry":{"type":"Polygon","coordinates":[[[110.52507,26.68069],[110.59042,26.6498],[110.62262,26.73133],[110.64276,26.72959],[110.67788,26.73957],[110.70272,26.76388],[110.72206,26.8016],[110.72355,26.81814],[110.7202,26.83447],[110.70017,26.8621],[110.58235,26.75035],[110.52507,26.68069]]]}},{"type":"Feature","properties":{"id":"2636_0","area_id":2636,"name":"Jinggangshan Airport","level":2,"level_name":"Restricted Zones","type":"restricted","zone_type_id":10,"zone_type":"Airport","country":"CN","city":"Ji'an","color":"#DE4329","height":0,"radius":13118,"shape":1,"begin_at":0,"end_at":0,"url":"","address":"","description":"","source":"dji-flysafe","_raw":{"color":"#DE4329","height":0,"level":2,"lat":26.851199206418183,"lng":114.68876990038848,"radius":13118,"polygon_points":[[[114.650675486,26.867535652],[114.557337349,26.8642253947],[114.569376036,26.8005374945],[114.657699319,26.8238752384],[114.680217575,26.8011126235],[114.696748708,26.7935121122],[114.733491936,26.7907784501],[114.779246748,26.7992295208],[114.807853934,26.8199981943],[114.816695623,26.8346012219],[114.821002169,26.850748563],[114.650675486,26.867535652]]],"shape":1}},"geometry":{"type":"Polygon","coordinates":[[[114.65068,26.86754],[114.55734,26.86423],[114.56938,26.80054],[114.6577,26.82388],[114.68022,26.80111],[114.69675,26.79351],[114.73349,26.79078],[114.77925,26.79923],[114.80785,26.82],[114.8167,26.8346],[114.821,26.85075],[114.65068,26.86754]]]}},{"type":"Feature","properties":{"id":"2636_1","area_id":2636,"name":"Jinggangshan Airport","level":2,"level_name":"Restricted Zones","type":"restricted","zone_type_id":10,"zone_type":"Airport","country":"CN","city":"Ji'an","color":"#DE4329","height":0,"radius":13120,"shape":1,"begin_at":0,"end_at":0,"url":"","address":"","description":"","source":"dji-flysafe","_raw":{"color":"#DE4329","height":0,"level":2,"lat":26.863691577600264,"lng":114.78287615629476,"radius":13120,"polygon_points":[[[114.914344008,26.8507879555],[114.902304293,26.9144566958],[114.810616052,26.8911328389],[114.790948693,26.9117706297],[114.756805221,26.9242758981],[114.738189199,26.9242234575],[114.681306315,26.9078071028],[114.667226072,26.8969518358],[114.656778729,26.8832157009],[114.650675486,26.867535652],[114.821002169,26.850748563],[114.914344008,26.8507879555]]],"shape":1}},"geometry":{"type":"Polygon","coordinates":[[[114.91434,26.85079],[114.9023,26.91446],[114.81062,26.89113],[114.79095,26.91177],[114.75681,26.92428],[114.73819,26.92422],[114.68131,26.90781],[114.66723,26.89695],[114.65678,26.88322],[114.65068,26.86754],[114.821,26.85075],[114.91434,26.85079]]]}},{"type":"Feature","properties":{"id":"40045050","area_id":40045050,"name":"RCR8","level":3,"level_name":"Enhanced Warning Zones","type":"warning","zone_type_id":1,"zone_type":"Special Zone","country":"TW","city":"","color":"#EE8815","height":0,"radius":88245,"shape":1,"begin_at":0,"end_at":0,"url":"","address":"","description":"","source":"dji-flysafe","_raw":{"color":"#EE8815","height":0,"level":3,"lat":26.818267383107738,"lng":122.03858987055963,"radius":88245,"polygon_points":[[[122.333333,27.333333],[121.366667,26.3],[121.866667,26.3],[122.716667,27.333333],[122.333333,27.333333]]],"shape":1}},"geometry":{"type":"Polygon","coordinates":[[[122.33333,27.33333],[121.36667,26.3],[121.86667,26.3],[122.71667,27.33333],[122.33333,27.33333]]]}},{"type":"Feature","properties":{"id":"582_0","area_id":582,"name":"Diqing Airport","level":2,"level_name":"Restricted Zones","type":"restricted","zone_type_id":10,"zone_type":"Airport","country":"CN","city":"Shangri-La","color":"#DE4329","height":0,"radius":14114,"shape":1,"begin_at":0,"end_at":0,"url":"","address":"","description":"","source":"dji-flysafe","_raw":{"color":"#DE4329","height":0,"level":2,"lat":27.75083121415607,"lng":99.69506154942806,"radius":14114,"polygon_points":[[[99.6857845229,27.7084751311],[99.7045940661,27.624180307],[99.7801268787,27.6486591337],[99.733090287,27.7237965823],[99.7564329269,27.7493554781],[99.7617535149,27.765271919],[99.7622381709,27.7818646179],[99.7433028218,27.8332248353],[99.7224456267,27.8604830053],[99.7067732419,27.8696227743],[99.6702130475,27.8758459281],[99.6857845229,27.7084751311]]],"shape":1}},"geometry":{"type":"Polygon","coordinates":[[[99.68578,27.70848],[99.70459,27.62418],[99.78013,27.64866],[99.73309,27.7238],[99.75643,27.74936],[99.76175,27.76527],[99.76224,27.78186],[99.7433,27.83322],[99.72245,27.86048],[99.70677,27.86962],[99.67021,27.87585],[99.68578,27.70848]]]}},{"type":"Feature","properties":{"id":"582_1","area_id":582,"name":"Diqing Airport","level":2,"level_name":"Restricted Zones","type":"restricted","zone_type_id":10,"zone_type":"Airport","country":"CN","city":"Shangri-La","color":"#DE4329","height":0,"radius":14114,"shape":1,"begin_at":0,"end_at":0,"url":"","address":"","description":"","source":"dji-flysafe","_raw":{"color":"#DE4329","height":0,"level":2,"lat":27.83347515069396,"lng":99.66085699911652,"radius":14114,"polygon_points":[[[99.6513598944,27.9601283573],[99.5756472058,27.9356463486],[99.6228533236,27.8605233552],[99.6092351741,27.8490444562],[99.5994705804,27.8348687199],[99.5941898148,27.8189410196],[99.5937509183,27.8023473207],[99.6211590319,27.7362240427],[99.6492764598,27.7146889583],[99.6857845229,27.7084751311],[99.6702130475,27.8758459281],[99.6513598944,27.9601283573]]],"shape":1}},"geometry":{"type":"Polygon","coordinates":[[[99.65136,27.96013],[99.57565,27.93565],[99.62285,27.86052],[99.60924,27.84904],[99.59947,27.83487],[99.59419,27.81894],[99.59375,27.80235],[99.62116,27.73622],[99.64928,27.71469],[99.68578,27.70848],[99.67021,27.87585],[99.65136,27.96013]]]}},{"type":"Feature","properties":{"id":"33224_0","area_id":33224,"name":"泸沽湖","level":2,"level_name":"Restricted Zones","type":"restricted","zone_type_id":10,"zone_type":"Airport","country":"CN","city":"宁蒗","color":"#DE4329","height":0,"radius":13529,"shape":1,"begin_at":0,"end_at":0,"url":"","address":"","description":"","source":"dji-flysafe","_raw":{"color":"#DE4329","height":0,"level":2,"lat":27.567788920714403,"lng":100.79799332893772,"radius":13529,"polygon_points":[[[100.923039428,27.618008196],[100.873203762,27.6695871431],[100.808196266,27.6079198445],[100.778129903,27.6159807066],[100.741647792,27.6097992058],[100.687848903,27.5684711117],[100.67451826,27.5377538654],[100.674994616,27.5211610023],[100.68029643,27.5052427474],[100.846278472,27.5569574736],[100.841387753,27.5729794738],[100.923039428,27.618008196]]],"shape":1}},"geometry":{"type":"Polygon","coordinates":[[[100.92304,27.61801],[100.8732,27.66959],[100.8082,27.60792],[100.77813,27.61598],[100.74165,27.6098],[100.68785,27.56847],[100.67452,27.53775],[100.67499,27.52116],[100.6803,27.50524],[100.84628,27.55696],[100.84139,27.57298],[100.92304,27.61801]]]}},{"type":"Feature","properties":{"id":"33224_1","area_id":33224,"name":"泸沽湖","level":2,"level_name":"Restricted Zones","type":"restricted","zone_type_id":10,"zone_type":"Airport","country":"CN","city":"宁蒗","color":"#DE4329","height":0,"radius":13306,"shape":1,"begin_at":0,"end_at":0,"url":"","address":"","description":"","source":"dji-flysafe","_raw":{"color":"#DE4329","height":0,"level":2,"lat":27.507977582177485,"lng":100.72315257811547,"radius":13306,"polygon_points":[[[100.68029643,27.5052427474],[100.598625896,27.4619806632],[100.645073237,27.4104092961],[100.708414429,27.4754096738],[100.740442714,27.4667484693],[100.75910306,27.4679200668],[100.776787236,27.4733346703],[100.820646667,27.4993073532],[100.841524483,27.5243160486],[100.846324375,27.5403592843],[100.846278472,27.5569574736],[100.68029643,27.5052427474]]],"shape":1}},"geometry":{"type":"Polygon","coordinates":[[[100.6803,27.50524],[100.59863,27.46198],[100.64507,27.41041],[100.70841,27.47541],[100.74044,27.46675],[100.7591,27.46792],[100.77679,27.47333],[100.82065,27.49931],[100.84152,27.52432],[100.84632,27.54036],[100.84628,27.55696],[100.6803,27.50524]]]}},{"type":"Feature","properties":{"id":"7769_0","area_id":7769,"name":"Xichang Qingshan Airport","level":2,"level_name":"Restricted Zones","type":"restricted","zone_type_id":10,"zone_type":"Airport","country":"CN","city":"Xichang","color":"#DE4329","height":0,"radius":13879,"shape":1,"begin_at":0,"end_at":0,"url":"","address":"","description":"","source":"dji-flysafe","_raw":{"color":"#DE4329","height":0,"level":2,"lat":27.94530950586353,"lng":102.18814495240404,"radius":13879,"polygon_points":[[[102.162222224,27.9092217216],[102.153881934,27.8242205833],[102.229517575,27.8259678374],[102.209499465,27.9109432585],[102.237248788,27.9275569039],[102.248003256,27.9411666342],[102.254406378,27.9567713724],[102.257683912,28.0083801077],[102.248972482,28.0384789946],[102.237924369,28.0519111668],[102.206128145,28.0691142238],[102.162222224,27.9092217216]]],"shape":1}},"geometry":{"type":"Polygon","coordinates":[[[102.16222,27.90922],[102.15388,27.82422],[102.22952,27.82597],[102.2095,27.91094],[102.23725,27.92756],[102.248,27.94117],[102.25441,27.95677],[102.25768,28.00838],[102.24897,28.03848],[102.23792,28.05191],[102.20613,28.06911],[102.16222,27.90922]]]}},{"type":"Feature","properties":{"id":"7769_1","area_id":7769,"name":"Xichang Qingshan Airport","level":2,"level_name":"Restricted Zones","type":"restricted","zone_type_id":10,"zone_type":"Airport","country":"CN","city":"Xichang","color":"#DE4329","height":0,"radius":13878,"shape":1,"begin_at":0,"end_at":0,"url":"","address":"","description":"","source":"dji-flysafe","_raw":{"color":"#DE4329","height":0,"level":2,"lat":28.0330174441958,"lng":102.18020156643135,"radius":13878,"polygon_points":[[[102.214453186,28.1541145723],[102.1388136,28.152367375],[102.158822437,28.0673776673],[102.13973676,28.0590807149],[102.125809163,28.0479260166],[102.109892924,28.0181626191],[102.11064847,27.971655351],[102.119389868,27.9398139711],[102.130447721,27.9263954295],[102.162222224,27.9092217216],[102.206128145,28.0691142238],[102.214453186,28.1541145723]]],"shape":1}},"geometry":{"type":"Polygon","coordinates":[[[102.21445,28.15411],[102.13881,28.15237],[102.15882,28.06738],[102.13974,28.05908],[102.12581,28.04793],[102.10989,28.01816],[102.11065,27.97166],[102.11939,27.93981],[102.13045,27.9264],[102.16222,27.90922],[102.20613,28.06911],[102.21445,28.15411]]]}},{"type":"Feature","properties":{"id":"8736_0","area_id":8736,"name":"Zhaotong Airport","level":2,"level_name":"Restricted Zones","type":"restricted","zone_type_id":10,"zone_type":"Airport","country":"CN","city":"Zhaotong","color":"#DE4329","height":0,"radius":13585,"shape":1,"begin_at":0,"end_at":0,"url":"","address":"","description":"","source":"dji-flysafe","_raw":{"color":"#DE4329","height":0,"level":2,"lat":27.360759772803444,"lng":103.7898645304315,"radius":13585,"polygon_points":[[[103.831972191,27.3704282645],[103.906622716,27.4254173977],[103.848135062,27.4714472364],[103.795563664,27.399102553],[103.758569718,27.4054641603],[103.740268785,27.4020690315],[103.709651434,27.3835152284],[103.677937681,27.3485890454],[103.671750298,27.3329272005],[103.670337868,27.3163764621],[103.681882792,27.2851037077],[103.831972191,27.3704282645]]],"shape":1}},"geometry":{"type":"Polygon","coordinates":[[[103.83197,27.37043],[103.90662,27.42542],[103.84814,27.47145],[103.79556,27.3991],[103.75857,27.40546],[103.74027,27.40207],[103.70965,27.38352],[103.67794,27.34859],[103.67175,27.33293],[103.67034,27.31638],[103.68188,27.2851],[103.83197,27.37043]]]}},{"type":"Feature","properties":{"id":"8736_1","area_id":8736,"name":"Zhaotong Airport","level":2,"level_name":"Restricted Zones","type":"restricted","zone_type_id":10,"zone_type":"Airport","country":"CN","city":"Zhaotong","color":"#DE4329","height":0,"radius":13584,"shape":1,"begin_at":0,"end_at":0,"url":"","address":"","description":"","source":"dji-flysafe","_raw":{"color":"#DE4329","height":0,"level":2,"lat":27.29474273781937,"lng":103.72401799536506,"radius":13584,"polygon_points":[[[103.607389225,27.2301108663],[103.665784787,27.1840866328],[103.718221704,27.256482216],[103.736485179,27.2510579587],[103.773405338,27.2534969623],[103.790080453,27.2609645848],[103.824820284,27.2928540134],[103.842006567,27.3225878795],[103.840034062,27.3554536834],[103.831972191,27.3704282645],[103.681882792,27.2851037077],[103.607389225,27.2301108663]]],"shape":1}},"geometry":{"type":"Polygon","coordinates":[[[103.60739,27.23011],[103.66578,27.18409],[103.71822,27.25648],[103.73649,27.25106],[103.77341,27.2535],[103.79008,27.26096],[103.82482,27.29285],[103.84201,27.32259],[103.84003,27.35545],[103.83197,27.37043],[103.68188,27.2851],[103.60739,27.23011]]]}},{"type":"Feature","properties":{"id":"40000061_0","area_id":40000061,"name":"Zunyi Renhuai Airport","level":2,"level_name":"Restricted Zones","type":"restricted","zone_type_id":10,"zone_type":"Airport","country":"CN","city":"","color":"#DE4329","height":0,"radius":13346,"shape":1,"begin_at":0,"end_at":0,"url":"","address":"","description":"","source":"dji-flysafe","_raw":{"color":"#DE4329","height":0,"level":2,"lat":27.91839768159973,"lng":106.44156511621593,"radius":13346,"polygon_points":[[[106.422725896,27.8863059083],[106.419970194,27.7998953564],[106.494127608,27.8077271712],[106.468455374,27.8911338315],[106.486299409,27.8999280886],[106.50907636,27.9259690568],[106.514004352,27.9419861032],[106.514072609,27.9585842328],[106.505810013,27.9996459278],[106.483069853,28.0257262887],[106.448596127,28.0382674122],[106.422725896,27.8863059083]]],"shape":1}},"geometry":{"type":"Polygon","coordinates":[[[106.42273,27.88631],[106.41997,27.7999],[106.49413,27.80773],[106.46846,27.89113],[106.4863,27.89993],[106.50908,27.92597],[106.514,27.94199],[106.51407,27.95858],[106.50581,27.99965],[106.48307,28.02573],[106.4486,28.03827],[106.42273,27.88631]]]}},{"type":"Feature","properties":{"id":"40000061_1","area_id":40000061,"name":"Zunyi Renhuai Airport","level":2,"level_name":"Restricted Zones","type":"restricted","zone_type_id":10,"zone_type":"Airport","country":"CN","city":"","color":"#DE4329","height":0,"radius":13346,"shape":1,"begin_at":0,"end_at":0,"url":"","address":"","description":"","source":"dji-flysafe","_raw":{"color":"#DE4329","height":0,"level":2,"lat":28.0061791747824,"lng":106.42969255307739,"radius":13346,"polygon_points":[[[106.451368209,28.124676598],[106.377013779,28.1168431987],[106.402794053,28.0334406556],[106.384862067,28.0245878812],[106.362129815,27.9985023104],[106.357243617,27.9824746642],[106.35722207,27.965876436],[106.365533662,27.9248829624],[106.388286848,27.8988259344],[106.422725896,27.8863059083],[106.448596127,28.0382674122],[106.451368209,28.124676598]]],"shape":1}},"geometry":{"type":"Polygon","coordinates":[[[106.45137,28.12468],[106.37701,28.11684],[106.40279,28.03344],[106.38486,28.02459],[106.36213,27.9985],[106.35724,27.98247],[106.35722,27.96588],[106.36553,27.92488],[106.38829,27.89883],[106.42273,27.88631],[106.4486,28.03827],[106.45137,28.12468]]]}},{"type":"Feature","properties":{"id":"8849_0","area_id":8849,"name":"Zunyi Xinzhou Airport","level":2,"level_name":"Restricted Zones","type":"restricted","zone_type_id":10,"zone_type":"Airport","country":"CN","city":"Zunyi","color":"#DE4329","height":0,"radius":13448,"shape":1,"begin_at":0,"end_at":0,"url":"","address":"","description":"","source":"dji-flysafe","_raw":{"color":"#DE4329","height":0,"level":2,"lat":27.76697555077673,"lng":107.24435592148612,"radius":13448,"polygon_points":[[[107.217894688,27.7374429979],[107.197865832,27.6532497055],[107.276707819,27.6494715019],[107.267064103,27.735091334],[107.285044822,27.7409072842],[107.312367195,27.7632362542],[107.320231724,27.7783053709],[107.323421691,27.7946619322],[107.32375933,27.8368456131],[107.307247516,27.8663430304],[107.276256022,27.8845836959],[107.217894688,27.7374429979]]],"shape":1}},"geometry":{"type":"Polygon","coordinates":[[[107.21789,27.73744],[107.19787,27.65325],[107.27671,27.64947],[107.26706,27.73509],[107.28504,27.74091],[107.31237,27.76324],[107.32023,27.77831],[107.32342,27.79466],[107.32376,27.83685],[107.30725,27.86634],[107.27626,27.88458],[107.21789,27.73744]]]}},{"type":"Feature","properties":{"id":"8849_1","area_id":8849,"name":"Zunyi Xinzhou Airport","level":2,"level_name":"Restricted Zones","type":"restricted","zone_type_id":10,"zone_type":"Airport","country":"CN","city":"Zunyi","color":"#DE4329","height":0,"radius":13448,"shape":1,"begin_at":0,"end_at":0,"url":"","address":"","description":"","source":"dji-flysafe","_raw":{"color":"#DE4329","height":0,"level":2,"lat":27.855062111644802,"lng":107.24974712586355,"radius":13448,"polygon_points":[[[107.296346134,27.9687835638],[107.217303924,27.9725623954],[107.226997738,27.8869431562],[107.208919314,27.8810840915],[107.181618867,27.8587058469],[107.173788181,27.8436205845],[107.17064147,27.8272572533],[107.170371278,27.7851315388],[107.186918447,27.7556550454],[107.217894688,27.7374429979],[107.276256022,27.8845836959],[107.296346134,27.9687835638]]],"shape":1}},"geometry":{"type":"Polygon","coordinates":[[[107.29635,27.96878],[107.2173,27.97256],[107.227,27.88694],[107.20892,27.88108],[107.18162,27.85871],[107.17379,27.84362],[107.17064,27.82726],[107.17037,27.78513],[107.18692,27.75566],[107.21789,27.73744],[107.27626,27.88458],[107.29635,27.96878]]]}},{"type":"Feature","properties":{"id":"1451_0","area_id":1451,"name":"Zhijiang Airport","level":2,"level_name":"Restricted Zones","type":"restricted","zone_type_id":10,"zone_type":"Airport","country":"CN","city":"Huaihua","color":"#DE4329","height":0,"radius":13052,"shape":1,"begin_at":0,"end_at":0,"url":"","address":"","description":"","source":"dji-flysafe","_raw":{"color":"#DE4329","height":0,"level":2,"lat":27.407747121023192,"lng":109.67955368044807,"radius":13052,"polygon_points":[[[109.640268068,27.4016634727],[109.570251674,27.3417399797],[109.630393905,27.2987905851],[109.67537798,27.3737865158],[109.710275709,27.3723057151],[109.727962098,27.3776750181],[109.743483328,27.3869244878],[109.774147789,27.417798454],[109.788203144,27.4457583512],[109.789057156,27.462339281],[109.785045145,27.4785513264],[109.640268068,27.4016634727]]],"shape":1}},"geometry":{"type":"Polygon","coordinates":[[[109.64027,27.40166],[109.57025,27.34174],[109.63039,27.29879],[109.67538,27.37379],[109.71028,27.37231],[109.72796,27.37768],[109.74348,27.38692],[109.77415,27.4178],[109.7882,27.44576],[109.78906,27.46234],[109.78505,27.47855],[109.64027,27.40166]]]}},{"type":"Feature","properties":{"id":"1451_1","area_id":1451,"name":"Zhijiang Airport","level":2,"level_name":"Restricted Zones","type":"restricted","zone_type_id":10,"zone_type":"Airport","country":"CN","city":"Huaihua","color":"#DE4329","height":0,"radius":13149,"shape":1,"begin_at":0,"end_at":0,"url":"","address":"","description":"","source":"dji-flysafe","_raw":{"color":"#DE4329","height":0,"level":2,"lat":27.479579336473087,"lng":109.74050815781233,"radius":13149,"polygon_points":[[[109.844753365,27.5533193671],[109.784565604,27.5911987434],[109.736227658,27.5195306733],[109.702157254,27.5215876205],[109.684297423,27.5166253559],[109.655832748,27.4955109997],[109.628451559,27.449183319],[109.627619314,27.4326015216],[109.640268068,27.4016634727],[109.785045145,27.4785513264],[109.776438579,27.4932892671],[109.844753365,27.5533193671]]],"shape":1}},"geometry":{"type":"Polygon","coordinates":[[[109.84475,27.55332],[109.78457,27.5912],[109.73623,27.51953],[109.70216,27.52159],[109.6843,27.51663],[109.65583,27.49551],[109.62845,27.44918],[109.62762,27.4326],[109.64027,27.40166],[109.78505,27.47855],[109.77644,27.49329],[109.84475,27.55332]]]}},{"type":"Feature","properties":{"id":"7337_0","area_id":7337,"name":"Tongren Fenghuang Airport","level":2,"level_name":"Restricted Zones","type":"restricted","zone_type_id":10,"zone_type":"Airport","country":"CN","city":"","color":"#DE4329","height":0,"radius":13098,"shape":1,"begin_at":0,"end_at":0,"url":"","address":"","description":"","source":"dji-flysafe","_raw":{"color":"#DE4329","height":0,"level":2,"lat":27.850569341412292,"lng":109.27734454431088,"radius":13098,"polygon_points":[[[109.236940224,27.8484821465],[109.161917612,27.791795753],[109.220335185,27.7487763928],[109.271910684,27.8170929179],[109.308158792,27.8109629277],[109.326545823,27.814282372],[109.357389389,27.8326985773],[109.391352346,27.8763626075],[109.39457351,27.8927148312],[109.392896564,27.9092467753],[109.236940224,27.8484821465]]],"shape":1}},"geometry":{"type":"Polygon","coordinates":[[[109.23694,27.84848],[109.16192,27.7918],[109.22034,27.74878],[109.27191,27.81709],[109.30816,27.81096],[109.32655,27.81428],[109.35739,27.8327],[109.39135,27.87636],[109.39457,27.89271],[109.3929,27.90925],[109.23694,27.84848]]]}},{"type":"Feature","properties":{"id":"7337_1","area_id":7337,"name":"Tongren Fenghuang Airport","level":2,"level_name":"Restricted Zones","type":"restricted","zone_type_id":10,"zone_type":"Airport","country":"CN","city":"","color":"#DE4329","height":0,"radius":13185,"shape":1,"begin_at":0,"end_at":0,"url":"","address":"","description":"","source":"dji-flysafe","_raw":{"color":"#DE4329","height":0,"level":2,"lat":27.91703354635612,"lng":109.34640280814382,"radius":13185,"polygon_points":[[[109.461414578,27.9781765476],[109.40300575,28.0245587252],[109.351422642,27.9529071275],[109.315175778,27.9590204409],[109.296765396,27.9556956231],[109.265902056,27.9372594427],[109.234139867,27.8970827189],[109.230208954,27.8808521809],[109.231164844,27.8642754646],[109.236940224,27.8484821465],[109.392896564,27.9092467753],[109.386433636,27.9248316446],[109.461414578,27.9781765476]]],"shape":1}},"geometry":{"type":"Polygon","coordinates":[[[109.46141,27.97818],[109.40301,28.02456],[109.35142,27.95291],[109.31518,27.95902],[109.29677,27.9557],[109.2659,27.93726],[109.23414,27.89708],[109.23021,27.88085],[109.23116,27.86428],[109.23694,27.84848],[109.3929,27.90925],[109.38643,27.92483],[109.46141,27.97818]]]}},{"type":"Feature","properties":{"id":"33214_0","area_id":33214,"name":"明月山","level":2,"level_name":"Restricted Zones","type":"restricted","zone_type_id":10,"zone_type":"Airport","country":"CN","city":"宜春","color":"#DE4329","height":0,"radius":13231,"shape":1,"begin_at":0,"end_at":0,"url":"","address":"","description":"","source":"dji-flysafe","_raw":{"color":"#DE4329","height":0,"level":2,"lat":27.82414886660404,"lng":114.34715721422388,"radius":13231,"polygon_points":[[[114.473020644,27.8662761899],[114.424957232,27.921258483],[114.356625403,27.8612585216],[114.328324434,27.8720843189],[114.309583108,27.8731000111],[114.291183758,27.8697907426],[114.2494005,27.847393164],[114.226770592,27.8223377741],[114.221440003,27.8064232205],[114.225327731,27.7736909388],[114.384682614,27.826201104],[114.473020644,27.8662761899]]],"shape":1}},"geometry":{"type":"Polygon","coordinates":[[[114.47302,27.86628],[114.42496,27.92126],[114.35663,27.86126],[114.32832,27.87208],[114.30958,27.8731],[114.29118,27.86979],[114.2494,27.84739],[114.22677,27.82234],[114.22144,27.80642],[114.22533,27.77369],[114.38468,27.8262],[114.47302,27.86628]]]}},{"type":"Feature","properties":{"id":"33214_1","area_id":33214,"name":"明月山","level":2,"level_name":"Restricted Zones","type":"restricted","zone_type_id":10,"zone_type":"Airport","country":"CN","city":"宜春","color":"#DE4329","height":0,"radius":13234,"shape":1,"begin_at":0,"end_at":0,"url":"","address":"","description":"","source":"dji-flysafe","_raw":{"color":"#DE4329","height":0,"level":2,"lat":27.775885753789833,"lng":114.2627397329176,"radius":13234,"polygon_points":[[[114.225327731,27.7736909388],[114.136972042,27.7336985772],[114.185043037,27.6787415267],[114.253373931,27.7420747959],[114.283533559,27.7305385011],[114.302265211,27.7297670298],[114.337246472,27.7409284199],[114.360598185,27.7576063051],[114.37953553,27.7777509804],[114.387821951,27.8098367408],[114.384682614,27.826201104],[114.225327731,27.7736909388]]],"shape":1}},"geometry":{"type":"Polygon","coordinates":[[[114.22533,27.77369],[114.13697,27.7337],[114.18504,27.67874],[114.25337,27.74207],[114.28353,27.73054],[114.30227,27.72977],[114.33725,27.74093],[114.3606,27.75761],[114.37954,27.77775],[114.38782,27.80984],[114.38468,27.8262],[114.22533,27.77369]]]}},{"type":"Feature","properties":{"id":"8077_0","area_id":8077,"name":"Nanping Wuyishan Airport","level":2,"level_name":"Restricted Zones","type":"restricted","zone_type_id":10,"zone_type":"Airport","country":"CN","city":"Wuyishan","color":"#DE4329","height":0,"radius":13481,"shape":1,"begin_at":0,"end_at":0,"url":"","address":"","description":"","source":"dji-flysafe","_raw":{"color":"#DE4329","height":0,"level":2,"lat":27.739951094567814,"lng":118.01953803461099,"radius":13481,"polygon_points":[[[118.110166531,27.8308923706],[118.034248477,27.8604901252],[118.009681277,27.7775726831],[117.973484853,27.7732407035],[117.957229309,27.7649570794],[117.934562094,27.7388642924],[117.92295501,27.7155221313],[117.916487603,27.6837353381],[117.920385158,27.6674999535],[117.941429304,27.6403748036],[118.057508789,27.758909652],[118.110166531,27.8308923706]]],"shape":1}},"geometry":{"type":"Polygon","coordinates":[[[118.11017,27.83089],[118.03425,27.86049],[118.00968,27.77757],[117.97348,27.77324],[117.95723,27.76496],[117.93456,27.73886],[117.92296,27.71552],[117.91649,27.68374],[117.92039,27.6675],[117.94143,27.64037],[118.05751,27.75891],[118.11017,27.83089]]]}},{"type":"Feature","properties":{"id":"8077_1","area_id":8077,"name":"Nanping Wuyishan Airport","level":2,"level_name":"Restricted Zones","type":"restricted","zone_type_id":10,"zone_type":"Airport","country":"CN","city":"Wuyishan","color":"#DE4329","height":0,"radius":13480,"shape":1,"begin_at":0,"end_at":0,"url":"","address":"","description":"","source":"dji-flysafe","_raw":{"color":"#DE4329","height":0,"level":2,"lat":27.65933770284003,"lng":117.97939220380712,"radius":13480,"polygon_points":[[[117.941429304,27.6403748036],[117.88890864,27.5684030129],[117.964666952,27.5388091774],[117.989164233,27.6217452917],[118.025247944,27.6260454162],[118.041498254,27.6343052339],[118.054784667,27.6460084441],[118.075868789,27.6837637456],[118.082386491,27.7155125852],[118.078520736,27.7317542489],[118.057508789,27.758909652],[117.941429304,27.6403748036]]],"shape":1}},"geometry":{"type":"Polygon","coordinates":[[[117.94143,27.64037],[117.88891,27.5684],[117.96467,27.53881],[117.98916,27.62175],[118.02525,27.62605],[118.0415,27.63431],[118.05478,27.64601],[118.07587,27.68376],[118.08239,27.71551],[118.07852,27.73175],[118.05751,27.75891],[117.94143,27.64037]]]}},{"type":"Feature","properties":{"id":"8009_0","area_id":8009,"name":"Wenzhou Yongqiang Airport","level":2,"level_name":"Restricted Zones","type":"restricted","zone_type_id":10,"zone_type":"Airport","country":"CN","city":"Wenzhou","color":"#DE4329","height":0,"radius":13353,"shape":1,"begin_at":0,"end_at":0,"url":"","address":"","description":"","source":"dji-flysafe","_raw":{"color":"#DE4329","height":0,"level":2,"lat":27.869100489431723,"lng":120.82868098548336,"radius":13353,"polygon_points":[[[120.791942764,27.8531485257],[120.73192081,27.7848465553],[120.802318488,27.7522141981],[120.833994249,27.8338848193],[120.864634901,27.8357546384],[120.896451278,27.8528363089],[120.930574706,27.9048227803],[120.933775464,27.9211782628],[120.932076587,27.9377084939],[120.925591695,27.9532867927],[120.791942764,27.8531485257]]],"shape":1}},"geometry":{"type":"Polygon","coordinates":[[[120.79194,27.85315],[120.73192,27.78485],[120.80232,27.75221],[120.83399,27.83388],[120.86463,27.83575],[120.89645,27.85284],[120.93057,27.90482],[120.93378,27.92118],[120.93208,27.93771],[120.92559,27.95329],[120.79194,27.85315]]]}},{"type":"Feature","properties":{"id":"8009_1","area_id":8009,"name":"Wenzhou Yongqiang Airport","level":2,"level_name":"Restricted Zones","type":"restricted","zone_type_id":10,"zone_type":"Airport","country":"CN","city":"Wenzhou","color":"#DE4329","height":0,"radius":13405,"shape":1,"begin_at":0,"end_at":0,"url":"","address":"","description":"","source":"dji-flysafe","_raw":{"color":"#DE4329","height":0,"level":2,"lat":27.950122126131276,"lng":120.87298820439393,"radius":13405,"polygon_points":[[[120.96974561,28.0351769088],[120.902692674,28.0677916673],[120.872740424,27.9844783509],[120.839241395,27.9820912444],[120.822294628,27.9749136651],[120.808031607,27.9641055389],[120.779097595,27.9254159888],[120.771722879,27.8984108361],[120.773865981,27.8819210316],[120.791942764,27.8531485257],[120.925591695,27.9532867927],[120.914761053,27.9668508978],[120.96974561,28.0351769088]]],"shape":1}},"geometry":{"type":"Polygon","coordinates":[[[120.96975,28.03518],[120.90269,28.06779],[120.87274,27.98448],[120.83924,27.98209],[120.82229,27.97491],[120.80803,27.96411],[120.7791,27.92542],[120.77172,27.89841],[120.77387,27.88192],[120.79194,27.85315],[120.92559,27.95329],[120.91476,27.96685],[120.96975,28.03518]]]}},{"type":"Feature","properties":{"id":"40025579_0","area_id":40025579,"name":"湘西边城机场","level":2,"level_name":"Restricted Zones","type":"restricted","zone_type_id":10,"zone_type":"Airport","country":"CN","city":"","color":"#DE4329","height":0,"radius":13366,"shape":1,"begin_at":0,"end_at":0,"url":"","address":"","description":"","source":"dji-flysafe","_raw":{"color":"#DE4329","height":0,"level":2,"lat":28.461840062104947,"lng":109.4869447387641,"radius":13366,"polygon_points":[[[109.372423483,28.3962121158],[109.429132185,28.3529187218],[109.481946056,28.4258319705],[109.501426734,28.4200705078],[109.538730742,28.4226934592],[109.555538797,28.4302439022],[109.58751497,28.459539196],[109.60457072,28.4904518031],[109.601437892,28.52324894],[109.592772562,28.5379982905],[109.44700269,28.4524914905],[109.372423483,28.3962121158]]],"shape":1}},"geometry":{"type":"Polygon","coordinates":[[[109.37242,28.39621],[109.42913,28.35292],[109.48195,28.42583],[109.50143,28.42007],[109.53873,28.42269],[109.55554,28.43024],[109.58751,28.45954],[109.60457,28.49045],[109.60144,28.52325],[109.59277,28.538],[109.447,28.45249],[109.37242,28.39621]]]}},{"type":"Feature","properties":{"id":"40025579_1","area_id":40025579,"name":"湘西边城机场","level":2,"level_name":"Restricted Zones","type":"restricted","zone_type_id":10,"zone_type":"Airport","country":"CN","city":"","color":"#DE4329","height":0,"radius":13367,"shape":1,"begin_at":0,"end_at":0,"url":"","address":"","description":"","source":"dji-flysafe","_raw":{"color":"#DE4329","height":0,"level":2,"lat":28.52861428093718,"lng":109.55286431307727,"radius":13367,"polygon_points":[[[109.592772562,28.5379982905],[109.667518258,28.5942698407],[109.610707878,28.6375700239],[109.55775203,28.5647096883],[109.519328447,28.5713154876],[109.500850655,28.5678287436],[109.470020503,28.549121607],[109.440807102,28.5158398893],[109.435100858,28.500017195],[109.43424996,28.4834358116],[109.44700269,28.4524914905],[109.592772562,28.5379982905]]],"shape":1}},"geometry":{"type":"Polygon","coordinates":[[[109.59277,28.538],[109.66752,28.59427],[109.61071,28.63757],[109.55775,28.56471],[109.51933,28.57132],[109.50085,28.56783],[109.47002,28.54912],[109.44081,28.51584],[109.4351,28.50002],[109.43425,28.48344],[109.447,28.45249],[109.59277,28.538]]]}},{"type":"Feature","properties":{"id":"2053_0","area_id":2053,"name":"Changsha Huanghua International Airport","level":2,"level_name":"Restricted Zones","type":"restricted","zone_type_id":10,"zone_type":"Airport","country":"CN","city":"Changsha","color":"#DE4329","height":0,"radius":18567,"shape":1,"begin_at":0,"end_at":0,"url":"","address":"","description":"","source":"dji-flysafe","_raw":{"color":"#DE4329","height":0,"level":2,"lat":28.19069621021433,"lng":113.22426033305625,"radius":18567,"polygon_points":[[[113.19457716975616,28.031085969526732],[113.193887718,28.0258785142],[113.27286107,28.0293117796],[113.251216204,28.1160074556],[113.279047128,28.1337284017],[113.289273621,28.1476633825],[113.29506352,28.1634571403],[113.294353048,28.2117031779],[113.284821118,28.2427127051],[113.273404714,28.255917437],[113.241107741,28.2724715394],[113.252793941,28.3557753052],[113.24943500928667,28.355628688248053],[113.19457716975616,28.031085969526732]]],"shape":1}},"geometry":{"type":"Polygon","coordinates":[[[113.19458,28.03109],[113.19389,28.02588],[113.27286,28.02931],[113.25122,28.11601],[113.27905,28.13373],[113.28927,28.14766],[113.29506,28.16346],[113.29435,28.2117],[113.28482,28.24271],[113.2734,28.25592],[113.24111,28.27247],[113.25279,28.35578],[113.24944,28.35563],[113.19458,28.03109]]]}},{"type":"Feature","properties":{"id":"2053_1","area_id":2053,"name":"Changsha Huanghua International Airport","level":2,"level_name":"Restricted Zones","type":"restricted","zone_type_id":10,"zone_type":"Airport","country":"CN","city":"Changsha","color":"#DE4329","height":0,"radius":18291,"shape":1,"begin_at":0,"end_at":0,"url":"","address":"","description":"","source":"dji-flysafe","_raw":{"color":"#DE4329","height":0,"level":2,"lat":28.193491272796745,"lng":113.21893856270188,"radius":18291,"polygon_points":[[[113.249455204,28.3557813521],[113.17047007,28.3523567901],[113.192147893,28.267370308],[113.162872292,28.2482764995],[113.153067837,28.2341026703],[113.147318819,28.2015823834],[113.148980568,28.1749649654],[113.15065424500031,28.170072402613783],[113.150649642,28.1699295705],[113.15119149191582,28.168501899903063],[113.158471023,28.1472220694],[113.15988632412267,28.145592684778226],[113.160944822,28.1428037459],[113.172789067,28.1299036606],[113.20199411491221,28.115909822343223],[113.190525699,28.0309110784],[113.19457716975616,28.031085969526732],[113.24943500928667,28.355628688248053],[113.249455204,28.3557813521]]],"shape":1}},"geometry":{"type":"Polygon","coordinates":[[[113.24946,28.35578],[113.17047,28.35236],[113.19215,28.26737],[113.16287,28.24828],[113.15307,28.2341],[113.14732,28.20158],[113.14898,28.17496],[113.15065,28.17007],[113.15065,28.16993],[113.15119,28.1685],[113.15847,28.14722],[113.15989,28.14559],[113.16094,28.1428],[113.17279,28.1299],[113.20199,28.11591],[113.19053,28.03091],[113.19458,28.03109],[113.24944,28.35563],[113.24946,28.35578]]]}},{"type":"Feature","properties":{"id":"33212_0","area_id":33212,"name":"三清山","level":2,"level_name":"Restricted Zones","type":"restricted","zone_type_id":10,"zone_type":"Airport","country":"CN","city":"上饶","color":"#DE4329","height":0,"radius":13239,"shape":1,"begin_at":0,"end_at":0,"url":"","address":"","description":"","source":"dji-flysafe","_raw":{"color":"#DE4329","height":0,"level":2,"lat":28.355951000757265,"lng":117.92161509766144,"radius":13239,"polygon_points":[[[117.8837016,28.3621415883],[117.79035017,28.3271588754],[117.829859366,28.268747057],[117.904838581,28.32541566],[117.937762945,28.3105836857],[117.956550614,28.3092013772],[117.992164139,28.3192132961],[118.017195705,28.3325639582],[118.041652239,28.3532423874],[118.05295109,28.3846173653],[117.8837016,28.3621415883]]],"shape":1}},"geometry":{"type":"Polygon","coordinates":[[[117.8837,28.36214],[117.79035,28.32716],[117.82986,28.26875],[117.90484,28.32542],[117.93776,28.31058],[117.95655,28.3092],[117.99216,28.31921],[118.0172,28.33256],[118.04165,28.35324],[118.05295,28.38462],[117.8837,28.36214]]]}},{"type":"Feature","properties":{"id":"33212_1","area_id":33212,"name":"三清山","level":2,"level_name":"Restricted Zones","type":"restricted","zone_type_id":10,"zone_type":"Airport","country":"CN","city":"上饶","color":"#DE4329","height":0,"radius":13142,"shape":1,"begin_at":0,"end_at":0,"url":"","address":"","description":"","source":"dji-flysafe","_raw":{"color":"#DE4329","height":0,"level":2,"lat":28.404105274278734,"lng":118.00929400586702,"radius":13142,"polygon_points":[[[118.139651218,28.4328412694],[118.100101175,28.4912559062],[118.025104641,28.4345890165],[117.997659796,28.4470905916],[117.978945004,28.4492668697],[117.960227666,28.4471075802],[117.917816183,28.4307758571],[117.89332611,28.4100628627],[117.885345298,28.3950222789],[117.8837016,28.3621415883],[118.05295109,28.3846173653],[118.051334332,28.4011545561],[118.139651218,28.4328412694]]],"shape":1}},"geometry":{"type":"Polygon","coordinates":[[[118.13965,28.43284],[118.1001,28.49126],[118.0251,28.43459],[117.99766,28.44709],[117.97895,28.44927],[117.96023,28.44711],[117.91782,28.43078],[117.89333,28.41006],[117.88535,28.39502],[117.8837,28.36214],[118.05295,28.38462],[118.05133,28.40115],[118.13965,28.43284]]]}},{"type":"Feature","properties":{"id":"1625_0","area_id":1625,"name":"Huangyan Luqiao Airport","level":2,"level_name":"Restricted Zones","type":"restricted","zone_type_id":10,"zone_type":"Airport","country":"CN","city":"Huangyan","color":"#DE4329","height":0,"radius":13247,"shape":1,"begin_at":0,"end_at":0,"url":"","address":"","description":"","source":"dji-flysafe","_raw":{"color":"#DE4329","height":0,"level":2,"lat":28.525852291326068,"lng":121.40194845041204,"radius":13247,"polygon_points":[[[121.373620641,28.5047197526],[121.316934408,28.4330652414],[121.389072151,28.4072549553],[121.414036964,28.4889032966],[121.450965102,28.4925762973],[121.467511007,28.500579563],[121.481139076,28.5120721816],[121.502591431,28.5462808146],[121.50898757,28.5764412407],[121.505410371,28.5927395391],[121.484765507,28.6202118103],[121.373620641,28.5047197526]]],"shape":1}},"geometry":{"type":"Polygon","coordinates":[[[121.37362,28.50472],[121.31693,28.43307],[121.38907,28.40725],[121.41404,28.4889],[121.45097,28.49258],[121.46751,28.50058],[121.48114,28.51207],[121.50259,28.54628],[121.50899,28.57644],[121.50541,28.59274],[121.48477,28.62021],[121.37362,28.50472]]]}},{"type":"Feature","properties":{"id":"1625_1","area_id":1625,"name":"Huangyan Luqiao Airport","level":2,"level_name":"Restricted Zones","type":"restricted","zone_type_id":10,"zone_type":"Airport","country":"CN","city":"Huangyan","color":"#DE4329","height":0,"radius":13245,"shape":1,"begin_at":0,"end_at":0,"url":"","address":"","description":"","source":"dji-flysafe","_raw":{"color":"#DE4329","height":0,"level":2,"lat":28.59917739046305,"lng":121.45624138039179,"radius":13245,"polygon_points":[[[121.541403282,28.6919310468],[121.469260904,28.7177460455],[121.440932169,28.6360814914],[121.411406077,28.6334261008],[121.394293066,28.6263634219],[121.379848585,28.6156520952],[121.355729924,28.5786967739],[121.349349749,28.5484623863],[121.352952976,28.532168768],[121.373620641,28.5047197526],[121.484765507,28.6202118103],[121.541403282,28.6919310468]]],"shape":1}},"geometry":{"type":"Polygon","coordinates":[[[121.5414,28.69193],[121.46926,28.71775],[121.44093,28.63608],[121.41141,28.63343],[121.39429,28.62636],[121.37985,28.61565],[121.35573,28.5787],[121.34935,28.54846],[121.35295,28.53217],[121.37362,28.50472],[121.48477,28.62021],[121.5414,28.69193]]]}},{"type":"Feature","properties":{"id":"40000067_0","area_id":40000067,"name":"Yibin Wuliangye Airport","level":2,"level_name":"Restricted Zones","type":"restricted","zone_type_id":10,"zone_type":"Airport","country":"CN","city":"","color":"#DE4329","height":0,"radius":13444,"shape":1,"begin_at":0,"end_at":0,"url":"","address":"","description":"","source":"dji-flysafe","_raw":{"color":"#DE4329","height":0,"level":2,"lat":28.8448415205683,"lng":104.57398428935308,"radius":13444,"polygon_points":[[[104.60036782,28.816103555],[104.688873786,28.7778778121],[104.711933984,28.8407671281],[104.614594485,28.8548927224],[104.612964156,28.8728991553],[104.606418164,28.8884763003],[104.595488238,28.9020384518],[104.563702147,28.9196173541],[104.51563342,28.9305964128],[104.47900024,28.9231659385],[104.451530705,28.9006930905],[104.60036782,28.816103555]]],"shape":1}},"geometry":{"type":"Polygon","coordinates":[[[104.60037,28.8161],[104.68887,28.77788],[104.71193,28.84077],[104.61459,28.85489],[104.61296,28.8729],[104.60642,28.88848],[104.59549,28.90204],[104.5637,28.91962],[104.51563,28.9306],[104.479,28.92317],[104.45153,28.90069],[104.60037,28.8161]]]}},{"type":"Feature","properties":{"id":"40000067_1","area_id":40000067,"name":"Yibin Wuliangye Airport","level":2,"level_name":"Restricted Zones","type":"restricted","zone_type_id":10,"zone_type":"Airport","country":"CN","city":"","color":"#DE4329","height":0,"radius":13443,"shape":1,"begin_at":0,"end_at":0,"url":"","address":"","description":"","source":"dji-flysafe","_raw":{"color":"#DE4329","height":0,"level":2,"lat":28.871831154077856,"lng":104.47788435290283,"radius":13443,"polygon_points":[[[104.362950359,28.9388592196],[104.339904453,28.8759659034],[104.437338912,28.8619596966],[104.439004344,28.8438983935],[104.445580331,28.828331852],[104.45652878,28.8147859675],[104.488309656,28.7972443104],[104.53629197,28.7862721432],[104.572885821,28.7936689577],[104.60036782,28.816103555],[104.451530705,28.9006930905],[104.362950359,28.9388592196]]],"shape":1}},"geometry":{"type":"Polygon","coordinates":[[[104.36295,28.93886],[104.3399,28.87597],[104.43734,28.86196],[104.439,28.8439],[104.44558,28.82833],[104.45653,28.81479],[104.48831,28.79724],[104.53629,28.78627],[104.57289,28.79367],[104.60037,28.8161],[104.45153,28.90069],[104.36295,28.93886]]]}},{"type":"Feature","properties":{"id":"30286025_0","area_id":30286025,"name":"Luzhou Yunlong Airport","level":2,"level_name":"Restricted Zones","type":"restricted","zone_type_id":10,"zone_type":"Airport","country":"CN","city":"","color":"#DE4329","height":0,"radius":13604,"shape":1,"begin_at":0,"end_at":0,"url":"","address":"","description":"","source":"dji-flysafe","_raw":{"color":"#DE4329","height":0,"level":2,"lat":29.01732374420777,"lng":105.4205612083946,"radius":13604,"polygon_points":[[[105.37833467,29.0271348641],[105.28072084,29.0136396887],[105.303321764,28.9506121948],[105.392255817,28.9883275746],[105.405504371,28.9744130289],[105.439012926,28.9594541698],[105.476579264,28.9611478422],[105.526336228,28.9772845802],[105.551438839,29.0018019466],[105.557728964,29.0174621202],[105.559170988,29.0340123967],[105.37833467,29.0271348641]]],"shape":1}},"geometry":{"type":"Polygon","coordinates":[[[105.37833,29.02713],[105.28072,29.01364],[105.30332,28.95061],[105.39226,28.98833],[105.4055,28.97441],[105.43901,28.95945],[105.47658,28.96115],[105.52634,28.97728],[105.55144,29.0018],[105.55773,29.01746],[105.55917,29.03401],[105.37833,29.02713]]]}},{"type":"Feature","properties":{"id":"30286025_1","area_id":30286025,"name":"Luzhou Yunlong Airport","level":2,"level_name":"Restricted Zones","type":"restricted","zone_type_id":10,"zone_type":"Airport","country":"CN","city":"","color":"#DE4329","height":0,"radius":13605,"shape":1,"begin_at":0,"end_at":0,"url":"","address":"","description":"","source":"dji-flysafe","_raw":{"color":"#DE4329","height":0,"level":2,"lat":29.043713651500788,"lng":105.51698480735377,"radius":13605,"polygon_points":[[[105.656873481,29.0474670572],[105.634287397,29.110498396],[105.545239927,29.0728979362],[105.531998518,29.086812663],[105.498455986,29.1017841681],[105.460838768,29.1000848773],[105.411058596,29.0839186109],[105.385988973,29.0593598702],[105.379734858,29.0436878955],[105.37833467,29.0271348641],[105.559170988,29.0340123967],[105.656873481,29.0474670572]]],"shape":1}},"geometry":{"type":"Polygon","coordinates":[[[105.65687,29.04747],[105.63429,29.1105],[105.54524,29.0729],[105.532,29.08681],[105.49846,29.10178],[105.46084,29.10008],[105.41106,29.08392],[105.38599,29.05936],[105.37973,29.04369],[105.37833,29.02713],[105.55917,29.03401],[105.65687,29.04747]]]}},{"type":"Feature","properties":{"id":"773_0","area_id":773,"name":"Dayong Airport","level":2,"level_name":"Restricted Zones","type":"restricted","zone_type_id":10,"zone_type":"Airport","country":"CN","city":"Dayong","color":"#DE4329","height":0,"radius":13477,"shape":1,"begin_at":0,"end_at":0,"url":"","address":"","description":"","source":"dji-flysafe","_raw":{"color":"#DE4329","height":0,"level":2,"lat":29.09813156719636,"lng":110.39082351961781,"radius":13477,"polygon_points":[[[110.350563865,29.1057754128],[110.252193188,29.0941031497],[110.274506076,29.0321506645],[110.36448222,29.0621584402],[110.386779447,29.0442722927],[110.404249832,29.037775347],[110.423047067,29.0354504217],[110.473569885,29.0424581133],[110.506668534,29.0580897328],[110.518655862,29.0709628521],[110.529446195,29.1024956224],[110.350563865,29.1057754128]]],"shape":1}},"geometry":{"type":"Polygon","coordinates":[[[110.35056,29.10578],[110.25219,29.0941],[110.27451,29.03215],[110.36448,29.06216],[110.38678,29.04427],[110.40425,29.03778],[110.42305,29.03545],[110.47357,29.04246],[110.50667,29.05809],[110.51866,29.07096],[110.52945,29.1025],[110.35056,29.10578]]]}},{"type":"Feature","properties":{"id":"773_1","area_id":773,"name":"Dayong Airport","level":2,"level_name":"Restricted Zones","type":"restricted","zone_type_id":10,"zone_type":"Airport","country":"CN","city":"Dayong","color":"#DE4329","height":0,"radius":13488,"shape":1,"begin_at":0,"end_at":0,"url":"","address":"","description":"","source":"dji-flysafe","_raw":{"color":"#DE4329","height":0,"level":2,"lat":29.114864391977996,"lng":110.48901786361569,"radius":13488,"polygon_points":[[[110.627790615,29.1108786642],[110.608867607,29.1761694419],[110.517200158,29.1395029812],[110.494659147,29.1592091963],[110.477413666,29.1661888078],[110.458685735,29.1690304271],[110.408096778,29.1625419426],[110.376211111,29.1489750594],[110.363393017,29.1367209209],[110.350563865,29.1057754128],[110.529446195,29.1024956224],[110.627790615,29.1108786642]]],"shape":1}},"geometry":{"type":"Polygon","coordinates":[[[110.62779,29.11088],[110.60887,29.17617],[110.5172,29.1395],[110.49466,29.15921],[110.47741,29.16619],[110.45869,29.16903],[110.4081,29.16254],[110.37621,29.14898],[110.36339,29.13672],[110.35056,29.10578],[110.52945,29.1025],[110.62779,29.11088]]]}},{"type":"Feature","properties":{"id":"1781_0","area_id":1781,"name":"Changde Airport","level":2,"level_name":"Restricted Zones","type":"restricted","zone_type_id":10,"zone_type":"Airport","country":"CN","city":"Changde","color":"#DE4329","height":0,"radius":13146,"shape":1,"begin_at":0,"end_at":0,"url":"","address":"","description":"","source":"dji-flysafe","_raw":{"color":"#DE4329","height":0,"level":2,"lat":28.876999516908946,"lng":111.62767302132706,"radius":13146,"polygon_points":[[[111.595364549,28.849494929],[111.560329438,28.7745402451],[111.637661522,28.7590919332],[111.642566723,28.8423516858],[111.676945753,28.8518515035],[111.691595549,28.8623812423],[111.709318154,28.891405249],[111.716007282,28.9181561009],[111.715011821,28.9467749574],[111.696339843,28.9753464947],[111.681333432,28.9855039174],[111.595364549,28.849494929]]],"shape":1}},"geometry":{"type":"Polygon","coordinates":[[[111.59536,28.84949],[111.56033,28.77454],[111.63766,28.75909],[111.64257,28.84235],[111.67695,28.85185],[111.6916,28.86238],[111.70932,28.89141],[111.71601,28.91816],[111.71501,28.94677],[111.69634,28.97535],[111.68133,28.9855],[111.59536,28.84949]]]}},{"type":"Feature","properties":{"id":"1781_1","area_id":1781,"name":"Changde Airport","level":2,"level_name":"Restricted Zones","type":"restricted","zone_type_id":10,"zone_type":"Airport","country":"CN","city":"Changde","color":"#DE4329","height":0,"radius":13375,"shape":1,"begin_at":0,"end_at":0,"url":"","address":"","description":"","source":"dji-flysafe","_raw":{"color":"#DE4329","height":0,"level":2,"lat":28.95918444423931,"lng":111.6517536744972,"radius":13375,"polygon_points":[[[111.719680887,29.0637781089],[111.644052135,29.0792814792],[111.634041187,28.9976057751],[111.60051588,28.9854206244],[111.586991231,28.9737791952],[111.572319926,28.9434733531],[111.563329428,28.9065544159],[111.564548631,28.8899905326],[111.570621595,28.8742671457],[111.595364549,28.849494929],[111.681333432,28.9855039174],[111.719680887,29.0637781089]]],"shape":1}},"geometry":{"type":"Polygon","coordinates":[[[111.71968,29.06378],[111.64405,29.07928],[111.63404,28.99761],[111.60052,28.98542],[111.58699,28.97378],[111.57232,28.94347],[111.56333,28.90655],[111.56455,28.88999],[111.57062,28.87427],[111.59536,28.84949],[111.68133,28.9855],[111.71968,29.06378]]]}},{"type":"Feature","properties":{"id":"4886_0","area_id":4886,"name":"Nanchang Changbei International Airport","level":2,"level_name":"Restricted Zones","type":"restricted","zone_type_id":10,"zone_type":"Airport","country":"CN","city":"Nanchang","color":"#DE4329","height":0,"radius":13566,"shape":1,"begin_at":0,"end_at":0,"url":"","address":"","description":"","source":"dji-flysafe","_raw":{"color":"#DE4329","height":0,"level":2,"lat":28.825388526408506,"lng":115.8808181042853,"radius":13566,"polygon_points":[[[115.845293998,28.8013469731],[115.796945039,28.7280122049],[115.867445426,28.7039423418],[115.889078618,28.7872569639],[115.923347098,28.7918636901],[115.939744653,28.8001708764],[115.962599721,28.826290033],[115.975944113,28.8546464178],[115.981809741,28.8829015619],[115.970348884,28.9142473089],[115.958094977,28.9269145973],[115.845293998,28.8013469731]]],"shape":1}},"geometry":{"type":"Polygon","coordinates":[[[115.84529,28.80135],[115.79695,28.72801],[115.86745,28.70394],[115.88908,28.78726],[115.92335,28.79186],[115.93974,28.80017],[115.9626,28.82629],[115.97594,28.85465],[115.98181,28.8829],[115.97035,28.91425],[115.95809,28.92691],[115.84529,28.80135]]]}},{"type":"Feature","properties":{"id":"4886_1","area_id":4886,"name":"Nanchang Changbei International Airport","level":2,"level_name":"Restricted Zones","type":"restricted","zone_type_id":10,"zone_type":"Airport","country":"CN","city":"Nanchang","color":"#DE4329","height":0,"radius":13787,"shape":1,"begin_at":0,"end_at":0,"url":"","address":"","description":"","source":"dji-flysafe","_raw":{"color":"#DE4329","height":0,"level":2,"lat":28.90469909035119,"lng":115.9235130776658,"radius":13787,"polygon_points":[[[116.011397289,29.0019695531],[115.940941662,29.0277544776],[115.915936552,28.9427515522],[115.880914473,28.9389308917],[115.864274777,28.9309663756],[115.840706115,28.9053219287],[115.827384608,28.8753443748],[115.820968324,28.8450956005],[115.824576563,28.8288010961],[115.845293998,28.8013469731],[115.958094977,28.9269145973],[116.011397289,29.0019695531]]],"shape":1}},"geometry":{"type":"Polygon","coordinates":[[[116.0114,29.00197],[115.94094,29.02775],[115.91594,28.94275],[115.88091,28.93893],[115.86427,28.93097],[115.84071,28.90532],[115.82738,28.87534],[115.82097,28.8451],[115.82458,28.8288],[115.84529,28.80135],[115.95809,28.92691],[116.0114,29.00197]]]}},{"type":"Feature","properties":{"id":"2752_0","area_id":2752,"name":"Quzhou Airport","level":2,"level_name":"Restricted Zones","type":"restricted","zone_type_id":10,"zone_type":"Airport","country":"CN","city":"Quzhou","color":"#DE4329","height":0,"radius":13119,"shape":1,"begin_at":0,"end_at":0,"url":"","address":"","description":"","source":"dji-flysafe","_raw":{"color":"#DE4329","height":0,"level":2,"lat":28.94145799937601,"lng":118.8583362559995,"radius":13119,"polygon_points":[[[118.816983825,28.9403669235],[118.731964838,28.900387095],[118.774985161,28.8487410168],[118.845,28.9054076164],[118.87849612,28.8934982817],[118.897454159,28.8934393839],[118.932240725,28.905919558],[118.966401886,28.9303856555],[118.97674586,28.944298002],[118.983636724,28.9766535286],[118.979709856,28.9928924377],[118.816983825,28.9403669235]]],"shape":1}},"geometry":{"type":"Polygon","coordinates":[[[118.81698,28.94037],[118.73196,28.90039],[118.77499,28.84874],[118.845,28.90541],[118.8785,28.8935],[118.89745,28.89344],[118.93224,28.90592],[118.9664,28.93039],[118.97675,28.9443],[118.98364,28.97665],[118.97971,28.99289],[118.81698,28.94037]]]}},{"type":"Feature","properties":{"id":"2752_1","area_id":2752,"name":"Quzhou Airport","level":2,"level_name":"Restricted Zones","type":"restricted","zone_type_id":10,"zone_type":"Airport","country":"CN","city":"Quzhou","color":"#DE4329","height":0,"radius":13257,"shape":1,"begin_at":0,"end_at":0,"url":"","address":"","description":"","source":"dji-flysafe","_raw":{"color":"#DE4329","height":0,"level":2,"lat":28.98780400030192,"lng":118.94200591158712,"radius":13257,"polygon_points":[[[119.069692536,29.0295842938],[119.021637529,29.0845921261],[118.951666667,29.0279257169],[118.920066527,29.0391467998],[118.901084701,29.0394448278],[118.882662496,29.0354349034],[118.84440445,29.0140665016],[118.819866293,28.988965108],[118.814012433,28.9731765504],[118.816983825,28.9403669235],[118.979709856,28.9928924377],[119.069692536,29.0295842938]]],"shape":1}},"geometry":{"type":"Polygon","coordinates":[[[119.06969,29.02958],[119.02164,29.08459],[118.95167,29.02793],[118.92007,29.03915],[118.90108,29.03944],[118.88266,29.03543],[118.8444,29.01407],[118.81987,28.98897],[118.81401,28.97318],[118.81698,28.94037],[118.97971,28.99289],[119.06969,29.02958]]]}},{"type":"Feature","properties":{"id":"9728_0","area_id":9728,"name":"Shigatse Peace Airport","level":2,"level_name":"Restricted Zones","type":"restricted","zone_type_id":10,"zone_type":"Airport","country":"CN","city":"Rikaze","color":"#DE4329","height":0,"radius":14533,"shape":1,"begin_at":0,"end_at":0,"url":"","address":"","description":"","source":"dji-flysafe","_raw":{"color":"#DE4329","height":0,"level":2,"lat":29.351814807119766,"lng":89.3614826678272,"radius":14533,"polygon_points":[[[89.4072725547,29.3274194931],[89.5042038635,29.3117925634],[89.506443906,29.3830052863],[89.4086803652,29.3720281971],[89.3901476959,29.4006655515],[89.3751523671,29.4109051451],[89.3387569096,29.4197438543],[89.283415276,29.4210425042],[89.2464991021,29.413924041],[89.2308924022,29.4044023477],[89.2186495132,29.3916850406],[89.4072725547,29.3274194931]]],"shape":1}},"geometry":{"type":"Polygon","coordinates":[[[89.40727,29.32742],[89.5042,29.31179],[89.50644,29.38301],[89.40868,29.37203],[89.39015,29.40067],[89.37515,29.41091],[89.33876,29.41974],[89.28342,29.42104],[89.2465,29.41392],[89.23089,29.4044],[89.21865,29.39169],[89.40727,29.32742]]]}},{"type":"Feature","properties":{"id":"9728_1","area_id":9728,"name":"Shigatse Peace Airport","level":2,"level_name":"Restricted Zones","type":"restricted","zone_type_id":10,"zone_type":"Airport","country":"CN","city":"Rikaze","color":"#DE4329","height":0,"radius":14696,"shape":1,"begin_at":0,"end_at":0,"url":"","address":"","description":"","source":"dji-flysafe","_raw":{"color":"#DE4329","height":0,"level":2,"lat":29.353126632031927,"lng":89.25854957211921,"radius":14696,"polygon_points":[[[89.1136707441,29.392224823],[89.1114795135,29.3210118514],[89.2092344199,29.3321031111],[89.2163617137,29.3167033518],[89.227810348,29.3034428498],[89.2603148924,29.2867202317],[89.3534487203,29.2845272335],[89.3869444288,29.2996877564],[89.4072725547,29.3274194931],[89.2186495132,29.3916850406],[89.2106043544,29.376639795],[89.1136707441,29.392224823]]],"shape":1}},"geometry":{"type":"Polygon","coordinates":[[[89.11367,29.39222],[89.11148,29.32101],[89.20923,29.3321],[89.21636,29.3167],[89.22781,29.30344],[89.26031,29.28672],[89.35345,29.28453],[89.38694,29.29969],[89.40727,29.32742],[89.21865,29.39169],[89.2106,29.37664],[89.11367,29.39222]]]}},{"type":"Feature","properties":{"id":"4081_0","area_id":4081,"name":"Lhasa Gonggar Airport","level":2,"level_name":"Restricted Zones","type":"restricted","zone_type_id":10,"zone_type":"Airport","country":"CN","city":"Lhasa","color":"#DE4329","height":0,"radius":14610,"shape":1,"begin_at":0,"end_at":0,"url":"","address":"","description":"","source":"dji-flysafe","_raw":{"color":"#DE4329","height":0,"level":2,"lat":29.298995842224286,"lng":90.86163583164118,"radius":14610,"polygon_points":[[[90.717343455,29.3368860673],[90.7164970597,29.2638111105],[90.8137407507,29.2765395246],[90.8327692239,29.2487335228],[90.8479779212,29.2387635848],[90.884504628,29.2305618935],[90.9378605877,29.2300857398],[90.9740046105,29.2373591909],[90.9895449375,29.2469315613],[91.0096980495,29.2747545187],[90.8142721122,29.3225007917],[90.717343455,29.3368860673]]],"shape":1}},"geometry":{"type":"Polygon","coordinates":[[[90.71734,29.33689],[90.7165,29.26381],[90.81374,29.27654],[90.83277,29.24873],[90.84798,29.23876],[90.8845,29.23056],[90.93786,29.23009],[90.974,29.23736],[90.98954,29.24693],[91.0097,29.27475],[90.81427,29.3225],[90.71734,29.33689]]]}},{"type":"Feature","properties":{"id":"4081_1","area_id":4081,"name":"Lhasa Gonggar Airport","level":2,"level_name":"Restricted Zones","type":"restricted","zone_type_id":10,"zone_type":"Airport","country":"CN","city":"Lhasa","color":"#DE4329","height":0,"radius":14611,"shape":1,"begin_at":0,"end_at":0,"url":"","address":"","description":"","source":"dji-flysafe","_raw":{"color":"#DE4329","height":0,"level":2,"lat":29.298142130260423,"lng":90.96235427097399,"radius":14611,"polygon_points":[[[91.0096980495,29.2747545187],[91.1066291518,29.2603262478],[91.1075296974,29.3334011124],[91.0102702561,29.3207879527],[90.9912815747,29.348574327],[90.9760674847,29.358556983],[90.9394998248,29.3667751411],[90.8861447525,29.3672513023],[90.8499253911,29.3599468092],[90.834383878,29.3503546865],[90.8142721122,29.3225007917],[91.0096980495,29.2747545187]]],"shape":1}},"geometry":{"type":"Polygon","coordinates":[[[91.0097,29.27475],[91.10663,29.26033],[91.10753,29.3334],[91.01027,29.32079],[90.99128,29.34857],[90.97607,29.35856],[90.9395,29.36678],[90.88614,29.36725],[90.84993,29.35995],[90.83438,29.35035],[90.81427,29.3225],[91.0097,29.27475]]]}},{"type":"Feature","properties":{"id":"4115_0","area_id":4115,"name":"Nyingchi Airport","level":2,"level_name":"Restricted Zones","type":"restricted","zone_type_id":10,"zone_type":"Airport","country":"CN","city":"Nyingchi","color":"#DE4329","height":0,"radius":13675,"shape":1,"begin_at":0,"end_at":0,"url":"","address":"","description":"","source":"dji-flysafe","_raw":{"color":"#DE4329","height":0,"level":2,"lat":29.329780103508458,"lng":94.37605509632222,"radius":13675,"polygon_points":[[[94.4214251824,29.3313818663],[94.5090278267,29.370913656],[94.460958027,29.4280253563],[94.3913662967,29.3671188809],[94.3564308065,29.3799350777],[94.3373828994,29.3800106431],[94.302427688,29.36754711],[94.2612343594,29.3387852205],[94.2511399513,29.3247119643],[94.2455695984,29.3088402371],[94.2491772655,29.2760784974],[94.4214251824,29.3313818663]]],"shape":1}},"geometry":{"type":"Polygon","coordinates":[[[94.42143,29.33138],[94.50903,29.37091],[94.46096,29.42803],[94.39137,29.36712],[94.35643,29.37994],[94.33738,29.38001],[94.30243,29.36755],[94.26123,29.33879],[94.25114,29.32471],[94.24557,29.30884],[94.24918,29.27608],[94.42143,29.33138]]]}},{"type":"Feature","properties":{"id":"4115_1","area_id":4115,"name":"Nyingchi Airport","level":2,"level_name":"Restricted Zones","type":"restricted","zone_type_id":10,"zone_type":"Airport","country":"CN","city":"Nyingchi","color":"#DE4329","height":0,"radius":13674,"shape":1,"begin_at":0,"end_at":0,"url":"","address":"","description":"","source":"dji-flysafe","_raw":{"color":"#DE4329","height":0,"level":2,"lat":29.277623180230325,"lng":94.29458944101296,"radius":13674,"polygon_points":[[[94.1617329958,29.2365310453],[94.2097583955,29.1794248711],[94.2791887851,29.240413268],[94.2957078002,29.2319822458],[94.3330744871,29.2275211245],[94.3514723049,29.2317320052],[94.3951826152,29.257344829],[94.4193438175,29.2827521476],[94.4256626867,29.3152000304],[94.4214251824,29.3313818663],[94.2491772655,29.2760784974],[94.1617329958,29.2365310453]]],"shape":1}},"geometry":{"type":"Polygon","coordinates":[[[94.16173,29.23653],[94.20976,29.17942],[94.27919,29.24041],[94.29571,29.23198],[94.33307,29.22752],[94.35147,29.23173],[94.39518,29.25734],[94.41934,29.28275],[94.42566,29.3152],[94.42143,29.33138],[94.24918,29.27608],[94.16173,29.23653]]]}},{"type":"Feature","properties":{"id":"33226_0","area_id":33226,"name":"亚丁","level":2,"level_name":"Restricted Zones","type":"restricted","zone_type_id":10,"zone_type":"Airport","country":"CN","city":"稻城","color":"#DE4329","height":0,"radius":13348,"shape":1,"begin_at":0,"end_at":0,"url":"","address":"","description":"","source":"dji-flysafe","_raw":{"color":"#DE4329","height":0,"level":2,"lat":29.366149989374318,"lng":100.03464674934106,"radius":13348,"polygon_points":[[[100.05923873,29.4009830659],[100.042548619,29.4859979027],[99.9686339147,29.4670797155],[100.010312242,29.3887720931],[99.9876880773,29.3665038513],[99.9810228464,29.3509553858],[99.979202944,29.3344331334],[99.9823500828,29.3180632522],[99.9973476771,29.2814027199],[100.012479922,29.2572650647],[100.026763459,29.2463016114],[100.05923873,29.4009830659]]],"shape":1}},"geometry":{"type":"Polygon","coordinates":[[[100.05924,29.40098],[100.04255,29.486],[99.96863,29.46708],[100.01031,29.38877],[99.98769,29.3665],[99.98102,29.35096],[99.9792,29.33443],[99.98235,29.31806],[99.99735,29.2814],[100.01248,29.25727],[100.02676,29.2463],[100.05924,29.40098]]]}},{"type":"Feature","properties":{"id":"33226_1","area_id":33226,"name":"亚丁","level":2,"level_name":"Restricted Zones","type":"restricted","zone_type_id":10,"zone_type":"Airport","country":"CN","city":"稻城","color":"#DE4329","height":0,"radius":13969,"shape":1,"begin_at":0,"end_at":0,"url":"","address":"","description":"","source":"dji-flysafe","_raw":{"color":"#DE4329","height":0,"level":2,"lat":29.276319169268305,"lng":100.07708416564503,"radius":13969,"polygon_points":[[[100.075751585,29.1506937707],[100.153032426,29.1695962361],[100.108012175,29.2445451309],[100.133119417,29.2699644253],[100.13997034,29.3023299492],[100.125995967,29.3519015333],[100.109486983,29.3797378994],[100.077948161,29.397850773],[100.05923873,29.4009830659],[100.026763459,29.2463016114],[100.062459034,29.2356669431],[100.075751585,29.1506937707]]],"shape":1}},"geometry":{"type":"Polygon","coordinates":[[[100.07575,29.15069],[100.15303,29.1696],[100.10801,29.24455],[100.13312,29.26996],[100.13997,29.30233],[100.126,29.3519],[100.10949,29.37974],[100.07795,29.39785],[100.05924,29.40098],[100.02676,29.2463],[100.06246,29.23567],[100.07575,29.15069]]]}},{"type":"Feature","properties":{"id":"1866_0","area_id":1866,"name":"Chongqing Jiangbei International Airport","level":2,"level_name":"Restricted Zones","type":"restricted","zone_type_id":10,"zone_type":"Airport","country":"CN","city":"Chongqing","color":"#DE4329","height":0,"radius":8718,"shape":1,"begin_at":0,"end_at":0,"url":"","address":"","description":"","source":"dji-flysafe","_raw":{"color":"#DE4329","height":0,"level":2,"lat":29.726479236797413,"lng":106.617429410286,"radius":8718,"polygon_points":[[[106.64291605438405,29.8016990626766],[106.629060501,29.7999586436],[106.611638832,29.7931077965],[106.60718717700038,29.789935960988608],[106.606628048,29.7897869657],[106.591849804,29.7792515767],[106.580719988,29.7657544674],[106.573996298,29.750216431],[106.563200307,29.6930014918],[106.568443366,29.677040482],[106.59198095,29.6512545364],[106.64291605438405,29.8016990626766]]],"shape":1}},"geometry":{"type":"Polygon","coordinates":[[[106.64292,29.8017],[106.62906,29.79996],[106.61164,29.79311],[106.60719,29.78994],[106.60663,29.78979],[106.59185,29.77925],[106.58072,29.76575],[106.574,29.75022],[106.5632,29.693],[106.56844,29.67704],[106.59198,29.65125],[106.64292,29.8017]]]}},{"type":"Feature","properties":{"id":"1866_1","area_id":1866,"name":"Chongqing Jiangbei International Airport","level":2,"level_name":"Restricted Zones","type":"restricted","zone_type_id":10,"zone_type":"Airport","country":"CN","city":"Chongqing","color":"#DE4329","height":0,"radius":11160,"shape":1,"begin_at":0,"end_at":0,"url":"","address":"","description":"","source":"dji-flysafe","_raw":{"color":"#DE4329","height":0,"level":2,"lat":29.644719596219353,"lng":106.63474582093077,"radius":11160,"polygon_points":[[[106.59198095,29.6512545364],[106.550279695,29.5763058632],[106.624199956,29.5539915868],[106.62456005711662,29.555829079971065],[106.630884539,29.5540034276],[106.6425453,29.6389989909],[106.677526703,29.6468003419],[106.692945181,29.6565961227],[106.712646419,29.6847066444],[106.71677191303264,29.70680420133629],[106.719326777,29.7130797275],[106.59198095,29.6512545364]]],"shape":1}},"geometry":{"type":"Polygon","coordinates":[[[106.59198,29.65125],[106.55028,29.57631],[106.6242,29.55399],[106.62456,29.55583],[106.63088,29.554],[106.64255,29.639],[106.67753,29.6468],[106.69295,29.6566],[106.71265,29.68471],[106.71677,29.7068],[106.71933,29.71308],[106.59198,29.65125]]]}},{"type":"Feature","properties":{"id":"1866_2","area_id":1866,"name":"Chongqing Jiangbei International Airport","level":2,"level_name":"Restricted Zones","type":"restricted","zone_type_id":10,"zone_type":"Airport","country":"CN","city":"Chongqing","color":"#DE4329","height":0,"radius":13877,"shape":1,"begin_at":0,"end_at":0,"url":"","address":"","description":"","source":"dji-flysafe","_raw":{"color":"#DE4329","height":0,"level":2,"lat":29.75960353884317,"lng":106.66328536338035,"radius":13877,"polygon_points":[[[106.66388792693948,29.88292138679577],[106.659148181,29.8843530091],[106.64291605438405,29.8016990626766],[106.59198095,29.6512545364],[106.719326777,29.7130797275],[106.72018878362955,29.725106128805237],[106.723830274,29.7446111966],[106.709754862,29.7751714002],[106.696398382,29.7870506244],[106.736364396,29.8670971148],[106.664117825,29.8843334177],[106.66388792693948,29.88292138679577]]],"shape":1}},"geometry":{"type":"Polygon","coordinates":[[[106.66389,29.88292],[106.65915,29.88435],[106.64292,29.8017],[106.59198,29.65125],[106.71933,29.71308],[106.72019,29.72511],[106.72383,29.74461],[106.70975,29.77517],[106.6964,29.78705],[106.73636,29.8671],[106.66412,29.88433],[106.66389,29.88292]]]}},{"type":"Feature","properties":{"id":"2656_0","area_id":2656,"name":"Qianjiang Wulingshan Airport","level":2,"level_name":"Restricted Zones","type":"restricted","zone_type_id":10,"zone_type":"Airport","country":"CN","city":"Qianjiang","color":"#DE4329","height":0,"radius":13126,"shape":1,"begin_at":0,"end_at":0,"url":"","address":"","description":"","source":"dji-flysafe","_raw":{"color":"#DE4329","height":0,"level":2,"lat":29.473907062394574,"lng":108.81128046798764,"radius":13126,"polygon_points":[[[108.775266279,29.4597593276],[108.720242975,29.3864513583],[108.79069391,29.3572290549],[108.819039647,29.4389014349],[108.85480744,29.4434428703],[108.871295521,29.4517706461],[108.894253059,29.4779183963],[108.910806826,29.5250849929],[108.908459109,29.5415570608],[108.9012896,29.5569389187],[108.889785182,29.5701815991],[108.775266279,29.4597593276]]],"shape":1}},"geometry":{"type":"Polygon","coordinates":[[[108.77527,29.45976],[108.72024,29.38645],[108.79069,29.35723],[108.81904,29.4389],[108.85481,29.44344],[108.8713,29.45177],[108.89425,29.47792],[108.91081,29.52508],[108.90846,29.54156],[108.90129,29.55694],[108.88979,29.57018],[108.77527,29.45976]]]}},{"type":"Feature","properties":{"id":"2656_1","area_id":2656,"name":"Qianjiang Wulingshan Airport","level":2,"level_name":"Restricted Zones","type":"restricted","zone_type_id":10,"zone_type":"Airport","country":"CN","city":"Qianjiang","color":"#DE4329","height":0,"radius":13102,"shape":1,"begin_at":0,"end_at":0,"url":"","address":"","description":"","source":"dji-flysafe","_raw":{"color":"#DE4329","height":0,"level":2,"lat":29.552151046367577,"lng":108.85929351696733,"radius":13102,"polygon_points":[[[108.944749099,29.6436000734],[108.872589041,29.6694135955],[108.844304733,29.5877710475],[108.811615919,29.5852892769],[108.794384685,29.5781516469],[108.779867815,29.5673770497],[108.757397456,29.5337150842],[108.750900465,29.5035571259],[108.754488655,29.4872553617],[108.775266279,29.4597593276],[108.889785182,29.5701815991],[108.944749099,29.6436000734]]],"shape":1}},"geometry":{"type":"Polygon","coordinates":[[[108.94475,29.6436],[108.87259,29.66941],[108.8443,29.58777],[108.81162,29.58529],[108.79438,29.57815],[108.77987,29.56738],[108.7574,29.53372],[108.7509,29.50356],[108.75449,29.48726],[108.77527,29.45976],[108.88979,29.57018],[108.94475,29.6436]]]}},{"type":"Feature","properties":{"id":"40000023_0","area_id":40000023,"name":"Sanhe airport","level":2,"level_name":"Restricted Zones","type":"restricted","zone_type_id":10,"zone_type":"Airport","country":"CN","city":"","color":"#DE4329","height":0,"radius":13325,"shape":1,"begin_at":0,"end_at":0,"url":"","address":"","description":"","source":"dji-flysafe","_raw":{"color":"#DE4329","height":0,"level":2,"lat":29.268590233870697,"lng":113.28168009507323,"radius":13325,"polygon_points":[[[113.258435167,29.2388564743],[113.244134555,29.1533209003],[113.319779646,29.1534594654],[113.305078956,29.2389442156],[113.324203832,29.2458417676],[113.350594274,29.2693605649],[113.357691484,29.2847611301],[113.359978314,29.3012391115],[113.357157217,29.342475806],[113.337770715,29.3707197944],[113.304767578,29.3867248705],[113.258435167,29.2388564743]]],"shape":1}},"geometry":{"type":"Polygon","coordinates":[[[113.25844,29.23886],[113.24413,29.15332],[113.31978,29.15346],[113.30508,29.23894],[113.3242,29.24584],[113.35059,29.26936],[113.35769,29.28476],[113.35998,29.30124],[113.35716,29.34248],[113.33777,29.37072],[113.30477,29.38672],[113.25844,29.23886]]]}},{"type":"Feature","properties":{"id":"40000023_1","area_id":40000023,"name":"Sanhe airport","level":2,"level_name":"Restricted Zones","type":"restricted","zone_type_id":10,"zone_type":"Airport","country":"CN","city":"","color":"#DE4329","height":0,"radius":13325,"shape":1,"begin_at":0,"end_at":0,"url":"","address":"","description":"","source":"dji-flysafe","_raw":{"color":"#DE4329","height":0,"level":2,"lat":29.357000134535664,"lng":113.28146730196765,"radius":13325,"polygon_points":[[[113.31911967,29.4722634372],[113.24326024,29.4721248421],[113.258035379,29.38664181],[113.238808366,29.3796934504],[113.212449548,29.3561234368],[113.205391794,29.3407073639],[113.203153092,29.3242242671],[113.206040784,29.2830533331],[113.225456748,29.2548334458],[113.258435167,29.2388564743],[113.304767578,29.3867248705],[113.31911967,29.4722634372]]],"shape":1}},"geometry":{"type":"Polygon","coordinates":[[[113.31912,29.47226],[113.24326,29.47212],[113.25804,29.38664],[113.23881,29.37969],[113.21245,29.35612],[113.20539,29.34071],[113.20315,29.32422],[113.20604,29.28305],[113.22546,29.25483],[113.25844,29.23886],[113.30477,29.38672],[113.31912,29.47226]]]}},{"type":"Feature","properties":{"id":"40045028_0","area_id":40045028,"name":"九江庐山机场","level":2,"level_name":"Restricted Zones","type":"restricted","zone_type_id":10,"zone_type":"Airport","country":"CN","city":"","color":"#DE4329","height":0,"radius":13423,"shape":1,"begin_at":0,"end_at":0,"url":"","address":"","description":"","source":"dji-flysafe","_raw":{"color":"#DE4329","height":0,"level":2,"lat":29.442398698807906,"lng":115.77026482995142,"radius":13423,"polygon_points":[[[115.73014231,29.4309230852],[115.658082526,29.371524376],[115.7176765,29.3307102299],[115.766865894,29.4057917087],[115.786834726,29.4008677181],[115.824302632,29.405081634],[115.840829605,29.4133412661],[115.872190625,29.4447972809],[115.887661605,29.4763949886],[115.882674083,29.5090199014],[115.87311329,29.5233823461],[115.73014231,29.4309230852]]],"shape":1}},"geometry":{"type":"Polygon","coordinates":[[[115.73014,29.43092],[115.65808,29.37152],[115.71768,29.33071],[115.76687,29.40579],[115.78683,29.40087],[115.8243,29.40508],[115.84083,29.41334],[115.87219,29.4448],[115.88766,29.47639],[115.88267,29.50902],[115.87311,29.52338],[115.73014,29.43092]]]}},{"type":"Feature","properties":{"id":"40045028_1","area_id":40045028,"name":"九江庐山机场","level":2,"level_name":"Restricted Zones","type":"restricted","zone_type_id":10,"zone_type":"Airport","country":"CN","city":"","color":"#DE4329","height":0,"radius":13424,"shape":1,"begin_at":0,"end_at":0,"url":"","address":"","description":"","source":"dji-flysafe","_raw":{"color":"#DE4329","height":0,"level":2,"lat":29.51187616245371,"lng":115.83302158004398,"radius":13424,"polygon_points":[[[115.945347955,29.582775924],[115.885634349,29.6235969438],[115.836303643,29.548564042],[115.797177671,29.5535214941],[115.778740624,29.5492479041],[115.748701072,29.5292430237],[115.720361396,29.4939322233],[115.715490821,29.4778845974],[115.715558031,29.4612864614],[115.73014231,29.4309230852],[115.87311329,29.5233823461],[115.945347955,29.582775924]]],"shape":1}},"geometry":{"type":"Polygon","coordinates":[[[115.94535,29.58278],[115.88563,29.6236],[115.8363,29.54856],[115.79718,29.55352],[115.77874,29.54925],[115.7487,29.52924],[115.72036,29.49393],[115.71549,29.47788],[115.71556,29.46129],[115.73014,29.43092],[115.87311,29.52338],[115.94535,29.58278]]]}},{"type":"Feature","properties":{"id":"2619_0","area_id":2619,"name":"Jingdezhen Airport","level":2,"level_name":"Restricted Zones","type":"restricted","zone_type_id":10,"zone_type":"Airport","country":"CN","city":"Jingdezhen","color":"#DE4329","height":0,"radius":13215,"shape":1,"begin_at":0,"end_at":0,"url":"","address":"","description":"","source":"dji-flysafe","_raw":{"color":"#DE4329","height":0,"level":2,"lat":29.30066612703013,"lng":117.15193714366188,"radius":13215,"polygon_points":[[[117.105250506,29.2984302654],[117.033567298,29.2418162953],[117.088627617,29.1954341035],[117.142050982,29.2687864041],[117.172923392,29.2653044286],[117.208389781,29.2765327083],[117.252963397,29.3214497036],[117.259068476,29.3371714178],[117.260298978,29.3537349639],[117.248129718,29.3848919923],[117.105250506,29.2984302654]]],"shape":1}},"geometry":{"type":"Polygon","coordinates":[[[117.10525,29.29843],[117.03357,29.24182],[117.08863,29.19543],[117.14205,29.26879],[117.17292,29.2653],[117.20839,29.27653],[117.25296,29.32145],[117.25907,29.33717],[117.2603,29.35373],[117.24813,29.38489],[117.10525,29.29843]]]}},{"type":"Feature","properties":{"id":"2619_1","area_id":2619,"name":"Jingdezhen Airport","level":2,"level_name":"Restricted Zones","type":"restricted","zone_type_id":10,"zone_type":"Airport","country":"CN","city":"Jingdezhen","color":"#DE4329","height":0,"radius":13113,"shape":1,"begin_at":0,"end_at":0,"url":"","address":"","description":"","source":"dji-flysafe","_raw":{"color":"#DE4329","height":0,"level":2,"lat":29.373498229659628,"lng":117.20958003853033,"radius":13113,"polygon_points":[[[117.321442208,29.4399120968],[117.26466736,29.4812252985],[117.211330894,29.4112246027],[117.176636335,29.41543509],[117.158105791,29.4115698698],[117.12753391,29.3922345793],[117.109209696,29.3705783061],[117.096157661,29.3464437311],[117.094292581,29.3299253145],[117.09739474,29.3135489283],[117.105250506,29.2984302654],[117.248129718,29.3848919923],[117.321442208,29.4399120968]]],"shape":1}},"geometry":{"type":"Polygon","coordinates":[[[117.32144,29.43991],[117.26467,29.48123],[117.21133,29.41122],[117.17664,29.41544],[117.15811,29.41157],[117.12753,29.39223],[117.10921,29.37058],[117.09616,29.34644],[117.09429,29.32993],[117.09739,29.31355],[117.10525,29.29843],[117.24813,29.38489],[117.32144,29.43991]]]}},{"type":"Feature","properties":{"id":"15892_0","area_id":15892,"name":"Tunxi International Airport","level":2,"level_name":"Restricted Zones","type":"restricted","zone_type_id":10,"zone_type":"Airport","country":"CN","city":"Huangshan","color":"#DE4329","height":0,"radius":13239,"shape":1,"begin_at":0,"end_at":0,"url":"","address":"","description":"","source":"dji-flysafe","_raw":{"color":"#DE4329","height":0,"level":2,"lat":29.75941362327028,"lng":118.21551322665393,"radius":13239,"polygon_points":[[[118.203332274,29.7962466976],[118.138434249,29.8579226713],[118.088608954,29.804641874],[118.173597256,29.7630133134],[118.170980905,29.7320149227],[118.176714216,29.7161810442],[118.186968551,29.7021747188],[118.222688971,29.6759628535],[118.251134384,29.6634496998],[118.289007777,29.6638601368],[118.306565221,29.6703990915],[118.203332274,29.7962466976]]],"shape":1}},"geometry":{"type":"Polygon","coordinates":[[[118.20333,29.79625],[118.13843,29.85792],[118.08861,29.80464],[118.1736,29.76301],[118.17098,29.73201],[118.17671,29.71618],[118.18697,29.70217],[118.22269,29.67596],[118.25113,29.66345],[118.28901,29.66386],[118.30657,29.6704],[118.20333,29.79625]]]}},{"type":"Feature","properties":{"id":"15892_1","area_id":15892,"name":"Tunxi International Airport","level":2,"level_name":"Restricted Zones","type":"restricted","zone_type_id":10,"zone_type":"Airport","country":"CN","city":"Huangshan","color":"#DE4329","height":0,"radius":13299,"shape":1,"begin_at":0,"end_at":0,"url":"","address":"","description":"","source":"dji-flysafe","_raw":{"color":"#DE4329","height":0,"level":2,"lat":29.70476190200833,"lng":118.2920711923177,"radius":13299,"polygon_points":[[[118.37665188,29.610407682],[118.421380557,29.6637155564],[118.336397484,29.7036676383],[118.340771685,29.7329336314],[118.336301503,29.7490716805],[118.327170766,29.7636548049],[118.292311075,29.7907042867],[118.258399226,29.805453069],[118.23931955,29.8066408889],[118.203332274,29.7962466976],[118.306565221,29.6703990915],[118.37665188,29.610407682]]],"shape":1}},"geometry":{"type":"Polygon","coordinates":[[[118.37665,29.61041],[118.42138,29.66372],[118.3364,29.70367],[118.34077,29.73293],[118.3363,29.74907],[118.32717,29.76365],[118.29231,29.7907],[118.2584,29.80545],[118.23932,29.80664],[118.20333,29.79625],[118.30657,29.6704],[118.37665,29.61041]]]}},{"type":"Feature","properties":{"id":"9030_0","area_id":9030,"name":"Yiwu Airport","level":2,"level_name":"Restricted Zones","type":"restricted","zone_type_id":10,"zone_type":"Airport","country":"CN","city":"Yiwu","color":"#DE4329","height":0,"radius":13283,"shape":1,"begin_at":0,"end_at":0,"url":"","address":"","description":"","source":"dji-flysafe","_raw":{"color":"#DE4329","height":0,"level":2,"lat":29.298281000577557,"lng":120.0195175856018,"radius":13283,"polygon_points":[[[119.983636671,29.2796312127],[119.93694874,29.2029805129],[120.012500026,29.1789724783],[120.029199591,29.2673262763],[120.057462026,29.2727666304],[120.086836261,29.2934261485],[120.107645999,29.3363839872],[120.111308826,29.3667217213],[120.106259442,29.3827260927],[120.09662627,29.3970457502],[119.983636671,29.2796312127]]],"shape":1}},"geometry":{"type":"Polygon","coordinates":[[[119.98364,29.27963],[119.93695,29.20298],[120.0125,29.17897],[120.0292,29.26733],[120.05746,29.27277],[120.08684,29.29343],[120.10765,29.33638],[120.11131,29.36672],[120.10626,29.38273],[120.09663,29.39705],[119.98364,29.27963]]]}},{"type":"Feature","properties":{"id":"9030_1","area_id":9030,"name":"Yiwu Airport","level":2,"level_name":"Restricted Zones","type":"restricted","zone_type_id":10,"zone_type":"Airport","country":"CN","city":"Yiwu","color":"#DE4329","height":0,"radius":13347,"shape":1,"begin_at":0,"end_at":0,"url":"","address":"","description":"","source":"dji-flysafe","_raw":{"color":"#DE4329","height":0,"level":2,"lat":29.38600383663159,"lng":120.04743348304605,"radius":13347,"polygon_points":[[[120.124704647,29.4854003455],[120.050792626,29.5060032777],[120.034122319,29.4193337025],[120.004649006,29.413129765],[119.988684645,29.4040693301],[119.975959228,29.3917168141],[119.955695876,29.3519712658],[119.953242885,29.3204430176],[119.959127696,29.3046578669],[119.983636671,29.2796312127],[120.09662627,29.3970457502],[120.083064639,29.4087039368],[120.124704647,29.4854003455]]],"shape":1}},"geometry":{"type":"Polygon","coordinates":[[[120.1247,29.4854],[120.05079,29.506],[120.03412,29.41933],[120.00465,29.41313],[119.98868,29.40407],[119.97596,29.39172],[119.9557,29.35197],[119.95324,29.32044],[119.95913,29.30466],[119.98364,29.27963],[120.09663,29.39705],[120.08306,29.4087],[120.1247,29.4854]]]}},{"type":"Feature","properties":{"id":"4208_0","area_id":4208,"name":"Ningbo Lishe International Airport","level":2,"level_name":"Restricted Zones","type":"restricted","zone_type_id":10,"zone_type":"Airport","country":"CN","city":"Ningbo","color":"#DE4329","height":0,"radius":13474,"shape":1,"begin_at":0,"end_at":0,"url":"","address":"","description":"","source":"dji-flysafe","_raw":{"color":"#DE4329","height":0,"level":2,"lat":29.852319886862517,"lng":121.41888847225823,"radius":13474,"polygon_points":[[[121.401583151,29.8845759559],[121.328276637,29.9445914247],[121.285303737,29.8878987227],[121.375311443,29.8495488119],[121.374291285,29.819298755],[121.380705425,29.8036613432],[121.391562772,29.7899964693],[121.406122565,29.7792343949],[121.465959696,29.7557800076],[121.503508935,29.7603218815],[121.519997729,29.7687258036],[121.401583151,29.8845759559]]],"shape":1}},"geometry":{"type":"Polygon","coordinates":[[[121.40158,29.88458],[121.32828,29.94459],[121.2853,29.8879],[121.37531,29.84955],[121.37429,29.8193],[121.38071,29.80366],[121.39156,29.79],[121.40612,29.77923],[121.46596,29.75578],[121.50351,29.76032],[121.52,29.76873],[121.40158,29.88458]]]}},{"type":"Feature","properties":{"id":"4208_1","area_id":4208,"name":"Ningbo Lishe International Airport","level":2,"level_name":"Restricted Zones","type":"restricted","zone_type_id":10,"zone_type":"Airport","country":"CN","city":"Ningbo","color":"#DE4329","height":0,"radius":13470,"shape":1,"begin_at":0,"end_at":0,"url":"","address":"","description":"","source":"dji-flysafe","_raw":{"color":"#DE4329","height":0,"level":2,"lat":29.799845885713346,"lng":121.5014080467089,"radius":13470,"polygon_points":[[[121.593389118,29.7087418824],[121.636338721,29.7688179181],[121.546362041,29.802100598],[121.548983839,29.8329667179],[121.54327039,29.8488078208],[121.533022284,29.8628258536],[121.51893688,29.8740645639],[121.455682074,29.897549384],[121.436536425,29.8974181537],[121.401583151,29.8845759559],[121.519997729,29.7687258036],[121.593389118,29.7087418824]]],"shape":1}},"geometry":{"type":"Polygon","coordinates":[[[121.59339,29.70874],[121.63634,29.76882],[121.54636,29.8021],[121.54898,29.83297],[121.54327,29.84881],[121.53302,29.86283],[121.51894,29.87406],[121.45568,29.89755],[121.43654,29.89742],[121.40158,29.88458],[121.52,29.76873],[121.59339,29.70874]]]}},{"type":"Feature","properties":{"id":"40045030_0","area_id":40045030,"name":"阿里普兰机场","level":2,"level_name":"Restricted Zones","type":"restricted","zone_type_id":10,"zone_type":"Airport","country":"CN","city":"","color":"#DE4329","height":0,"radius":14480,"shape":1,"begin_at":0,"end_at":0,"url":"","address":"","description":"","source":"dji-flysafe","_raw":{"color":"#DE4329","height":0,"level":2,"lat":30.435956387990323,"lng":81.10647208758353,"radius":14480,"polygon_points":[[[81.1024034387,30.4811318946],[81.0635855232,30.5608339617],[80.9979924731,30.5266210365],[81.0620130572,30.4600498101],[81.0495208817,30.4454388761],[81.0427220445,30.4299101758],[81.0439345959,30.3970143138],[81.0786275889,30.3437825519],[81.091774969,30.329692789],[81.1254444259,30.3142479942],[81.1635468949,30.315393772],[81.1024034387,30.4811318946]]],"shape":1}},"geometry":{"type":"Polygon","coordinates":[[[81.1024,30.48113],[81.06359,30.56083],[80.99799,30.52662],[81.06201,30.46005],[81.04952,30.44544],[81.04272,30.42991],[81.04393,30.39701],[81.07863,30.34378],[81.09177,30.32969],[81.12544,30.31425],[81.16355,30.31539],[81.1024,30.48113]]]}},{"type":"Feature","properties":{"id":"40045030_1","area_id":40045030,"name":"阿里普兰机场","level":2,"level_name":"Restricted Zones","type":"restricted","zone_type_id":10,"zone_type":"Airport","country":"CN","city":"","color":"#DE4329","height":0,"radius":14481,"shape":1,"begin_at":0,"end_at":0,"url":"","address":"","description":"","source":"dji-flysafe","_raw":{"color":"#DE4329","height":0,"level":2,"lat":30.360523428493757,"lng":81.15938146261139,"radius":14481,"polygon_points":[[[81.2022732766,30.2356672362],[81.2676985099,30.2698747939],[81.2039051769,30.3364826451],[81.2163452225,30.350998841],[81.2231848849,30.3665123961],[81.2220728104,30.3994108895],[81.1874330433,30.4527198657],[81.1742836479,30.4668213507],[81.1405709228,30.4822813393],[81.1024034387,30.4811318946],[81.1635468949,30.315393772],[81.2022732766,30.2356672362]]],"shape":1}},"geometry":{"type":"Polygon","coordinates":[[[81.20227,30.23567],[81.2677,30.26987],[81.20391,30.33648],[81.21635,30.351],[81.22318,30.36651],[81.22207,30.39941],[81.18743,30.45272],[81.17428,30.46682],[81.14057,30.48228],[81.1024,30.48113],[81.16355,30.31539],[81.20227,30.23567]]]}},{"type":"Feature","properties":{"id":"3425_0","area_id":3425,"name":"Changdu Bangda Airport","level":2,"level_name":"Restricted Zones","type":"restricted","zone_type_id":10,"zone_type":"Airport","country":"CN","city":"Qamdo","color":"#DE4329","height":0,"radius":15038,"shape":1,"begin_at":0,"end_at":0,"url":"","address":"","description":"","source":"dji-flysafe","_raw":{"color":"#DE4329","height":0,"level":2,"lat":30.517528036762098,"lng":97.14349108507257,"radius":15038,"polygon_points":[[[97.1575045623,30.4683660834],[97.2083989831,30.3944013847],[97.2714914332,30.4392863752],[97.19694443,30.4964046336],[97.2058231392,30.5113050078],[97.2098654525,30.5275338486],[97.2088942813,30.5441109968],[97.2029733225,30.5599066401],[97.138051413,30.6276094959],[97.1023912844,30.6395154628],[97.0645907721,30.6344739509],[97.1575045623,30.4683660834]]],"shape":1}},"geometry":{"type":"Polygon","coordinates":[[[97.1575,30.46837],[97.2084,30.3944],[97.27149,30.43929],[97.19694,30.4964],[97.20582,30.51131],[97.20987,30.52753],[97.20889,30.54411],[97.20297,30.55991],[97.13805,30.62761],[97.10239,30.63952],[97.06459,30.63447],[97.1575,30.46837]]]}},{"type":"Feature","properties":{"id":"3425_1","area_id":3425,"name":"Changdu Bangda Airport","level":2,"level_name":"Restricted Zones","type":"restricted","zone_type_id":10,"zone_type":"Airport","country":"CN","city":"Qamdo","color":"#DE4329","height":0,"radius":15037,"shape":1,"begin_at":0,"end_at":0,"url":"","address":"","description":"","source":"dji-flysafe","_raw":{"color":"#DE4329","height":0,"level":2,"lat":30.58524600726398,"lng":97.07852050797722,"radius":15037,"polygon_points":[[[97.0135815668,30.7084066155],[96.9503567918,30.6635171559],[97.0251383509,30.606446674],[97.0162272222,30.5914465673],[97.0122297325,30.5752090086],[97.013250212,30.558634043],[97.0192166284,30.542851112],[97.0841644035,30.4752310799],[97.1197687405,30.4633351318],[97.1575045623,30.4683660834],[97.0645907721,30.6344739509],[97.0135815668,30.7084066155]]],"shape":1}},"geometry":{"type":"Polygon","coordinates":[[[97.01358,30.70841],[96.95036,30.66352],[97.02514,30.60645],[97.01623,30.59145],[97.01223,30.57521],[97.01325,30.55863],[97.01922,30.54285],[97.08416,30.47523],[97.11977,30.46334],[97.1575,30.46837],[97.06459,30.63447],[97.01358,30.70841]]]}},{"type":"Feature","properties":{"id":"32774_0","area_id":32774,"name":"康定","level":2,"level_name":"Restricted Zones","type":"restricted","zone_type_id":10,"zone_type":"Airport","country":"CN","city":"","color":"#DE4329","height":0,"radius":13848,"shape":1,"begin_at":0,"end_at":0,"url":"","address":"","description":"","source":"dji-flysafe","_raw":{"color":"#DE4329","height":0,"level":2,"lat":30.106411274703902,"lng":101.76819984732698,"radius":13848,"polygon_points":[[[101.802755497,29.9855113676],[101.869778248,30.018192092],[101.804783671,30.0848985052],[101.823119201,30.1140549471],[101.825099647,30.1305645558],[101.822071885,30.1469549582],[101.814239924,30.1621088467],[101.767514198,30.2119877349],[101.731368127,30.222362008],[101.712209199,30.2211635624],[101.762719667,30.0655187364],[101.802755497,29.9855113676]]],"shape":1}},"geometry":{"type":"Polygon","coordinates":[[[101.80276,29.98551],[101.86978,30.01819],[101.80478,30.0849],[101.82312,30.11405],[101.8251,30.13056],[101.82207,30.14695],[101.81424,30.16211],[101.76751,30.21199],[101.73137,30.22236],[101.71221,30.22116],[101.76272,30.06552],[101.80276,29.98551]]]}},{"type":"Feature","properties":{"id":"32774_1","area_id":32774,"name":"康定","level":2,"level_name":"Restricted Zones","type":"restricted","zone_type_id":10,"zone_type":"Airport","country":"CN","city":"","color":"#DE4329","height":0,"radius":13852,"shape":1,"begin_at":0,"end_at":0,"url":"","address":"","description":"","source":"dji-flysafe","_raw":{"color":"#DE4329","height":0,"level":2,"lat":30.18149493274917,"lng":101.7101211152082,"radius":13852,"polygon_points":[[[101.712209199,30.2211635624],[101.677292048,30.3028040642],[101.606883003,30.2684604956],[101.670219341,30.2018100022],[101.653939258,30.1720749674],[101.652991693,30.1554969591],[101.657038175,30.1392717451],[101.68411456,30.092862291],[101.707211943,30.0732999844],[101.724707135,30.0664982322],[101.762719667,30.0655187364],[101.712209199,30.2211635624]]],"shape":1}},"geometry":{"type":"Polygon","coordinates":[[[101.71221,30.22116],[101.67729,30.3028],[101.60688,30.26846],[101.67022,30.20181],[101.65394,30.17207],[101.65299,30.1555],[101.65704,30.13927],[101.68411,30.09286],[101.70721,30.0733],[101.72471,30.0665],[101.76272,30.06552],[101.71221,30.22116]]]}},{"type":"Feature","properties":{"id":"40001277_0","area_id":40001277,"name":"天府国际机场","level":2,"level_name":"Restricted Zones","type":"restricted","zone_type_id":10,"zone_type":"Airport","country":"CN","city":"","color":"#DE4329","height":0,"radius":12815,"shape":1,"begin_at":0,"end_at":0,"url":"","address":"","description":"","source":"dji-flysafe","_raw":{"color":"#DE4329","height":0,"level":2,"lat":30.210009850569335,"lng":104.43929945611357,"radius":12815,"polygon_points":[[[104.368089687,30.2372810494],[104.317779497,30.1625830414],[104.33811577991816,30.155558350969528],[104.33531484,30.1515810838],[104.405681708,30.1258718511],[104.430681077,30.2095783753],[104.470134159,30.2137261263],[104.49841165985431,30.232534615013037],[104.531148236,30.2368050007],[104.560936468,30.2573244801],[104.368089687,30.2372810494]]],"shape":1}},"geometry":{"type":"Polygon","coordinates":[[[104.36809,30.23728],[104.31778,30.16258],[104.33812,30.15556],[104.33531,30.15158],[104.40568,30.12587],[104.43068,30.20958],[104.47013,30.21373],[104.49841,30.23253],[104.53115,30.23681],[104.56094,30.25732],[104.36809,30.23728]]]}},{"type":"Feature","properties":{"id":"40001277_1","area_id":40001277,"name":"天府国际机场","level":2,"level_name":"Restricted Zones","type":"restricted","zone_type_id":10,"zone_type":"Airport","country":"CN","city":"","color":"#DE4329","height":0,"radius":10859,"shape":1,"begin_at":0,"end_at":0,"url":"","address":"","description":"","source":"dji-flysafe","_raw":{"color":"#DE4329","height":0,"level":2,"lat":30.291495200396714,"lng":104.57937729063818,"radius":10859,"polygon_points":[[[104.560936468,30.2573244801],[104.647045444,30.2132545498],[104.675967141,30.2744036316],[104.578781791,30.2950395726],[104.578737457,30.3130899468],[104.5735073,30.3290623862],[104.563663674,30.3433215186],[104.549876225,30.3548946694],[104.51160111802096,30.369700988307663],[104.560936468,30.2573244801]]],"shape":1}},"geometry":{"type":"Polygon","coordinates":[[[104.56094,30.25732],[104.64705,30.21325],[104.67597,30.2744],[104.57878,30.29504],[104.57874,30.31309],[104.57351,30.32906],[104.56366,30.34332],[104.54988,30.35489],[104.5116,30.3697],[104.56094,30.25732]]]}},{"type":"Feature","properties":{"id":"40001277_2","area_id":40001277,"name":"天府国际机场","level":2,"level_name":"Restricted Zones","type":"restricted","zone_type_id":10,"zone_type":"Airport","country":"CN","city":"","color":"#DE4329","height":0,"radius":15155,"shape":1,"begin_at":0,"end_at":0,"url":"","address":"","description":"","source":"dji-flysafe","_raw":{"color":"#DE4329","height":0,"level":2,"lat":30.34640452865236,"lng":104.44144931235566,"radius":15155,"polygon_points":[[[104.312547402,30.4024613867],[104.283623537,30.3413080242],[104.35041110140898,30.32721963960265],[104.343170522,30.3128934363],[104.338059392,30.295332321],[104.338590137,30.2787404103],[104.344074477,30.2628323466],[104.368089687,30.2372810494],[104.560936468,30.2573244801],[104.51160111802096,30.369700988307663],[104.555676713,30.4321039506],[104.52698930490567,30.442558229018044],[104.535868066,30.4557017498],[104.46471654,30.4802126698],[104.441554617,30.3961145054],[104.402067315,30.3912580524],[104.37342811821453,30.371372490751693],[104.312547402,30.4024613867]]],"shape":1}},"geometry":{"type":"Polygon","coordinates":[[[104.31255,30.40246],[104.28362,30.34131],[104.35041,30.32722],[104.34317,30.31289],[104.33806,30.29533],[104.33859,30.27874],[104.34407,30.26283],[104.36809,30.23728],[104.56094,30.25732],[104.5116,30.3697],[104.55568,30.4321],[104.52699,30.44256],[104.53587,30.4557],[104.46472,30.48021],[104.44155,30.39611],[104.40207,30.39126],[104.37343,30.37137],[104.31255,30.40246]]]}},{"type":"Feature","properties":{"id":"141_0","area_id":141,"name":"Enshi Airport","level":2,"level_name":"Restricted Zones","type":"restricted","zone_type_id":10,"zone_type":"Airport","country":"CN","city":"Enshi","color":"#DE4329","height":0,"radius":13207,"shape":1,"begin_at":0,"end_at":0,"url":"","address":"","description":"","source":"dji-flysafe","_raw":{"color":"#DE4329","height":0,"level":2,"lat":30.276798663107755,"lng":109.47581060079271,"radius":13207,"polygon_points":[[[109.450413859,30.2510435275],[109.417038702,30.1694234057],[109.494359138,30.1591063874],[109.497721779,30.2474647466],[109.527873499,30.2593512055],[109.541455049,30.2710942506],[109.556026242,30.3015066315],[109.559362223,30.3215253141],[109.557264623,30.3513914673],[109.537003618,30.3792773976],[109.521321282,30.3888942084],[109.450413859,30.2510435275]]],"shape":1}},"geometry":{"type":"Polygon","coordinates":[[[109.45041,30.25104],[109.41704,30.16942],[109.49436,30.15911],[109.49772,30.24746],[109.52787,30.25935],[109.54146,30.27109],[109.55603,30.30151],[109.55936,30.32153],[109.55726,30.35139],[109.537,30.37928],[109.52132,30.38889],[109.45041,30.25104]]]}},{"type":"Feature","properties":{"id":"141_1","area_id":141,"name":"Enshi Airport","level":2,"level_name":"Restricted Zones","type":"restricted","zone_type_id":10,"zone_type":"Airport","country":"CN","city":"Enshi","color":"#DE4329","height":0,"radius":13216,"shape":1,"begin_at":0,"end_at":0,"url":"","address":"","description":"","source":"dji-flysafe","_raw":{"color":"#DE4329","height":0,"level":2,"lat":30.365843859134134,"lng":109.48608220555987,"radius":13216,"polygon_points":[[[109.55131557,30.4705472875],[109.473991369,30.4842442016],[109.475655655,30.3959081484],[109.440954188,30.3836825214],[109.427221814,30.3720571563],[109.417448066,30.3577608022],[109.412297808,30.3417686668],[109.413439186,30.2877638339],[109.421870626,30.2728478461],[109.450413859,30.2510435275],[109.521321282,30.3888942084],[109.55131557,30.4705472875]]],"shape":1}},"geometry":{"type":"Polygon","coordinates":[[[109.55132,30.47055],[109.47399,30.48424],[109.47566,30.39591],[109.44095,30.38368],[109.42722,30.37206],[109.41745,30.35776],[109.4123,30.34177],[109.41344,30.28776],[109.42187,30.27285],[109.45041,30.25104],[109.52132,30.38889],[109.55132,30.47055]]]}},{"type":"Feature","properties":{"id":"40001602_0","area_id":40001602,"name":"荆州沙市机场","level":2,"level_name":"Restricted Zones","type":"restricted","zone_type_id":10,"zone_type":"Airport","country":"CN","city":"","color":"#DE4329","height":0,"radius":13399,"shape":1,"begin_at":0,"end_at":0,"url":"","address":"","description":"","source":"dji-flysafe","_raw":{"color":"#DE4329","height":0,"level":2,"lat":30.336939018755626,"lng":112.45008760924715,"radius":13399,"polygon_points":[[[112.474883522,30.3665987388],[112.49298466,30.4516257479],[112.416418611,30.4538952258],[112.427715368,30.368000571],[112.408016758,30.3616672068],[112.380419875,30.3389496599],[112.372646628,30.3237678403],[112.369692111,30.3073667295],[112.370816826,30.264758916],[112.38922211,30.2359413788],[112.421829581,30.2189278751],[112.474883522,30.3665987388]]],"shape":1}},"geometry":{"type":"Polygon","coordinates":[[[112.47488,30.3666],[112.49298,30.45163],[112.41642,30.4539],[112.42772,30.368],[112.40802,30.36167],[112.38042,30.33895],[112.37265,30.32377],[112.36969,30.30737],[112.37082,30.26476],[112.38922,30.23594],[112.42183,30.21893],[112.47488,30.3666]]]}},{"type":"Feature","properties":{"id":"40001602_1","area_id":40001602,"name":"荆州沙市机场","level":2,"level_name":"Restricted Zones","type":"restricted","zone_type_id":10,"zone_type":"Airport","country":"CN","city":"","color":"#DE4329","height":0,"radius":13399,"shape":1,"begin_at":0,"end_at":0,"url":"","address":"","description":"","source":"dji-flysafe","_raw":{"color":"#DE4329","height":0,"level":2,"lat":30.24859790337789,"lng":112.44657185486805,"radius":13399,"polygon_points":[[[112.403793698,30.1339050766],[112.480133783,30.1316361028],[112.46890126,30.2175324493],[112.488490456,30.2238167416],[112.516114615,30.2464801318],[112.523927116,30.2616445687],[112.526931103,30.2780387901],[112.525882593,30.3207124446],[112.507512891,30.3495544597],[112.474883522,30.3665987388],[112.421829581,30.2189278751],[112.403793698,30.1339050766]]],"shape":1}},"geometry":{"type":"Polygon","coordinates":[[[112.40379,30.13391],[112.48013,30.13164],[112.4689,30.21753],[112.48849,30.22382],[112.51611,30.24648],[112.52393,30.26164],[112.52693,30.27804],[112.52588,30.32071],[112.50751,30.34955],[112.47488,30.3666],[112.42183,30.21893],[112.40379,30.13391]]]}},{"type":"Feature","properties":{"id":"40002168_0","area_id":40002168,"name":"Ezhou Huahu Airport","level":2,"level_name":"Restricted Zones","type":"restricted","zone_type_id":10,"zone_type":"Airport","country":"CN","city":"","color":"#DE4329","height":0,"radius":18688,"shape":1,"begin_at":0,"end_at":0,"url":"","address":"","description":"","source":"dji-flysafe","_raw":{"color":"#DE4329","height":0,"level":2,"lat":30.34251454087611,"lng":115.02975475840017,"radius":18688,"polygon_points":[[[114.9792182214819,30.182887221666196],[115.09995291152629,30.496243699976098],[115.101006097,30.4989523704],[115.025540084,30.5105267229],[115.022637504,30.4241212075],[114.98509745,30.4124580184],[114.960840009,30.3870516554],[114.948346035,30.3376882927],[114.947461901,30.3195965801],[114.951875296,30.3034415498],[114.960979212,30.2888226352],[114.990495437,30.2680019235],[114.958730834,30.186038205],[114.9792182214819,30.182887221666196]]],"shape":1}},"geometry":{"type":"Polygon","coordinates":[[[114.97922,30.18289],[115.09995,30.49624],[115.10101,30.49895],[115.02554,30.51053],[115.02264,30.42412],[114.9851,30.41246],[114.96084,30.38705],[114.94835,30.33769],[114.94746,30.3196],[114.95188,30.30344],[114.96098,30.28882],[114.9905,30.268],[114.95873,30.18604],[114.97922,30.18289]]]}},{"type":"Feature","properties":{"id":"40002168_1","area_id":40002168,"name":"Ezhou Huahu Airport","level":2,"level_name":"Restricted Zones","type":"restricted","zone_type_id":10,"zone_type":"Airport","country":"CN","city":"","color":"#DE4329","height":0,"radius":18632,"shape":1,"begin_at":0,"end_at":0,"url":"","address":"","description":"","source":"dji-flysafe","_raw":{"color":"#DE4329","height":0,"level":2,"lat":30.3371604820417,"lng":115.04901630406978,"radius":18632,"polygon_points":[[[114.978512526,30.1810504619],[115.053782702,30.169643465],[115.056436468,30.2560600587],[115.093814963,30.2677423413],[115.118036255,30.2931533996],[115.130288841,30.3416033359],[115.131153145,30.3596742878],[115.126722853,30.3758263905],[115.117595824,30.3904383312],[115.088013059,30.4112277427],[115.119637515,30.4932688457],[115.09995291152629,30.496243699976098],[114.9792182214819,30.182887221666196],[114.978512526,30.1810504619]]],"shape":1}},"geometry":{"type":"Polygon","coordinates":[[[114.97851,30.18105],[115.05378,30.16964],[115.05644,30.25606],[115.09381,30.26774],[115.11804,30.29315],[115.13029,30.3416],[115.13115,30.35967],[115.12672,30.37583],[115.1176,30.39044],[115.08801,30.41123],[115.11964,30.49327],[115.09995,30.49624],[114.97922,30.18289],[114.97851,30.18105]]]}},{"type":"Feature","properties":{"id":"1413_0","area_id":1413,"name":"Hangzhou Xiaoshan International Airport","level":2,"level_name":"Restricted Zones","type":"restricted","zone_type_id":10,"zone_type":"Airport","country":"CN","city":"Hangzhou","color":"#DE4329","height":0,"radius":13717,"shape":1,"begin_at":0,"end_at":0,"url":"","address":"","description":"","source":"dji-flysafe","_raw":{"color":"#DE4329","height":0,"level":2,"lat":30.21171379739892,"lng":120.38860162779011,"radius":13717,"polygon_points":[[[120.526292343,30.2443667911],[120.24922874970913,30.187369492180633],[120.248698915,30.1872326905],[120.25515697254484,30.176463908142317],[120.274746548,30.1404268415],[120.27623365737367,30.141318629524523],[120.284766216,30.1270906258],[120.368149065,30.1770844006],[120.394246432,30.1632841273],[120.413027075,30.1598446701],[120.432197295,30.1607223448],[120.483794132,30.1775270456],[120.512245521,30.1972412276],[120.521685964,30.2116958488],[120.526292343,30.2443667911]]],"shape":1}},"geometry":{"type":"Polygon","coordinates":[[[120.52629,30.24437],[120.24923,30.18737],[120.2487,30.18723],[120.25516,30.17646],[120.27475,30.14043],[120.27623,30.14132],[120.28477,30.12709],[120.36815,30.17708],[120.39425,30.16328],[120.41303,30.15984],[120.4322,30.16072],[120.48379,30.17753],[120.51225,30.19724],[120.52169,30.2117],[120.52629,30.24437]]]}},{"type":"Feature","properties":{"id":"1413_1","area_id":1413,"name":"Hangzhou Xiaoshan International Airport","level":2,"level_name":"Restricted Zones","type":"restricted","zone_type_id":10,"zone_type":"Airport","country":"CN","city":"Hangzhou","color":"#DE4329","height":0,"radius":18527,"shape":1,"begin_at":0,"end_at":0,"url":"","address":"","description":"","source":"dji-flysafe","_raw":{"color":"#DE4329","height":0,"level":2,"lat":30.243028953059166,"lng":120.42851038029852,"radius":18527,"polygon_points":[[[120.617956916,30.2744138419],[120.585240055,30.3345752188],[120.58415483796445,30.333924305990493],[120.57524827,30.351240688],[120.491845179,30.301249581],[120.465627368,30.3137121237],[120.446669399,30.3164807412],[120.427527521,30.3149164935],[120.376205859,30.2974731887],[120.348811914,30.2778236005],[120.339558963,30.2632757555],[120.335393177,30.230560609],[120.242044152,30.2005863088],[120.24922874970913,30.187369492180633],[120.526292343,30.2443667911],[120.617956916,30.2744138419]]],"shape":1}},"geometry":{"type":"Polygon","coordinates":[[[120.61796,30.27441],[120.58524,30.33458],[120.58415,30.33392],[120.57525,30.35124],[120.49185,30.30125],[120.46563,30.31371],[120.44667,30.31648],[120.42753,30.31492],[120.37621,30.29747],[120.34881,30.27782],[120.33956,30.26328],[120.33539,30.23056],[120.24204,30.20059],[120.24923,30.18737],[120.52629,30.24437],[120.61796,30.27441]]]}},{"type":"Feature","properties":{"id":"1564_0","area_id":1564,"name":"Zhoushan Airport","level":2,"level_name":"Restricted Zones","type":"restricted","zone_type_id":10,"zone_type":"Airport","country":"CN","city":"Zhoushan","color":"#DE4329","height":0,"radius":13487,"shape":1,"begin_at":0,"end_at":0,"url":"","address":"","description":"","source":"dji-flysafe","_raw":{"color":"#DE4329","height":0,"level":2,"lat":29.9780800216988,"lng":122.35779979675031,"radius":13487,"polygon_points":[[[122.385521302,30.0969766646],[122.305528465,30.0906168507],[122.329637335,30.0070937688],[122.312223216,29.9989392889],[122.288392248,29.9733038474],[122.283004282,29.9573754544],[122.282559138,29.9407816972],[122.289481869,29.8982105169],[122.311201435,29.8712178235],[122.345566331,29.8572499455],[122.379419097,30.011052173],[122.385521302,30.0969766646]]],"shape":1}},"geometry":{"type":"Polygon","coordinates":[[[122.38552,30.09698],[122.30553,30.09062],[122.32964,30.00709],[122.31222,29.99894],[122.28839,29.9733],[122.283,29.95738],[122.28256,29.94078],[122.28948,29.89821],[122.3112,29.87122],[122.34557,29.85725],[122.37942,30.01105],[122.38552,30.09698]]]}},{"type":"Feature","properties":{"id":"1564_1","area_id":1564,"name":"Zhoushan Airport","level":2,"level_name":"Restricted Zones","type":"restricted","zone_type_id":10,"zone_type":"Airport","country":"CN","city":"Zhoushan","color":"#DE4329","height":0,"radius":13487,"shape":1,"begin_at":0,"end_at":0,"url":"","address":"","description":"","source":"dji-flysafe","_raw":{"color":"#DE4329","height":0,"level":2,"lat":29.890228430807923,"lng":122.36711600107245,"radius":13487,"polygon_points":[[[122.345566331,29.8572499455],[122.339489197,29.7713266419],[122.41925997,29.7776852933],[122.395261357,29.8612105231],[122.412575325,29.8693034395],[122.436451906,29.8948895318],[122.441885019,29.9108055364],[122.442381593,29.9273981945],[122.435518651,29.9700417486],[122.413818812,29.9970593706],[122.379419097,30.011052173],[122.345566331,29.8572499455]]],"shape":1}},"geometry":{"type":"Polygon","coordinates":[[[122.34557,29.85725],[122.33949,29.77133],[122.41926,29.77769],[122.39526,29.86121],[122.41258,29.8693],[122.43645,29.89489],[122.44189,29.91081],[122.44238,29.9274],[122.43552,29.97004],[122.41382,29.99706],[122.37942,30.01105],[122.34557,29.85725]]]}},{"type":"Feature","properties":{"id":"2075_0","area_id":2075,"name":"Chengdu Shuangliu International Airport","level":2,"level_name":"Restricted Zones","type":"restricted","zone_type_id":10,"zone_type":"Airport","country":"CN","city":"Chengdu","color":"#DE4329","height":0,"radius":15429,"shape":1,"begin_at":0,"end_at":0,"url":"","address":"","description":"","source":"dji-flysafe","_raw":{"color":"#DE4329","height":0,"level":2,"lat":30.510002423882934,"lng":103.92809601730067,"radius":15429,"polygon_points":[[[104.01781314788774,30.625273730521663],[103.86467125064392,30.43376292924693],[103.83859142,30.3946698157],[103.910800778,30.3722807649],[103.934140602,30.4539507422],[103.966506061,30.4601482735],[103.982656199,30.4691882803],[103.995544808,30.4815217131],[104.020961143,30.5246488596],[104.025358279,30.5542846249],[104.02235937119654,30.56479294082275],[104.02429484,30.5679820605],[104.029715998,30.5848899508],[104.029717672,30.6014881899],[104.024727416,30.6175211361],[104.01781314788774,30.625273730521663]]],"shape":1}},"geometry":{"type":"Polygon","coordinates":[[[104.01781,30.62527],[103.86467,30.43376],[103.83859,30.39467],[103.9108,30.37228],[103.93414,30.45395],[103.96651,30.46015],[103.98266,30.46919],[103.99554,30.48152],[104.02096,30.52465],[104.02536,30.55428],[104.02236,30.56479],[104.02429,30.56798],[104.02972,30.58489],[104.02972,30.60149],[104.02473,30.61752],[104.01781,30.62527]]]}},{"type":"Feature","properties":{"id":"2075_1","area_id":2075,"name":"Chengdu Shuangliu International Airport","level":2,"level_name":"Restricted Zones","type":"restricted","zone_type_id":10,"zone_type":"Airport","country":"CN","city":"Chengdu","color":"#DE4329","height":0,"radius":18479,"shape":1,"begin_at":0,"end_at":0,"url":"","address":"","description":"","source":"dji-flysafe","_raw":{"color":"#DE4329","height":0,"level":2,"lat":30.580044644887792,"lng":103.9481827509761,"radius":18479,"polygon_points":[[[104.02835296760682,30.681509054739845],[104.054747997,30.7186591259],[103.97917819,30.741042254],[103.959242141,30.65941046],[103.92455629,30.6540012035],[103.894863866,30.6332495029],[103.869038739,30.5886855113],[103.863616707,30.5717224504],[103.863639606,30.5551242229],[103.86695542413237,30.544516367228127],[103.865691516,30.5419882567],[103.861317337,30.5122540097],[103.865948717,30.4961425674],[103.87378107154048,30.48698864498647],[103.841921861,30.4413436021],[103.86467125064392,30.43376292924693],[104.01781314788774,30.625273730521663],[104.051418084,30.6736457323],[104.02835296760682,30.681509054739845]]],"shape":1}},"geometry":{"type":"Polygon","coordinates":[[[104.02835,30.68151],[104.05475,30.71866],[103.97918,30.74104],[103.95924,30.65941],[103.92456,30.654],[103.89486,30.63325],[103.86904,30.58869],[103.86362,30.57172],[103.86364,30.55512],[103.86696,30.54452],[103.86569,30.54199],[103.86132,30.51225],[103.86595,30.49614],[103.87378,30.48699],[103.84192,30.44134],[103.86467,30.43376],[104.01781,30.62527],[104.05142,30.67365],[104.02835,30.68151]]]}},{"type":"Feature","properties":{"id":"2317_0","area_id":2317,"name":"Guanghan Airport","level":2,"level_name":"Restricted Zones","type":"restricted","zone_type_id":10,"zone_type":"Airport","country":"CN","city":"Civil Aviation Flight University of China","color":"#DE4329","height":0,"radius":13387,"shape":1,"begin_at":0,"end_at":0,"url":"","address":"","description":"","source":"dji-flysafe","_raw":{"color":"#DE4329","height":0,"level":2,"lat":30.92245902008611,"lng":104.37129615620785,"radius":13387,"polygon_points":[[[104.384935261,30.8872021939],[104.456148559,30.8265878171],[104.50386343,30.8830050717],[104.414691987,30.9223679297],[104.419102324,30.9389413915],[104.418317779,30.9555259869],[104.412553547,30.9713711828],[104.387962643,30.9966452463],[104.347784974,31.019132918],[104.309619231,31.022802831],[104.274432361,31.0096175139],[104.384935261,30.8872021939]]],"shape":1}},"geometry":{"type":"Polygon","coordinates":[[[104.38494,30.8872],[104.45615,30.82659],[104.50386,30.88301],[104.41469,30.92237],[104.4191,30.93894],[104.41832,30.95553],[104.41255,30.97137],[104.38796,30.99665],[104.34778,31.01913],[104.30962,31.0228],[104.27443,31.00962],[104.38494,30.8872]]]}},{"type":"Feature","properties":{"id":"2317_1","area_id":2317,"name":"Guanghan Airport","level":2,"level_name":"Restricted Zones","type":"restricted","zone_type_id":10,"zone_type":"Airport","country":"CN","city":"Civil Aviation Flight University of China","color":"#DE4329","height":0,"radius":13386,"shape":1,"begin_at":0,"end_at":0,"url":"","address":"","description":"","source":"dji-flysafe","_raw":{"color":"#DE4329","height":0,"level":2,"lat":30.974264428696486,"lng":104.28800209949013,"radius":13386,"polygon_points":[[[104.203091748,31.0701740499],[104.155330217,31.013750399],[104.244704518,30.9744827492],[104.240306055,30.9578247151],[104.241137601,30.9412418034],[104.246943788,30.9254083688],[104.27157811,30.9001785829],[104.311675346,30.8777350845],[104.349781247,30.874050372],[104.384935261,30.8872021939],[104.274432361,31.0096175139],[104.203091748,31.0701740499]]],"shape":1}},"geometry":{"type":"Polygon","coordinates":[[[104.20309,31.07017],[104.15533,31.01375],[104.2447,30.97448],[104.24031,30.95782],[104.24114,30.94124],[104.24694,30.92541],[104.27158,30.90018],[104.31168,30.87774],[104.34978,30.87405],[104.38494,30.8872],[104.27443,31.00962],[104.20309,31.07017]]]}},{"type":"Feature","properties":{"id":"4130_0","area_id":4130,"name":"Nanchong Airport","level":2,"level_name":"Restricted Zones","type":"restricted","zone_type_id":10,"zone_type":"Airport","country":"CN","city":"Nanchong","color":"#DE4329","height":0,"radius":13588,"shape":1,"begin_at":0,"end_at":0,"url":"","address":"","description":"","source":"dji-flysafe","_raw":{"color":"#DE4329","height":0,"level":2,"lat":30.771861233478443,"lng":106.11796386957724,"radius":13588,"polygon_points":[[[105.980579449,30.7403139154],[106.022257333,30.6814991776],[106.098951643,30.7369767495],[106.115280389,30.7268996577],[106.152602988,30.719562372],[106.171640152,30.7223316435],[106.217001691,30.7437831897],[106.244226029,30.7678592863],[106.253416513,30.7998106708],[106.250520717,30.8162215072],[106.073064286,30.7734890617],[105.980579449,30.7403139154]]],"shape":1}},"geometry":{"type":"Polygon","coordinates":[[[105.98058,30.74031],[106.02226,30.6815],[106.09895,30.73698],[106.11528,30.7269],[106.1526,30.71956],[106.17164,30.72233],[106.217,30.74378],[106.24423,30.76786],[106.25342,30.79981],[106.25052,30.81622],[106.07306,30.77349],[105.98058,30.74031]]]}},{"type":"Feature","properties":{"id":"4130_1","area_id":4130,"name":"Nanchong Airport","level":2,"level_name":"Restricted Zones","type":"restricted","zone_type_id":10,"zone_type":"Airport","country":"CN","city":"Nanchong","color":"#DE4329","height":0,"radius":13589,"shape":1,"begin_at":0,"end_at":0,"url":"","address":"","description":"","source":"dji-flysafe","_raw":{"color":"#DE4329","height":0,"level":2,"lat":30.817771598096485,"lng":106.20567092613865,"radius":13589,"polygon_points":[[[106.250520717,30.8162215072],[106.343161741,30.8493713542],[106.301455758,30.9081919636],[106.224592446,30.8528128743],[106.190106605,30.8686819703],[106.17085367,30.8702338126],[106.134215701,30.8605289578],[106.090661395,30.8352484778],[106.079230813,30.8218634992],[106.072226572,30.8063936715],[106.073064286,30.7734890617],[106.250520717,30.8162215072]]],"shape":1}},"geometry":{"type":"Polygon","coordinates":[[[106.25052,30.81622],[106.34316,30.84937],[106.30146,30.90819],[106.22459,30.85281],[106.19011,30.86868],[106.17085,30.87023],[106.13422,30.86053],[106.09066,30.83525],[106.07923,30.82186],[106.07223,30.80639],[106.07306,30.77349],[106.25052,30.81622]]]}},{"type":"Feature","properties":{"id":"40045012_0","area_id":40045012,"name":"达州金垭机场","level":2,"level_name":"Restricted Zones","type":"restricted","zone_type_id":10,"zone_type":"Airport","country":"CN","city":"","color":"#DE4329","height":0,"radius":13330,"shape":1,"begin_at":0,"end_at":0,"url":"","address":"","description":"","source":"dji-flysafe","_raw":{"color":"#DE4329","height":0,"level":2,"lat":31.09015418480913,"lng":107.4536421948759,"radius":13330,"polygon_points":[[[107.53553027,31.1874134889],[107.46288204,31.2097759448],[107.442979068,31.1250329509],[107.421818161,31.1242085788],[107.387211606,31.1098745615],[107.365625788,31.0826426923],[107.351994387,31.0429941305],[107.353204506,31.0264283106],[107.359375553,31.0106951495],[107.384601861,30.9858827908],[107.487747067,31.1112387777],[107.53553027,31.1874134889]]],"shape":1}},"geometry":{"type":"Polygon","coordinates":[[[107.53553,31.18741],[107.46288,31.20978],[107.44298,31.12503],[107.42182,31.12421],[107.38721,31.10987],[107.36563,31.08264],[107.35199,31.04299],[107.3532,31.02643],[107.35938,31.0107],[107.3846,30.98588],[107.48775,31.11124],[107.53553,31.18741]]]}},{"type":"Feature","properties":{"id":"40045012_1","area_id":40045012,"name":"达州金垭机场","level":2,"level_name":"Restricted Zones","type":"restricted","zone_type_id":10,"zone_type":"Airport","country":"CN","city":"","color":"#DE4329","height":0,"radius":13329,"shape":1,"begin_at":0,"end_at":0,"url":"","address":"","description":"","source":"dji-flysafe","_raw":{"color":"#DE4329","height":0,"level":2,"lat":31.00696980039236,"lng":107.41869841294104,"radius":13329,"polygon_points":[[[107.384601861,30.9858827908],[107.336969426,30.9097142624],[107.409415336,30.8873566812],[107.429259313,30.9721153635],[107.450307272,30.972922638],[107.484894441,30.9872026844],[107.506532484,31.0143914706],[107.520258142,31.0540773564],[107.519087856,31.0706452949],[107.512949887,31.086389063],[107.487747067,31.1112387777],[107.384601861,30.9858827908]]],"shape":1}},"geometry":{"type":"Polygon","coordinates":[[[107.3846,30.98588],[107.33697,30.90971],[107.40942,30.88736],[107.42926,30.97212],[107.45031,30.97292],[107.48489,30.9872],[107.50653,31.01439],[107.52026,31.05408],[107.51909,31.07065],[107.51295,31.08639],[107.48775,31.11124],[107.3846,30.98588]]]}},{"type":"Feature","properties":{"id":"8096_0","area_id":8096,"name":"Wanxian Airport","level":2,"level_name":"Restricted Zones","type":"restricted","zone_type_id":10,"zone_type":"Airport","country":"CN","city":"Wanxian","color":"#DE4329","height":0,"radius":13097,"shape":1,"begin_at":0,"end_at":0,"url":"","address":"","description":"","source":"dji-flysafe","_raw":{"color":"#DE4329","height":0,"level":2,"lat":30.786925173657195,"lng":108.4814415814165,"radius":13097,"polygon_points":[[[108.590389458,30.7154529523],[108.617918089,30.7756551009],[108.521256102,30.7939821314],[108.519869354,30.8118618866],[108.502518641,30.8412087368],[108.487834097,30.852004902],[108.447015181,30.8675147754],[108.411865456,30.8707145112],[108.393210091,30.8663450013],[108.362906242,30.8461837779],[108.500341638,30.7570896535],[108.590389458,30.7154529523]]],"shape":1}},"geometry":{"type":"Polygon","coordinates":[[[108.59039,30.71545],[108.61792,30.77566],[108.52126,30.79398],[108.51987,30.81186],[108.50252,30.84121],[108.48783,30.852],[108.44702,30.86751],[108.41187,30.87071],[108.39321,30.86635],[108.36291,30.84618],[108.50034,30.75709],[108.59039,30.71545]]]}},{"type":"Feature","properties":{"id":"8096_1","area_id":8096,"name":"Wanxian Airport","level":2,"level_name":"Restricted Zones","type":"restricted","zone_type_id":10,"zone_type":"Airport","country":"CN","city":"Wanxian","color":"#DE4329","height":0,"radius":13042,"shape":1,"begin_at":0,"end_at":0,"url":"","address":"","description":"","source":"dji-flysafe","_raw":{"color":"#DE4329","height":0,"level":2,"lat":30.822363114557056,"lng":108.3868980695148,"radius":13042,"polygon_points":[[[108.362906242,30.8461837779],[108.2762807,30.8912147029],[108.250447009,30.8276345461],[108.345442816,30.8093069441],[108.346852915,30.791425099],[108.364227774,30.7620927178],[108.378907175,30.751305176],[108.416288679,30.7391614105],[108.450005142,30.7348051025],[108.468875531,30.7383301954],[108.500341638,30.7570896535],[108.362906242,30.8461837779]]],"shape":1}},"geometry":{"type":"Polygon","coordinates":[[[108.36291,30.84618],[108.27628,30.89121],[108.25045,30.82763],[108.34544,30.80931],[108.34685,30.79143],[108.36423,30.76209],[108.37891,30.75131],[108.41629,30.73916],[108.45001,30.73481],[108.46888,30.73833],[108.50034,30.75709],[108.36291,30.84618]]]}},{"type":"Feature","properties":{"id":"40002398_0","area_id":40002398,"name":"重庆巫山机场","level":2,"level_name":"Restricted Zones","type":"restricted","zone_type_id":10,"zone_type":"Airport","country":"CN","city":"","color":"#DE4329","height":0,"radius":13476,"shape":1,"begin_at":0,"end_at":0,"url":"","address":"","description":"","source":"dji-flysafe","_raw":{"color":"#DE4329","height":0,"level":2,"lat":31.095113928608143,"lng":109.75084449895908,"radius":13476,"polygon_points":[[[109.794096829,31.0978755742],[109.882453254,31.1397714786],[109.835560819,31.1922323754],[109.765184059,31.1302430249],[109.728133099,31.1435121553],[109.708740527,31.1433690377],[109.673347306,31.1305047779],[109.634274383,31.1018421335],[109.624818767,31.0873528183],[109.620066664,31.0712612987],[109.625616586,31.0386940411],[109.794096829,31.0978755742]]],"shape":1}},"geometry":{"type":"Polygon","coordinates":[[[109.7941,31.09788],[109.88245,31.13977],[109.83556,31.19223],[109.76518,31.13024],[109.72813,31.14351],[109.70874,31.14337],[109.67335,31.1305],[109.63427,31.10184],[109.62482,31.08735],[109.62007,31.07126],[109.62562,31.03869],[109.7941,31.09788]]]}},{"type":"Feature","properties":{"id":"40002398_1","area_id":40002398,"name":"重庆巫山机场","level":2,"level_name":"Restricted Zones","type":"restricted","zone_type_id":10,"zone_type":"Airport","country":"CN","city":"","color":"#DE4329","height":0,"radius":13475,"shape":1,"begin_at":0,"end_at":0,"url":"","address":"","description":"","source":"dji-flysafe","_raw":{"color":"#DE4329","height":0,"level":2,"lat":31.041385469311308,"lng":109.66891985704028,"radius":13475,"polygon_points":[[[109.537435338,30.9967768986],[109.584266847,30.9443232162],[109.654466754,31.0063986956],[109.672698508,30.9973043946],[109.710804166,30.9932721218],[109.72946776,30.9976933171],[109.77035819,31.0219582137],[109.794763524,31.0492153484],[109.799332306,31.0818943266],[109.794096829,31.0978755742],[109.625616586,31.0386940411],[109.537435338,30.9967768986]]],"shape":1}},"geometry":{"type":"Polygon","coordinates":[[[109.53744,30.99678],[109.58427,30.94432],[109.65447,31.0064],[109.6727,30.9973],[109.7108,30.99327],[109.72947,30.99769],[109.77036,31.02196],[109.79476,31.04922],[109.79933,31.08189],[109.7941,31.09788],[109.62562,31.03869],[109.53744,30.99678]]]}},{"type":"Feature","properties":{"id":"9024_0","area_id":9024,"name":"Yichang Airport","level":2,"level_name":"Restricted Zones","type":"restricted","zone_type_id":10,"zone_type":"Airport","country":"CN","city":"Yichang","color":"#DE4329","height":0,"radius":13167,"shape":1,"begin_at":0,"end_at":0,"url":"","address":"","description":"","source":"dji-flysafe","_raw":{"color":"#DE4329","height":0,"level":2,"lat":30.58616090113339,"lng":111.44224270119146,"radius":13167,"polygon_points":[[[111.43349156,30.6229068467],[111.371853111,30.6879154661],[111.31857167,30.6380596233],[111.400230594,30.5897613051],[111.393506717,30.5599996004],[111.396948771,30.5436681857],[111.40517961,30.5286600719],[111.437625189,30.4993393302],[111.466996777,30.48507956],[111.486035525,30.4825676585],[111.523128676,30.4904080233],[111.43349156,30.6229068467]]],"shape":1}},"geometry":{"type":"Polygon","coordinates":[[[111.43349,30.62291],[111.37185,30.68792],[111.31857,30.63806],[111.40023,30.58976],[111.39351,30.56],[111.39695,30.54367],[111.40518,30.52866],[111.43763,30.49934],[111.467,30.48508],[111.48604,30.48257],[111.52313,30.49041],[111.43349,30.62291]]]}},{"type":"Feature","properties":{"id":"9024_1","area_id":9024,"name":"Yichang Airport","level":2,"level_name":"Restricted Zones","type":"restricted","zone_type_id":10,"zone_type":"Airport","country":"CN","city":"Yichang","color":"#DE4329","height":0,"radius":13233,"shape":1,"begin_at":0,"end_at":0,"url":"","address":"","description":"","source":"dji-flysafe","_raw":{"color":"#DE4329","height":0,"level":2,"lat":30.531333314337687,"lng":111.52178470072191,"radius":13233,"polygon_points":[[[111.584775012,30.425422653],[111.641440321,30.4718768495],[111.556433299,30.5202463381],[111.563162905,30.5499566083],[111.559739368,30.5662909438],[111.551520761,30.5813053232],[111.52238734,30.6106512083],[111.507349845,30.6211758638],[111.470690545,30.6305617865],[111.43349156,30.6229068467],[111.523128676,30.4904080233],[111.584775012,30.425422653]]],"shape":1}},"geometry":{"type":"Polygon","coordinates":[[[111.58478,30.42542],[111.64144,30.47188],[111.55643,30.52025],[111.56316,30.54996],[111.55974,30.56629],[111.55152,30.58131],[111.52239,30.61065],[111.50735,30.62118],[111.47069,30.63056],[111.43349,30.62291],[111.52313,30.49041],[111.58478,30.42542]]]}},{"type":"Feature","properties":{"id":"8075_0","area_id":8075,"name":"Wuhan Tianhe International Airport","level":2,"level_name":"Restricted Zones","type":"restricted","zone_type_id":10,"zone_type":"Airport","country":"CN","city":"Wuhan","color":"#DE4329","height":0,"radius":18335,"shape":1,"begin_at":0,"end_at":0,"url":"","address":"","description":"","source":"dji-flysafe","_raw":{"color":"#DE4329","height":0,"level":2,"lat":30.764228670460597,"lng":114.22741388176122,"radius":18335,"polygon_points":[[[114.35748689672177,30.883124997184176],[114.06908448578086,30.67220016324574],[114.0685476,30.67182373],[114.126957962,30.623766155],[114.183655489,30.6987718004],[114.2187192,30.6938594129],[114.237590775,30.6973479103],[114.269092631,30.7160463231],[114.303031133,30.7512856568],[114.31045184,30.7666100762],[114.310515454,30.799522509],[114.303149139,30.8148676037],[114.37645703,30.8681880529],[114.35748689672177,30.883124997184176]]],"shape":1}},"geometry":{"type":"Polygon","coordinates":[[[114.35749,30.88312],[114.06908,30.6722],[114.06855,30.67182],[114.12696,30.62377],[114.18366,30.69877],[114.21872,30.69386],[114.23759,30.69735],[114.26909,30.71605],[114.30303,30.75129],[114.31045,30.76661],[114.31052,30.79952],[114.30315,30.81487],[114.37646,30.86819],[114.35749,30.88312]]]}},{"type":"Feature","properties":{"id":"8075_1","area_id":8075,"name":"Wuhan Tianhe International Airport","level":2,"level_name":"Restricted Zones","type":"restricted","zone_type_id":10,"zone_type":"Airport","country":"CN","city":"Wuhan","color":"#DE4329","height":0,"radius":18424,"shape":1,"begin_at":0,"end_at":0,"url":"","address":"","description":"","source":"dji-flysafe","_raw":{"color":"#DE4329","height":0,"level":2,"lat":30.784262312928682,"lng":114.20650829644167,"radius":18424,"polygon_points":[[[114.359796806,30.8849117252],[114.301309417,30.9262211834],[114.249682779,30.856229247],[114.212031438,30.8609263701],[114.193280809,30.856874806],[114.162520847,30.8372326191],[114.139198014,30.8139115776],[114.125366018,30.7899105983],[114.123120451,30.7734248574],[114.133563704,30.7417595243],[114.053540579,30.6834329568],[114.06908448578086,30.67220016324574],[114.35748689672177,30.883124997184176],[114.359796806,30.8849117252]]],"shape":1}},"geometry":{"type":"Polygon","coordinates":[[[114.3598,30.88491],[114.30131,30.92622],[114.24968,30.85623],[114.21203,30.86093],[114.19328,30.85687],[114.16252,30.83723],[114.1392,30.81391],[114.12537,30.78991],[114.12312,30.77342],[114.13356,30.74176],[114.05354,30.68343],[114.06908,30.6722],[114.35749,30.88312],[114.3598,30.88491]]]}},{"type":"Feature","properties":{"id":"40001543_0","area_id":40001543,"name":"安徽芜湖机场","level":2,"level_name":"Restricted Zones","type":"restricted","zone_type_id":10,"zone_type":"Airport","country":"CN","city":"","color":"#DE4329","height":0,"radius":13479,"shape":1,"begin_at":0,"end_at":0,"url":"","address":"","description":"","source":"dji-flysafe","_raw":{"color":"#DE4329","height":0,"level":2,"lat":31.132312483288036,"lng":118.70655000417774,"radius":13479,"polygon_points":[[[118.749674301,31.13662425],[118.835960079,31.1816223481],[118.786542702,31.2323727175],[118.719205852,31.1679361505],[118.681526164,31.1798775568],[118.662149918,31.1790449828],[118.627398792,31.1649332785],[118.589688948,31.134873412],[118.580940582,31.1200605845],[118.576970731,31.103814061],[118.584095176,31.0714720401],[118.749674301,31.13662425]]],"shape":1}},"geometry":{"type":"Polygon","coordinates":[[[118.74967,31.13662],[118.83596,31.18162],[118.78654,31.23237],[118.71921,31.16794],[118.68153,31.17988],[118.66215,31.17904],[118.6274,31.16493],[118.58969,31.13487],[118.58094,31.12006],[118.57697,31.10381],[118.5841,31.07147],[118.74967,31.13662]]]}},{"type":"Feature","properties":{"id":"40001543_1","area_id":40001543,"name":"安徽芜湖机场","level":2,"level_name":"Restricted Zones","type":"restricted","zone_type_id":10,"zone_type":"Airport","country":"CN","city":"","color":"#DE4329","height":0,"radius":13478,"shape":1,"begin_at":0,"end_at":0,"url":"","address":"","description":"","source":"dji-flysafe","_raw":{"color":"#DE4329","height":0,"level":2,"lat":31.075719864203098,"lng":118.62726873811543,"radius":13478,"polygon_points":[[[118.497989972,31.0264556145],[118.547335013,30.9757126033],[118.614495104,31.0402296927],[118.633155879,31.0317918141],[118.671437844,31.0291164752],[118.689878697,31.0341967815],[118.729624768,31.0599285383],[118.752699036,31.0880296269],[118.755682214,31.1208428389],[118.749674301,31.13662425],[118.584095176,31.0714720401],[118.497989972,31.0264556145]]],"shape":1}},"geometry":{"type":"Polygon","coordinates":[[[118.49799,31.02646],[118.54734,30.97571],[118.6145,31.04023],[118.63316,31.03179],[118.67144,31.02912],[118.68988,31.0342],[118.72962,31.05993],[118.7527,31.08803],[118.75568,31.12084],[118.74967,31.13662],[118.5841,31.07147],[118.49799,31.02646]]]}},{"type":"Feature","properties":{"id":"1143_0","area_id":1143,"name":"Anqing Airport","level":2,"level_name":"Restricted Zones","type":"restricted","zone_type_id":10,"zone_type":"Airport","country":"CN","city":"Anqing","color":"#DE4329","height":0,"radius":13114,"shape":1,"begin_at":0,"end_at":0,"url":"","address":"","description":"","source":"dji-flysafe","_raw":{"color":"#DE4329","height":0,"level":2,"lat":30.559937237427658,"lng":117.0055767014864,"radius":13114,"polygon_points":[[[116.965377955,30.5672048986],[116.872010369,30.5338687981],[116.90813052,30.4770864748],[116.986510191,30.5270815185],[117.016082452,30.5131998511],[117.03516527,30.5109153469],[117.072139758,30.5191975203],[117.100534827,30.5342276186],[117.122390242,30.5519278093],[117.135492791,30.5828463194],[117.134668343,30.599429379],[116.965377955,30.5672048986]]],"shape":1}},"geometry":{"type":"Polygon","coordinates":[[[116.96538,30.5672],[116.87201,30.53387],[116.90813,30.47709],[116.98651,30.52708],[117.01608,30.5132],[117.03517,30.51092],[117.07214,30.5192],[117.10053,30.53423],[117.12239,30.55193],[117.13549,30.58285],[117.13467,30.59943],[116.96538,30.5672]]]}},{"type":"Feature","properties":{"id":"1143_1","area_id":1143,"name":"Anqing Airport","level":2,"level_name":"Restricted Zones","type":"restricted","zone_type_id":10,"zone_type":"Airport","country":"CN","city":"Anqing","color":"#DE4329","height":0,"radius":13125,"shape":1,"begin_at":0,"end_at":0,"url":"","address":"","description":"","source":"dji-flysafe","_raw":{"color":"#DE4329","height":0,"level":2,"lat":30.608764957405885,"lng":117.09371620132644,"radius":13125,"polygon_points":[[[117.228002683,30.6328198255],[117.191865279,30.6912474121],[117.110125443,30.6362544153],[117.080575308,30.6501078074],[117.061465161,30.6523928439],[117.042319099,30.6503421822],[116.999506141,30.6357925993],[116.974953304,30.6151653228],[116.966878722,30.6000920082],[116.965377955,30.5672048986],[117.134668343,30.599429379],[117.228002683,30.6328198255]]],"shape":1}},"geometry":{"type":"Polygon","coordinates":[[[117.228,30.63282],[117.19187,30.69125],[117.11013,30.63625],[117.08058,30.65011],[117.06147,30.65239],[117.04232,30.65034],[116.99951,30.63579],[116.97495,30.61517],[116.96688,30.60009],[116.96538,30.5672],[117.13467,30.59943],[117.228,30.63282]]]}},{"type":"Feature","properties":{"id":"2741_0","area_id":2741,"name":"Jiuhuashan Airport","level":2,"level_name":"Restricted Zones","type":"restricted","zone_type_id":10,"zone_type":"Airport","country":"CN","city":"Chizhou","color":"#DE4329","height":0,"radius":13146,"shape":1,"begin_at":0,"end_at":0,"url":"","address":"","description":"","source":"dji-flysafe","_raw":{"color":"#DE4329","height":0,"level":2,"lat":30.76914840002247,"lng":117.64695379325323,"radius":13146,"polygon_points":[[[117.629956505,30.8029112502],[117.558287688,30.8595917737],[117.516942242,30.8079362398],[117.601939633,30.7696111809],[117.599820621,30.7381535225],[117.605958172,30.7224160445],[117.61662228,30.7085795794],[117.654382772,30.6826073779],[117.684723656,30.671578281],[117.704002361,30.6708393196],[117.739977111,30.6820605325],[117.629956505,30.8029112502]]],"shape":1}},"geometry":{"type":"Polygon","coordinates":[[[117.62996,30.80291],[117.55829,30.85959],[117.51694,30.80794],[117.60194,30.76961],[117.59982,30.73815],[117.60596,30.72242],[117.61662,30.70858],[117.65438,30.68261],[117.68472,30.67158],[117.704,30.67084],[117.73998,30.68206],[117.62996,30.80291]]]}},{"type":"Feature","properties":{"id":"2741_1","area_id":2741,"name":"Jiuhuashan Airport","level":2,"level_name":"Restricted Zones","type":"restricted","zone_type_id":10,"zone_type":"Airport","country":"CN","city":"Chizhou","color":"#DE4329","height":0,"radius":13251,"shape":1,"begin_at":0,"end_at":0,"url":"","address":"","description":"","source":"dji-flysafe","_raw":{"color":"#DE4329","height":0,"level":2,"lat":30.71642738219602,"lng":117.72536734106083,"radius":13251,"polygon_points":[[[117.809999843,30.6220742831],[117.854736549,30.6736919786],[117.768071033,30.7120235902],[117.770821425,30.742868533],[117.765111041,30.7587246986],[117.754817185,30.7727697938],[117.717270737,30.8024012159],[117.685104979,30.8140733453],[117.665787453,30.8145799489],[117.629956505,30.8029112502],[117.739977111,30.6820605325],[117.809999843,30.6220742831]]],"shape":1}},"geometry":{"type":"Polygon","coordinates":[[[117.81,30.62207],[117.85474,30.67369],[117.76807,30.71202],[117.77082,30.74287],[117.76511,30.75872],[117.75482,30.77277],[117.71727,30.8024],[117.6851,30.81407],[117.66579,30.81458],[117.62996,30.80291],[117.73998,30.68206],[117.81,30.62207]]]}},{"type":"Feature","properties":{"id":"40045024_0","area_id":40045024,"name":"甘孜格萨尔机场","level":2,"level_name":"Restricted Zones","type":"restricted","zone_type_id":10,"zone_type":"Airport","country":"CN","city":"","color":"#DE4329","height":0,"radius":14000,"shape":1,"begin_at":0,"end_at":0,"url":"","address":"","description":"","source":"dji-flysafe","_raw":{"color":"#DE4329","height":0,"level":2,"lat":31.736428704668622,"lng":99.60342898024847,"radius":14000,"polygon_points":[[[99.7143044545,31.6530374292],[99.7487053562,31.7122541002],[99.652030346,31.7388365701],[99.6535025335,31.7568590593],[99.649545433,31.77311275],[99.6407727903,31.7879414078],[99.6277808581,31.8003335775],[99.5535897054,31.8310746147],[99.5149729176,31.8284736758],[99.4830712449,31.8098076338],[99.6308067408,31.7023123464],[99.7143044545,31.6530374292]]],"shape":1}},"geometry":{"type":"Polygon","coordinates":[[[99.7143,31.65304],[99.74871,31.71225],[99.65203,31.73884],[99.6535,31.75686],[99.64955,31.77311],[99.64077,31.78794],[99.62778,31.80033],[99.55359,31.83107],[99.51497,31.82847],[99.48307,31.80981],[99.63081,31.70231],[99.7143,31.65304]]]}},{"type":"Feature","properties":{"id":"40045024_1","area_id":40045024,"name":"甘孜格萨尔机场","level":2,"level_name":"Restricted Zones","type":"restricted","zone_type_id":10,"zone_type":"Airport","country":"CN","city":"","color":"#DE4329","height":0,"radius":14000,"shape":1,"begin_at":0,"end_at":0,"url":"","address":"","description":"","source":"dji-flysafe","_raw":{"color":"#DE4329","height":0,"level":2,"lat":31.77556081537393,"lng":99.51039390680278,"radius":14000,"polygon_points":[[[99.4830712449,31.8098076338],[99.3994592948,31.8590256011],[99.365042315,31.7998033638],[99.4618834588,31.77333366],[99.4604404863,31.7552303223],[99.4644405947,31.7389843809],[99.4732464714,31.7241719658],[99.4862564406,31.7118016094],[99.5603598675,31.6811087937],[99.5989175497,31.6836846204],[99.6308067408,31.7023123464],[99.4830712449,31.8098076338]]],"shape":1}},"geometry":{"type":"Polygon","coordinates":[[[99.48307,31.80981],[99.39946,31.85903],[99.36504,31.7998],[99.46188,31.77333],[99.46044,31.75523],[99.46444,31.73898],[99.47325,31.72417],[99.48626,31.7118],[99.56036,31.68111],[99.59892,31.68368],[99.63081,31.70231],[99.48307,31.80981]]]}},{"type":"Feature","properties":{"id":"40002560_0","area_id":40002560,"name":"阆中古城机场","level":2,"level_name":"Restricted Zones","type":"restricted","zone_type_id":10,"zone_type":"Airport","country":"CN","city":"","color":"#DE4329","height":0,"radius":13476,"shape":1,"begin_at":0,"end_at":0,"url":"","address":"","description":"","source":"dji-flysafe","_raw":{"color":"#DE4329","height":0,"level":2,"lat":31.462896785556882,"lng":106.0105112129747,"radius":13476,"polygon_points":[[[105.91211376,31.3755034467],[105.980401535,31.3444564418],[106.014369912,31.4259033949],[106.035435438,31.4241146798],[106.0722279,31.4339947567],[106.0871404,31.4446540574],[106.112725283,31.481287678],[106.121763441,31.5147688405],[106.110015229,31.5461209752],[106.097438036,31.558794978],[105.972282363,31.4450212695],[105.91211376,31.3755034467]]],"shape":1}},"geometry":{"type":"Polygon","coordinates":[[[105.91211,31.3755],[105.9804,31.34446],[106.01437,31.4259],[106.03544,31.42411],[106.07223,31.43399],[106.08714,31.44465],[106.11273,31.48129],[106.12176,31.51477],[106.11002,31.54612],[106.09744,31.55879],[105.97228,31.44502],[105.91211,31.3755]]]}},{"type":"Feature","properties":{"id":"40002560_1","area_id":40002560,"name":"阆中古城机场","level":2,"level_name":"Restricted Zones","type":"restricted","zone_type_id":10,"zone_type":"Airport","country":"CN","city":"","color":"#DE4329","height":0,"radius":13477,"shape":1,"begin_at":0,"end_at":0,"url":"","address":"","description":"","source":"dji-flysafe","_raw":{"color":"#DE4329","height":0,"level":2,"lat":31.540908629837013,"lng":106.05922096828809,"radius":13477,"polygon_points":[[[106.097438036,31.558794978],[106.157786444,31.6283157198],[106.089319913,31.6593690325],[106.055240976,31.5779521937],[106.014886508,31.5768394041],[105.99723871,31.5698081848],[105.971181317,31.545513751],[105.949453817,31.5055489982],[105.9478715,31.4890056842],[105.951363895,31.4726768484],[105.972282363,31.4450212695],[106.097438036,31.558794978]]],"shape":1}},"geometry":{"type":"Polygon","coordinates":[[[106.09744,31.55879],[106.15779,31.62832],[106.08932,31.65937],[106.05524,31.57795],[106.01489,31.57684],[105.99724,31.56981],[105.97118,31.54551],[105.94945,31.50555],[105.94787,31.48901],[105.95136,31.47268],[105.97228,31.44502],[106.09744,31.55879]]]}},{"type":"Feature","properties":{"id":"6406_0","area_id":6406,"name":"Mianyang Airport","level":2,"level_name":"Restricted Zones","type":"restricted","zone_type_id":10,"zone_type":"Airport","country":"CN","city":"Mianyang","color":"#DE4329","height":0,"radius":13348,"shape":1,"begin_at":0,"end_at":0,"url":"","address":"","description":"","source":"dji-flysafe","_raw":{"color":"#DE4329","height":0,"level":2,"lat":31.394986775731798,"lng":104.77139867101418,"radius":13348,"polygon_points":[[[104.772944785,31.3583269781],[104.821713761,31.2828944529],[104.885523676,31.3248840361],[104.812628285,31.384423285],[104.822577159,31.3994475642],[104.827341673,31.4155399752],[104.827064159,31.4321365249],[104.811791132,31.4623599786],[104.78071063,31.493313808],[104.74505495,31.5059223227],[104.70678244,31.5016298315],[104.772944785,31.3583269781]]],"shape":1}},"geometry":{"type":"Polygon","coordinates":[[[104.77294,31.35833],[104.82171,31.28289],[104.88552,31.32488],[104.81263,31.38442],[104.82258,31.39945],[104.82734,31.41554],[104.82706,31.43214],[104.81179,31.46236],[104.78071,31.49331],[104.74505,31.50592],[104.70678,31.50163],[104.77294,31.35833]]]}},{"type":"Feature","properties":{"id":"6406_1","area_id":6406,"name":"Mianyang Airport","level":2,"level_name":"Restricted Zones","type":"restricted","zone_type_id":10,"zone_type":"Airport","country":"CN","city":"Mianyang","color":"#DE4329","height":0,"radius":13348,"shape":1,"begin_at":0,"end_at":0,"url":"","address":"","description":"","source":"dji-flysafe","_raw":{"color":"#DE4329","height":0,"level":2,"lat":31.464910896615066,"lng":104.70823207830325,"radius":13348,"polygon_points":[[[104.657895432,31.5770230144],[104.593954285,31.5350265793],[104.667090384,31.4755445009],[104.657112285,31.4604242543],[104.652396143,31.444320986],[104.652726689,31.4277251431],[104.668085481,31.3975354387],[104.699124509,31.3666530484],[104.734730049,31.35405027],[104.772944785,31.3583269781],[104.70678244,31.5016298315],[104.657895432,31.5770230144]]],"shape":1}},"geometry":{"type":"Polygon","coordinates":[[[104.6579,31.57702],[104.59395,31.53503],[104.66709,31.47554],[104.65711,31.46042],[104.6524,31.44432],[104.65273,31.42773],[104.66809,31.39754],[104.69912,31.36665],[104.73473,31.35405],[104.77294,31.35833],[104.70678,31.50163],[104.6579,31.57702]]]}},{"type":"Feature","properties":{"id":"33218_0","area_id":33218,"name":"红坪","level":2,"level_name":"Restricted Zones","type":"restricted","zone_type_id":10,"zone_type":"Airport","country":"CN","city":"神农架","color":"#DE4329","height":0,"radius":13321,"shape":1,"begin_at":0,"end_at":0,"url":"","address":"","description":"","source":"dji-flysafe","_raw":{"color":"#DE4329","height":0,"level":2,"lat":31.585308644246947,"lng":110.35710407125939,"radius":13321,"polygon_points":[[[110.335676848,31.5507343653],[110.349050513,31.4657026495],[110.423019828,31.479496543],[110.386391748,31.5612437049],[110.409257098,31.5806155783],[110.417551156,31.5956350614],[110.421000741,31.6119712111],[110.419368301,31.6285111382],[110.404034054,31.6702745618],[110.377845823,31.694494165],[110.3409255,31.7043171444],[110.335676848,31.5507343653]]],"shape":1}},"geometry":{"type":"Polygon","coordinates":[[[110.33568,31.55073],[110.34905,31.4657],[110.42302,31.4795],[110.38639,31.56124],[110.40926,31.58062],[110.41755,31.59564],[110.421,31.61197],[110.41937,31.62851],[110.40403,31.67027],[110.37785,31.69449],[110.34093,31.70432],[110.33568,31.55073]]]}},{"type":"Feature","properties":{"id":"33218_1","area_id":33218,"name":"红坪","level":2,"level_name":"Restricted Zones","type":"restricted","zone_type_id":10,"zone_type":"Airport","country":"CN","city":"神农架","color":"#DE4329","height":0,"radius":13190,"shape":1,"begin_at":0,"end_at":0,"url":"","address":"","description":"","source":"dji-flysafe","_raw":{"color":"#DE4329","height":0,"level":2,"lat":31.669075298267714,"lng":110.32605921327175,"radius":13190,"polygon_points":[[[110.330959135,31.7876261111],[110.25361014,31.7704347418],[110.293630553,31.693810267],[110.26765088,31.6698582917],[110.260870439,31.6542956945],[110.259054362,31.6377696148],[110.268975675,31.596448578],[110.284486771,31.5723125123],[110.299119228,31.5613549522],[110.335676848,31.5507343653],[110.3409255,31.7043171444],[110.330959135,31.7876261111]]],"shape":1}},"geometry":{"type":"Polygon","coordinates":[[[110.33096,31.78763],[110.25361,31.77043],[110.29363,31.69381],[110.26765,31.66986],[110.26087,31.6543],[110.25905,31.63777],[110.26898,31.59645],[110.28449,31.57231],[110.29912,31.56135],[110.33568,31.55073],[110.34093,31.70432],[110.33096,31.78763]]]}},{"type":"Feature","properties":{"id":"4256_0","area_id":4256,"name":"Nanjing Lukou Airport","level":2,"level_name":"Restricted Zones","type":"restricted","zone_type_id":10,"zone_type":"Airport","country":"CN","city":"Nanjing","color":"#DE4329","height":0,"radius":13623,"shape":1,"begin_at":0,"end_at":0,"url":"","address":"","description":"","source":"dji-flysafe","_raw":{"color":"#DE4329","height":0,"level":2,"lat":31.699859024601466,"lng":118.81891595356811,"radius":13623,"polygon_points":[[[118.95305205,31.7444882252],[118.773641083,31.7170979236],[118.681987776,31.6855236318],[118.69413876380273,31.666763984091695],[118.681950454,31.6621136072],[118.724926193,31.6070758531],[118.80156537,31.6620772387],[118.830722336,31.6499514608],[118.85011335,31.6482148198],[118.869372261,31.6508068112],[118.918887237,31.6742341249],[118.94482918,31.6963299481],[118.952534769,31.7115786879],[118.95305205,31.7444882252]]],"shape":1}},"geometry":{"type":"Polygon","coordinates":[[[118.95305,31.74449],[118.77364,31.7171],[118.68199,31.68552],[118.69414,31.66676],[118.68195,31.66211],[118.72493,31.60708],[118.80157,31.66208],[118.83072,31.64995],[118.85011,31.64821],[118.86937,31.65081],[118.91889,31.67423],[118.94483,31.69633],[118.95253,31.71158],[118.95305,31.74449]]]}},{"type":"Feature","properties":{"id":"4256_1","area_id":4256,"name":"Nanjing Lukou Airport","level":2,"level_name":"Restricted Zones","type":"restricted","zone_type_id":10,"zone_type":"Airport","country":"CN","city":"Nanjing","color":"#DE4329","height":0,"radius":13615,"shape":1,"begin_at":0,"end_at":0,"url":"","address":"","description":"","source":"dji-flysafe","_raw":{"color":"#DE4329","height":0,"level":2,"lat":31.761859577770487,"lng":118.90765198299835,"radius":13615,"polygon_points":[[[119.03359172756116,31.795683094414095],[119.04470683,31.799528245],[119.001742566,31.854590732],[118.9251013,31.8029227701],[118.895996518,31.8150149318],[118.876571696,31.816760707],[118.839431783,31.8074254762],[118.804429277,31.7874239225],[118.780364314,31.765424439],[118.773131554,31.7500075487],[118.770839266,31.7335241849],[118.773641083,31.7170979236],[118.95305205,31.7444882252],[119.044706175,31.7795274919],[119.03359172756116,31.795683094414095]]],"shape":1}},"geometry":{"type":"Polygon","coordinates":[[[119.03359,31.79568],[119.04471,31.79953],[119.00174,31.85459],[118.9251,31.80292],[118.896,31.81501],[118.87657,31.81676],[118.83943,31.80743],[118.80443,31.78742],[118.78036,31.76542],[118.77313,31.75001],[118.77084,31.73352],[118.77364,31.7171],[118.95305,31.74449],[119.04471,31.77953],[119.03359,31.79568]]]}},{"type":"Feature","properties":{"id":"8079_0","area_id":8079,"name":"Sunan Shuofang International Airport","level":2,"level_name":"Restricted Zones","type":"restricted","zone_type_id":10,"zone_type":"Airport","country":"CN","city":"Wuxi","color":"#DE4329","height":0,"radius":13827,"shape":1,"begin_at":0,"end_at":0,"url":"","address":"","description":"","source":"dji-flysafe","_raw":{"color":"#DE4329","height":0,"level":2,"lat":31.45744468732219,"lng":120.41310644564426,"radius":13827,"polygon_points":[[[120.375217099,31.4328811608],[120.325958906,31.3577901539],[120.402342729,31.3334333378],[120.422799423,31.4177253138],[120.442744417,31.4185075451],[120.47760989,31.4325819313],[120.499570451,31.4596415327],[120.517587815,31.5064943198],[120.517066172,31.5230866006],[120.51152344,31.5389982854],[120.487194404,31.5645599394],[120.375217099,31.4328811608]]],"shape":1}},"geometry":{"type":"Polygon","coordinates":[[[120.37522,31.43288],[120.32596,31.35779],[120.40234,31.33343],[120.4228,31.41773],[120.44274,31.41851],[120.47761,31.43258],[120.49957,31.45964],[120.51759,31.50649],[120.51707,31.52309],[120.51152,31.539],[120.48719,31.56456],[120.37522,31.43288]]]}},{"type":"Feature","properties":{"id":"8079_1","area_id":8079,"name":"Sunan Shuofang International Airport","level":2,"level_name":"Restricted Zones","type":"restricted","zone_type_id":10,"zone_type":"Airport","country":"CN","city":"Wuxi","color":"#DE4329","height":0,"radius":13827,"shape":1,"begin_at":0,"end_at":0,"url":"","address":"","description":"","source":"dji-flysafe","_raw":{"color":"#DE4329","height":0,"level":2,"lat":31.54000147384013,"lng":120.44928950846001,"radius":13827,"polygon_points":[[[120.536609741,31.6396618452],[120.460014511,31.6640228264],[120.439494524,31.5797468687],[120.419433292,31.5789476992],[120.384544015,31.5648179659],[120.362634354,31.5377138661],[120.344723834,31.4908995617],[120.345285994,31.4743082474],[120.350862866,31.4584062149],[120.375217099,31.4328811608],[120.487194404,31.5645599394],[120.536609741,31.6396618452]]],"shape":1}},"geometry":{"type":"Polygon","coordinates":[[[120.53661,31.63966],[120.46001,31.66402],[120.43949,31.57975],[120.41943,31.57895],[120.38454,31.56482],[120.36263,31.53771],[120.34472,31.4909],[120.34529,31.47431],[120.35086,31.45841],[120.37522,31.43288],[120.48719,31.56456],[120.53661,31.63966]]]}},{"type":"Feature","properties":{"id":"8273_0","area_id":8273,"name":"Shanghai Hongqiao International Airport","level":2,"level_name":"Restricted Zones","type":"restricted","zone_type_id":10,"zone_type":"Airport","country":"CN","city":"Shanghai","color":"#DE4329","height":0,"radius":18371,"shape":1,"begin_at":0,"end_at":0,"url":"","address":"","description":"","source":"dji-flysafe","_raw":{"color":"#DE4329","height":0,"level":2,"lat":31.19779967598148,"lng":121.32752695895077,"radius":18371,"polygon_points":[[[121.36451475774052,31.359084400233876],[121.28546436598813,31.359063601875345],[121.30207824312365,31.272323602407077],[121.27589335135384,31.25704818115868],[121.26451464990457,31.243596299605663],[121.25561972415554,31.211575104187673],[121.25728416082224,31.18164464954104],[121.2662893981069,31.15317251717547],[121.27770270238828,31.139756366835762],[121.2803405141403,31.138374142005638],[121.28351035254124,31.135001867845787],[121.31047431703993,31.12234685440915],[121.30052825286182,31.034202258144745],[121.30721881911448,31.03449499138219],[121.35786068413202,31.274082285618377],[121.36952140734567,31.359076574249215],[121.36451341789177,31.359075906481202],[121.36451475774052,31.359084400233876]]],"shape":1}},"geometry":{"type":"Polygon","coordinates":[[[121.36451,31.35908],[121.28546,31.35906],[121.30208,31.27232],[121.27589,31.25705],[121.26451,31.2436],[121.25562,31.21158],[121.25728,31.18164],[121.26629,31.15317],[121.2777,31.13976],[121.28034,31.13837],[121.28351,31.135],[121.31047,31.12235],[121.30053,31.0342],[121.30722,31.03449],[121.35786,31.27408],[121.36952,31.35908],[121.36451,31.35908],[121.36451,31.35908]]]}},{"type":"Feature","properties":{"id":"8273_1","area_id":8273,"name":"Shanghai Hongqiao International Airport","level":2,"level_name":"Restricted Zones","type":"restricted","zone_type_id":10,"zone_type":"Airport","country":"CN","city":"Shanghai","color":"#DE4329","height":0,"radius":13557,"shape":1,"begin_at":0,"end_at":0,"url":"","address":"","description":"","source":"dji-flysafe","_raw":{"color":"#DE4329","height":0,"level":2,"lat":31.153547398810975,"lng":121.33638982087952,"radius":13557,"polygon_points":[[[121.30721881911448,31.03449499138219],[121.3071888916832,31.034213503426002],[121.32025821349079,31.035061826460613],[121.37955546535676,31.037639139302392],[121.37926730283188,31.03888920789585],[121.38625713591588,31.03934387255454],[121.3662378569793,31.1209870496646],[121.39534027866836,31.1399141480143],[121.40533942404326,31.1541389186318],[121.41105327903745,31.186684077290224],[121.409381646425,31.218381549569827],[121.40133538403495,31.2426646200598],[121.37543136316094,31.26701626033244],[121.35786068413202,31.274082285618377],[121.30721881911448,31.03449499138219]]],"shape":1}},"geometry":{"type":"Polygon","coordinates":[[[121.30722,31.03449],[121.30719,31.03421],[121.32026,31.03506],[121.37956,31.03764],[121.37927,31.03889],[121.38626,31.03934],[121.36624,31.12099],[121.39534,31.13991],[121.40534,31.15414],[121.41105,31.18668],[121.40938,31.21838],[121.40134,31.24266],[121.37543,31.26702],[121.35786,31.27408],[121.30722,31.03449]]]}},{"type":"Feature","properties":{"id":"6150_0","area_id":6150,"name":"Shanghai Pudong International Airport","level":2,"level_name":"Restricted Zones","type":"restricted","zone_type_id":10,"zone_type":"Airport","country":"CN","city":"Shanghai","color":"#DE4329","height":0,"radius":8798,"shape":1,"begin_at":0,"end_at":0,"url":"","address":"","description":"","source":"dji-flysafe","_raw":{"color":"#DE4329","height":0,"level":2,"lat":31.150317486975297,"lng":121.84615913687722,"radius":8798,"polygon_points":[[[121.873066332,31.074615197],[121.898291308,31.0999774585],[121.904199056,31.1157861982],[121.905127446,31.1323653996],[121.901010647,31.1485853242],[121.88507212062925,31.177373052097188],[121.884328424,31.1802898167],[121.88082884769513,31.18503713494771],[121.870148105,31.2043283986],[121.838232174,31.2227177471],[121.819208932,31.226014174],[121.873066332,31.074615197]]],"shape":1}},"geometry":{"type":"Polygon","coordinates":[[[121.87307,31.07462],[121.89829,31.09998],[121.9042,31.11579],[121.90513,31.13237],[121.90101,31.14859],[121.88507,31.17737],[121.88433,31.18029],[121.88083,31.18504],[121.87015,31.20433],[121.83823,31.22272],[121.81921,31.22601],[121.87307,31.07462]]]}},{"type":"Feature","properties":{"id":"6150_1","area_id":6150,"name":"Shanghai Pudong International Airport","level":2,"level_name":"Restricted Zones","type":"restricted","zone_type_id":10,"zone_type":"Airport","country":"CN","city":"Shanghai","color":"#DE4329","height":0,"radius":13996,"shape":1,"begin_at":0,"end_at":0,"url":"","address":"","description":"","source":"dji-flysafe","_raw":{"color":"#DE4329","height":0,"level":2,"lat":31.100531995291487,"lng":121.83075402476989,"radius":13996,"polygon_points":[[[121.819208932,31.226014174],[121.7942817381462,31.061654885174725],[121.810771218,30.9773354344],[121.81216477839058,30.97768412696275],[121.812485615,30.9756385896],[121.83917440509671,30.984119765951423],[121.840841786,30.9756250226],[121.913059491,30.9962669876],[121.91163221692999,30.99880666561983],[121.919747935,31.0013275876],[121.873066332,31.074615197],[121.819208932,31.226014174]]],"shape":1}},"geometry":{"type":"Polygon","coordinates":[[[121.81921,31.22601],[121.79428,31.06165],[121.81077,30.97734],[121.81216,30.97768],[121.81249,30.97564],[121.83917,30.98412],[121.84084,30.97563],[121.91306,30.99627],[121.91163,30.99881],[121.91975,31.00133],[121.87307,31.07462],[121.81921,31.22601]]]}},{"type":"Feature","properties":{"id":"6150_2","area_id":6150,"name":"Shanghai Pudong International Airport","level":2,"level_name":"Restricted Zones","type":"restricted","zone_type_id":10,"zone_type":"Airport","country":"CN","city":"Shanghai","color":"#DE4329","height":0,"radius":9232,"shape":1,"begin_at":0,"end_at":0,"url":"","address":"","description":"","source":"dji-flysafe","_raw":{"color":"#DE4329","height":0,"level":2,"lat":31.14450423952191,"lng":121.80071038372758,"radius":9232,"polygon_points":[[[121.819208932,31.226014174],[121.71817712833304,31.186621366743505],[121.7163477,31.1847912857],[121.709482,31.1692672241],[121.710673558,31.1363705467],[121.724008993,31.1047020286],[121.741623768,31.0808413484],[121.757022656,31.07076395],[121.75974300734153,31.07014410077774],[121.761826483,31.0684390787],[121.7942817381462,31.061654885174725],[121.819208932,31.226014174]]],"shape":1}},"geometry":{"type":"Polygon","coordinates":[[[121.81921,31.22601],[121.71818,31.18662],[121.71635,31.18479],[121.70948,31.16927],[121.71067,31.13637],[121.72401,31.1047],[121.74162,31.08084],[121.75702,31.07076],[121.75974,31.07014],[121.76183,31.06844],[121.79428,31.06165],[121.81921,31.22601]]]}},{"type":"Feature","properties":{"id":"4218_0","area_id":4218,"name":"Ngari Gunsa Airport","level":2,"level_name":"Restricted Zones","type":"restricted","zone_type_id":10,"zone_type":"Airport","country":"CN","city":"Shiquanhe","color":"#DE4329","height":0,"radius":14660,"shape":1,"begin_at":0,"end_at":0,"url":"","address":"","description":"","source":"dji-flysafe","_raw":{"color":"#DE4329","height":0,"level":2,"lat":32.06094109463417,"lng":80.0772152988628,"radius":14660,"polygon_points":[[[80.0772307606,32.0133814366],[80.1100800752,31.9320761408],[80.1841565251,31.9652307886],[80.1236074779,32.0341224073],[80.1358673336,32.0470585343],[80.143765474,32.0622470762],[80.146757772,32.0786504894],[80.1446377365,32.0951512549],[80.1002396515,32.1664943212],[80.0676734936,32.1844781896],[80.0288419832,32.1862594393],[80.0772307606,32.0133814366]]],"shape":1}},"geometry":{"type":"Polygon","coordinates":[[[80.07723,32.01338],[80.11008,31.93208],[80.18416,31.96523],[80.12361,32.03412],[80.13587,32.04706],[80.14377,32.06225],[80.14676,32.07865],[80.14464,32.09515],[80.10024,32.16649],[80.06767,32.18448],[80.02884,32.18626],[80.07723,32.01338]]]}},{"type":"Feature","properties":{"id":"4218_1","area_id":4218,"name":"Ngari Gunsa Airport","level":2,"level_name":"Restricted Zones","type":"restricted","zone_type_id":10,"zone_type":"Airport","country":"CN","city":"Shiquanhe","color":"#DE4329","height":0,"radius":14660,"shape":1,"begin_at":0,"end_at":0,"url":"","address":"","description":"","source":"dji-flysafe","_raw":{"color":"#DE4329","height":0,"level":2,"lat":32.1386630413486,"lng":80.02875791883946,"radius":14660,"polygon_points":[[[79.9959043003,32.2675415522],[79.9216284651,32.2343825924],[79.9824171924,32.1655200061],[79.9700905813,32.1524844995],[79.9622336939,32.1372777182],[79.9592943768,32.1208671852],[79.9614703544,32.1043715901],[80.0059439142,32.0331237981],[80.0384717662,32.015160232],[80.0772307606,32.0133814366],[80.0288419832,32.1862594393],[79.9959043003,32.2675415522]]],"shape":1}},"geometry":{"type":"Polygon","coordinates":[[[79.9959,32.26754],[79.92163,32.23438],[79.98242,32.16552],[79.97009,32.15248],[79.96223,32.13728],[79.95929,32.12087],[79.96147,32.10437],[80.00594,32.03312],[80.03847,32.01516],[80.07723,32.01338],[80.02884,32.18626],[79.9959,32.26754]]]}},{"type":"Feature","properties":{"id":"2561_0","area_id":2561,"name":"Guangyuan Airport","level":2,"level_name":"Restricted Zones","type":"restricted","zone_type_id":10,"zone_type":"Airport","country":"CN","city":"Guangyuan","color":"#DE4329","height":0,"radius":13182,"shape":1,"begin_at":0,"end_at":0,"url":"","address":"","description":"","source":"dji-flysafe","_raw":{"color":"#DE4329","height":0,"level":2,"lat":32.385926741675306,"lng":105.6440542531076,"radius":13182,"polygon_points":[[[105.607228193,32.3958065226],[105.503872659,32.392490705],[105.521036293,32.3288591743],[105.617726859,32.3571832232],[105.640568546,32.3360216405],[105.65805045,32.3284517324],[105.677253521,32.3249601347],[105.723533543,32.3274500677],[105.757603144,32.3410386833],[105.770938644,32.3532278585],[105.784428115,32.384105353],[105.607228193,32.3958065226]]],"shape":1}},"geometry":{"type":"Polygon","coordinates":[[[105.60723,32.39581],[105.50387,32.39249],[105.52104,32.32886],[105.61773,32.35718],[105.64057,32.33602],[105.65805,32.32845],[105.67725,32.32496],[105.72353,32.32745],[105.7576,32.34104],[105.77094,32.35323],[105.78443,32.38411],[105.60723,32.39581]]]}},{"type":"Feature","properties":{"id":"2561_1","area_id":2561,"name":"Guangyuan Airport","level":2,"level_name":"Restricted Zones","type":"restricted","zone_type_id":10,"zone_type":"Airport","country":"CN","city":"Guangyuan","color":"#DE4329","height":0,"radius":13110,"shape":1,"begin_at":0,"end_at":0,"url":"","address":"","description":"","source":"dji-flysafe","_raw":{"color":"#DE4329","height":0,"level":2,"lat":32.396492577579956,"lng":105.74686614157042,"radius":13110,"polygon_points":[[[105.886091059,32.3874752252],[105.87064291,32.4511361677],[105.775613356,32.4261476785],[105.751680895,32.4462622541],[105.733770504,32.4531230955],[105.714364532,32.4558355318],[105.666452384,32.4508809553],[105.635110042,32.4383994224],[105.621466723,32.426445365],[105.607228193,32.3958065226],[105.784428115,32.384105353],[105.886091059,32.3874752252]]],"shape":1}},"geometry":{"type":"Polygon","coordinates":[[[105.88609,32.38748],[105.87064,32.45114],[105.77561,32.42615],[105.75168,32.44626],[105.73377,32.45312],[105.71436,32.45584],[105.66645,32.45088],[105.63511,32.4384],[105.62147,32.42645],[105.60723,32.39581],[105.78443,32.38411],[105.88609,32.38748]]]}},{"type":"Feature","properties":{"id":"40002180_0","area_id":40002180,"name":"Bazhong Enyang Airport","level":2,"level_name":"Restricted Zones","type":"restricted","zone_type_id":10,"zone_type":"Airport","country":"CN","city":"","color":"#DE4329","height":0,"radius":13390,"shape":1,"begin_at":0,"end_at":0,"url":"","address":"","description":"","source":"dji-flysafe","_raw":{"color":"#DE4329","height":0,"level":2,"lat":31.722606904873096,"lng":106.59397702309596,"radius":13390,"polygon_points":[[[106.552307583,31.7314917139],[106.452743114,31.7143075737],[106.479165105,31.6521955312],[106.568581235,31.6932525076],[106.582894712,31.6798553613],[106.618070522,31.6661795828],[106.637559396,31.6655810882],[106.683661379,31.6776244884],[106.716734734,31.697306162],[106.732703708,31.7272842369],[106.733344773,31.7438735191],[106.552307583,31.7314917139]]],"shape":1}},"geometry":{"type":"Polygon","coordinates":[[[106.55231,31.73149],[106.45274,31.71431],[106.47917,31.6522],[106.56858,31.69325],[106.58289,31.67986],[106.61807,31.66618],[106.63756,31.66558],[106.68366,31.67762],[106.71673,31.69731],[106.7327,31.72728],[106.73334,31.74387],[106.55231,31.73149]]]}},{"type":"Feature","properties":{"id":"40002180_1","area_id":40002180,"name":"Bazhong Enyang Airport","level":2,"level_name":"Restricted Zones","type":"restricted","zone_type_id":10,"zone_type":"Airport","country":"CN","city":"","color":"#DE4329","height":0,"radius":13391,"shape":1,"begin_at":0,"end_at":0,"url":"","address":"","description":"","source":"dji-flysafe","_raw":{"color":"#DE4329","height":0,"level":2,"lat":31.752642320568683,"lng":106.69172478712701,"radius":13391,"polygon_points":[[[106.83302306,31.7610123045],[106.806611432,31.8231293246],[106.71705351,31.782199369],[106.686193228,31.8044164569],[106.648003068,31.8098847721],[106.62896842,31.806164761],[106.583016368,31.7894652004],[106.568793836,31.778092446],[106.55852196,31.7639771702],[106.552307583,31.7314917139],[106.733344773,31.7438735191],[106.83302306,31.7610123045]]],"shape":1}},"geometry":{"type":"Polygon","coordinates":[[[106.83302,31.76101],[106.80661,31.82313],[106.71705,31.7822],[106.68619,31.80442],[106.648,31.80988],[106.62897,31.80616],[106.58302,31.78947],[106.56879,31.77809],[106.55852,31.76398],[106.55231,31.73149],[106.73334,31.74387],[106.83302,31.76101]]]}},{"type":"Feature","properties":{"id":"7761_0","area_id":7761,"name":"Xiangfan Airport","level":2,"level_name":"Restricted Zones","type":"restricted","zone_type_id":10,"zone_type":"Airport","country":"CN","city":"Xiangfan","color":"#DE4329","height":0,"radius":13133,"shape":1,"begin_at":0,"end_at":0,"url":"","address":"","description":"","source":"dji-flysafe","_raw":{"color":"#DE4329","height":0,"level":2,"lat":32.192785385162935,"lng":112.30589951873687,"radius":13133,"polygon_points":[[[112.362990173,32.3005776719],[112.282243097,32.309191322],[112.28227939,32.224222291],[112.249194169,32.213921711],[112.234452382,32.2029709217],[112.223566083,32.1891638624],[112.212284461,32.150142028],[112.21437445,32.1223826268],[112.222276486,32.1071935986],[112.25035026,32.0844427686],[112.331365306,32.2188651335],[112.362990173,32.3005776719]]],"shape":1}},"geometry":{"type":"Polygon","coordinates":[[[112.36299,32.30058],[112.28224,32.30919],[112.28228,32.22422],[112.24919,32.21392],[112.23445,32.20297],[112.22357,32.18916],[112.21228,32.15014],[112.21437,32.12238],[112.22228,32.10719],[112.25035,32.08444],[112.33137,32.21887],[112.36299,32.30058]]]}},{"type":"Feature","properties":{"id":"7761_1","area_id":7761,"name":"Xiangfan Airport","level":2,"level_name":"Restricted Zones","type":"restricted","zone_type_id":10,"zone_type":"Airport","country":"CN","city":"Xiangfan","color":"#DE4329","height":0,"radius":13175,"shape":1,"begin_at":0,"end_at":0,"url":"","address":"","description":"","source":"dji-flysafe","_raw":{"color":"#DE4329","height":0,"level":2,"lat":32.10698573393711,"lng":112.28526628354932,"radius":13175,"polygon_points":[[[112.25035026,32.0844427686],[112.218648174,32.0028127259],[112.299371811,31.9891003135],[112.302740131,32.0774627698],[112.332570125,32.0883853338],[112.346813681,32.0997824232],[112.357093336,32.1139132949],[112.369380544,32.1515160162],[112.367538006,32.1810335834],[112.359570655,32.1962005445],[112.331365306,32.2188651335],[112.25035026,32.0844427686]]],"shape":1}},"geometry":{"type":"Polygon","coordinates":[[[112.25035,32.08444],[112.21865,32.00281],[112.29937,31.9891],[112.30274,32.07746],[112.33257,32.08839],[112.34681,32.09978],[112.35709,32.11391],[112.36938,32.15152],[112.36754,32.18103],[112.35957,32.1962],[112.33137,32.21887],[112.25035,32.08444]]]}},{"type":"Feature","properties":{"id":"1406_0","area_id":1406,"name":"Hefei Xinqiao Airport","level":2,"level_name":"Restricted Zones","type":"restricted","zone_type_id":10,"zone_type":"Airport","country":"CN","city":"Hefei","color":"#DE4329","height":0,"radius":13605,"shape":1,"begin_at":0,"end_at":0,"url":"","address":"","description":"","source":"dji-flysafe","_raw":{"color":"#DE4329","height":0,"level":2,"lat":32.025993397184145,"lng":116.95337569103503,"radius":13605,"polygon_points":[[[116.952259861,32.0644807458],[116.917294252,32.1444747521],[116.848520074,32.1101176707],[116.908519415,32.0434340807],[116.891630037,32.0158817536],[116.889644607,31.999369121],[116.892766138,31.9829833807],[116.919089668,31.9412062037],[116.944530401,31.9186181585],[116.962312794,31.911714184],[117.00105905,31.9105116667],[116.952259861,32.0644807458]]],"shape":1}},"geometry":{"type":"Polygon","coordinates":[[[116.95226,32.06448],[116.91729,32.14447],[116.84852,32.11012],[116.90852,32.04343],[116.89163,32.01588],[116.88964,31.99937],[116.89277,31.98298],[116.91909,31.94121],[116.94453,31.91862],[116.96231,31.91171],[117.00106,31.91051],[116.95226,32.06448]]]}},{"type":"Feature","properties":{"id":"1406_1","area_id":1406,"name":"Hefei Xinqiao Airport","level":2,"level_name":"Restricted Zones","type":"restricted","zone_type_id":10,"zone_type":"Airport","country":"CN","city":"Hefei","color":"#DE4329","height":0,"radius":13449,"shape":1,"begin_at":0,"end_at":0,"url":"","address":"","description":"","source":"dji-flysafe","_raw":{"color":"#DE4329","height":0,"level":2,"lat":31.9516050527944,"lng":117.00350702828493,"radius":13449,"polygon_points":[[[117.036056468,31.8338526299],[117.104809468,31.8665501914],[117.041480477,31.9349184386],[117.058643798,31.9603680292],[117.061689143,31.9767639786],[117.052598831,32.0087607414],[117.03424387,32.0354614953],[117.008997773,32.0569962906],[116.991086057,32.0637096694],[116.952259861,32.0644807458],[117.00105905,31.9105116667],[117.036056468,31.8338526299]]],"shape":1}},"geometry":{"type":"Polygon","coordinates":[[[117.03606,31.83385],[117.10481,31.86655],[117.04148,31.93492],[117.05864,31.96037],[117.06169,31.97676],[117.0526,32.00876],[117.03424,32.03546],[117.009,32.057],[116.99109,32.06371],[116.95226,32.06448],[117.00106,31.91051],[117.03606,31.83385]]]}},{"type":"Feature","properties":{"id":"2185_0","area_id":2185,"name":"Changzhou Airport","level":2,"level_name":"Restricted Zones","type":"restricted","zone_type_id":10,"zone_type":"Airport","country":"CN","city":"Zhenjiang Shi","color":"#DE4329","height":0,"radius":13590,"shape":1,"begin_at":0,"end_at":0,"url":"","address":"","description":"","source":"dji-flysafe","_raw":{"color":"#DE4329","height":0,"level":2,"lat":31.9043606820118,"lng":119.82429765963612,"radius":13590,"polygon_points":[[[119.940381804,31.8321167862],[119.967901271,31.8956974884],[119.869555519,31.9157134082],[119.861039647,31.9463101792],[119.849788662,31.9598884927],[119.834775646,31.9705318412],[119.785357694,31.98751327],[119.751643544,31.9910789768],[119.732614554,31.9872032822],[119.701231152,31.9678501096],[119.852063779,31.8754332901],[119.940381804,31.8321167862]]],"shape":1}},"geometry":{"type":"Polygon","coordinates":[[[119.94038,31.83212],[119.9679,31.8957],[119.86956,31.91571],[119.86104,31.94631],[119.84979,31.95989],[119.83478,31.97053],[119.78536,31.98751],[119.75164,31.99108],[119.73261,31.9872],[119.70123,31.96785],[119.85206,31.87543],[119.94038,31.83212]]]}},{"type":"Feature","properties":{"id":"2185_1","area_id":2185,"name":"Changzhou Airport","level":2,"level_name":"Restricted Zones","type":"restricted","zone_type_id":10,"zone_type":"Airport","country":"CN","city":"Zhenjiang Shi","color":"#DE4329","height":0,"radius":13585,"shape":1,"begin_at":0,"end_at":0,"url":"","address":"","description":"","source":"dji-flysafe","_raw":{"color":"#DE4329","height":0,"level":2,"lat":31.93395559509372,"lng":119.72572522009719,"radius":13585,"polygon_points":[[[119.701231152,31.9678501096],[119.609582716,32.0062083021],[119.582112414,31.9426179136],[119.683788412,31.9259401775],[119.691527979,31.8995279087],[119.702409484,31.8857385799],[119.717120219,31.8748088202],[119.767990587,31.855815768],[119.801693322,31.8522379195],[119.820696657,31.8561056469],[119.852063779,31.8754332901],[119.701231152,31.9678501096]]],"shape":1}},"geometry":{"type":"Polygon","coordinates":[[[119.70123,31.96785],[119.60958,32.00621],[119.58211,31.94262],[119.68379,31.92594],[119.69153,31.89953],[119.70241,31.88574],[119.71712,31.87481],[119.76799,31.85582],[119.80169,31.85224],[119.8207,31.85611],[119.85206,31.87543],[119.70123,31.96785]]]}},{"type":"Feature","properties":{"id":"4373_0","area_id":4373,"name":"Nantong Airport","level":2,"level_name":"Restricted Zones","type":"restricted","zone_type_id":10,"zone_type":"Airport","country":"CN","city":"Nantong","color":"#DE4329","height":0,"radius":13696,"shape":1,"begin_at":0,"end_at":0,"url":"","address":"","description":"","source":"dji-flysafe","_raw":{"color":"#DE4329","height":0,"level":2,"lat":32.03023393850984,"lng":120.9830604383836,"radius":13696,"polygon_points":[[[120.957176617,31.9958892211],[120.947172218,31.9108832542],[121.026231728,31.9126318903],[121.006223462,31.9992867826],[121.037404397,32.0161348627],[121.048837481,32.0296085341],[121.055770541,32.0451314336],[121.057729084,32.0616464582],[121.04558313,32.1215538968],[121.019032163,32.1455896489],[121.001178809,32.1524462342],[120.957176617,31.9958892211]]],"shape":1}},"geometry":{"type":"Polygon","coordinates":[[[120.95718,31.99589],[120.94717,31.91088],[121.02623,31.91263],[121.00622,31.99929],[121.0374,32.01613],[121.04884,32.02961],[121.05577,32.04513],[121.05773,32.06165],[121.04558,32.12155],[121.01903,32.14559],[121.00118,32.15245],[120.95718,31.99589]]]}},{"type":"Feature","properties":{"id":"4373_1","area_id":4373,"name":"Nantong Airport","level":2,"level_name":"Restricted Zones","type":"restricted","zone_type_id":10,"zone_type":"Airport","country":"CN","city":"Nantong","color":"#DE4329","height":0,"radius":13666,"shape":1,"begin_at":0,"end_at":0,"url":"","address":"","description":"","source":"dji-flysafe","_raw":{"color":"#DE4329","height":0,"level":2,"lat":32.11786385370304,"lng":120.97502694863299,"radius":13666,"polygon_points":[[[121.016217084,32.2357248189],[120.93376902,32.2357078293],[120.953805257,32.1524163619],[120.93418252,32.1441532005],[120.919694303,32.1329730744],[120.903180314,32.1031803494],[120.903939202,32.0583106463],[120.912797746,32.0267448327],[120.924209947,32.013258659],[120.957176617,31.9958892211],[121.001178809,32.1524462342],[121.016217084,32.2357248189]]],"shape":1}},"geometry":{"type":"Polygon","coordinates":[[[121.01622,32.23572],[120.93377,32.23571],[120.95381,32.15242],[120.93418,32.14415],[120.91969,32.13297],[120.90318,32.10318],[120.90394,32.05831],[120.9128,32.02674],[120.92421,32.01326],[120.95718,31.99589],[121.00118,32.15245],[121.01622,32.23572]]]}},{"type":"Feature","properties":{"id":"9252_0","area_id":9252,"name":"Yushu Batang Airport","level":2,"level_name":"Restricted Zones","type":"restricted","zone_type_id":10,"zone_type":"Airport","country":"CN","city":"Yushu","color":"#DE4329","height":0,"radius":13720,"shape":1,"begin_at":0,"end_at":0,"url":"","address":"","description":"","source":"dji-flysafe","_raw":{"color":"#DE4329","height":0,"level":2,"lat":32.84851628744881,"lng":96.987010419184,"radius":13720,"polygon_points":[[[96.952736993,32.8761309859],[96.8560738732,32.904489838],[96.8405659136,32.8391456752],[96.9388731609,32.8325034443],[96.9524616833,32.8017192405],[96.96587994,32.7895424351],[97.0014445921,32.7757872865],[97.0380932263,32.7707902996],[97.0762692852,32.7709463652],[97.1102113768,32.7873431615],[97.1222674811,32.8004881365],[96.952736993,32.8761309859]]],"shape":1}},"geometry":{"type":"Polygon","coordinates":[[[96.95274,32.87613],[96.85607,32.90449],[96.84057,32.83915],[96.93887,32.8325],[96.95246,32.80172],[96.96588,32.78954],[97.00144,32.77579],[97.03809,32.77079],[97.07627,32.77095],[97.11021,32.78734],[97.12227,32.80049],[96.95274,32.87613]]]}},{"type":"Feature","properties":{"id":"9252_1","area_id":9252,"name":"Yushu Batang Airport","level":2,"level_name":"Restricted Zones","type":"restricted","zone_type_id":10,"zone_type":"Airport","country":"CN","city":"Yushu","color":"#DE4329","height":0,"radius":13822,"shape":1,"begin_at":0,"end_at":0,"url":"","address":"","description":"","source":"dji-flysafe","_raw":{"color":"#DE4329","height":0,"level":2,"lat":32.82660931083272,"lng":97.0884583177871,"radius":13822,"polygon_points":[[[97.2172351025,32.7655018779],[97.2361198275,32.8341699063],[97.1311207008,32.8408358265],[97.1196628492,32.8666322439],[97.1068350451,32.8792587029],[97.0905497597,32.8886645855],[97.0352310851,32.9042114776],[96.9998722331,32.9044429176],[96.9813633858,32.8986114537],[96.952736993,32.8761309859],[97.1222674811,32.8004881365],[97.2172351025,32.7655018779]]],"shape":1}},"geometry":{"type":"Polygon","coordinates":[[[97.21724,32.7655],[97.23612,32.83417],[97.13112,32.84084],[97.11966,32.86663],[97.10684,32.87926],[97.09055,32.88866],[97.03523,32.90421],[96.99987,32.90444],[96.98136,32.89861],[96.95274,32.87613],[97.12227,32.80049],[97.21724,32.7655]]]}},{"type":"Feature","properties":{"id":"950_0","area_id":950,"name":"机场禁飞区","level":2,"level_name":"Restricted Zones","type":"restricted","zone_type_id":10,"zone_type":"Airport","country":"CN","city":"Aba","color":"#DE4329","height":0,"radius":14237,"shape":1,"begin_at":0,"end_at":0,"url":"","address":"","description":"","source":"dji-flysafe","_raw":{"color":"#DE4329","height":0,"level":2,"lat":32.48954139390538,"lng":102.36705075771974,"radius":14237,"polygon_points":[[[102.355064583,32.4467898984],[102.368578695,32.3615047172],[102.448077119,32.3812897596],[102.404669715,32.4591263149],[102.420114391,32.4699041155],[102.431475892,32.4834553339],[102.438295433,32.4990250115],[102.440106182,32.5155528569],[102.415513176,32.5857715553],[102.387484385,32.6086981062],[102.349594625,32.616736373],[102.355064583,32.4467898984]]],"shape":1}},"geometry":{"type":"Polygon","coordinates":[[[102.35506,32.44679],[102.36858,32.3615],[102.44808,32.38129],[102.40467,32.45913],[102.42011,32.4699],[102.43148,32.48346],[102.4383,32.49903],[102.44011,32.51555],[102.41551,32.58577],[102.38748,32.6087],[102.34959,32.61674],[102.35506,32.44679]]]}},{"type":"Feature","properties":{"id":"950_1","area_id":950,"name":"机场禁飞区","level":2,"level_name":"Restricted Zones","type":"restricted","zone_type_id":10,"zone_type":"Airport","country":"CN","city":"Aba","color":"#DE4329","height":0,"radius":14237,"shape":1,"begin_at":0,"end_at":0,"url":"","address":"","description":"","source":"dji-flysafe","_raw":{"color":"#DE4329","height":0,"level":2,"lat":32.57397418416639,"lng":102.33751010808561,"radius":14237,"polygon_points":[[[102.336045756,32.7020111627],[102.256304749,32.6822228533],[102.299910014,32.6043987338],[102.28436947,32.5935337586],[102.273037836,32.5799565149],[102.266265587,32.5643702739],[102.264512127,32.5478379642],[102.289220004,32.4777123772],[102.317238308,32.4548122309],[102.355064583,32.4467898984],[102.349594625,32.616736373],[102.336045756,32.7020111627]]],"shape":1}},"geometry":{"type":"Polygon","coordinates":[[[102.33605,32.70201],[102.2563,32.68222],[102.29991,32.6044],[102.28437,32.59353],[102.27304,32.57996],[102.26627,32.56437],[102.26451,32.54784],[102.28922,32.47771],[102.31724,32.45481],[102.35506,32.44679],[102.34959,32.61674],[102.33605,32.70201]]]}},{"type":"Feature","properties":{"id":"2761_0","area_id":2761,"name":"Jiuzhai Huanglong Airport","level":2,"level_name":"Restricted Zones","type":"restricted","zone_type_id":10,"zone_type":"Airport","country":"CN","city":"Jiuzhaigou","color":"#DE4329","height":0,"radius":13993,"shape":1,"begin_at":0,"end_at":0,"url":"","address":"","description":"","source":"dji-flysafe","_raw":{"color":"#DE4329","height":0,"level":2,"lat":32.895569040139,"lng":103.69495019190262,"radius":13993,"polygon_points":[[[103.731247226,32.924791961],[103.771481484,33.0037933627],[103.688887481,33.0213107441],[103.679529763,32.9357753683],[103.642040711,32.9262227314],[103.626758635,32.9156898561],[103.615248491,32.9021944976],[103.598063518,32.8525626347],[103.597943651,32.8197009683],[103.605437203,32.8043439821],[103.633019754,32.780985907],[103.731247226,32.924791961]]],"shape":1}},"geometry":{"type":"Polygon","coordinates":[[[103.73125,32.92479],[103.77148,33.00379],[103.68889,33.02131],[103.67953,32.93578],[103.64204,32.92622],[103.62676,32.91569],[103.61525,32.90219],[103.59806,32.85256],[103.59794,32.8197],[103.60544,32.80434],[103.63302,32.78099],[103.73125,32.92479]]]}},{"type":"Feature","properties":{"id":"2761_1","area_id":2761,"name":"Jiuzhai Huanglong Airport","level":2,"level_name":"Restricted Zones","type":"restricted","zone_type_id":10,"zone_type":"Airport","country":"CN","city":"Jiuzhaigou","color":"#DE4329","height":0,"radius":13992,"shape":1,"begin_at":0,"end_at":0,"url":"","address":"","description":"","source":"dji-flysafe","_raw":{"color":"#DE4329","height":0,"level":2,"lat":32.810221779298935,"lng":103.66927882976539,"radius":13992,"polygon_points":[[[103.592925876,32.7019983139],[103.675270548,32.6844838586],[103.684607844,32.770027038],[103.721952748,32.7795183725],[103.737240933,32.7900209207],[103.748778486,32.8034909576],[103.766093287,32.853192853],[103.766284796,32.8860257825],[103.758820877,32.901395314],[103.731247226,32.924791961],[103.633019754,32.780985907],[103.592925876,32.7019983139]]],"shape":1}},"geometry":{"type":"Polygon","coordinates":[[[103.59293,32.702],[103.67527,32.68448],[103.68461,32.77003],[103.72195,32.77952],[103.73724,32.79002],[103.74878,32.80349],[103.76609,32.85319],[103.76628,32.88603],[103.75882,32.9014],[103.73125,32.92479],[103.63302,32.78099],[103.59293,32.702]]]}},{"type":"Feature","properties":{"id":"40001541_0","area_id":40001541,"name":"安康富强机场","level":2,"level_name":"Restricted Zones","type":"restricted","zone_type_id":10,"zone_type":"Airport","country":"CN","city":"","color":"#DE4329","height":0,"radius":13358,"shape":1,"begin_at":0,"end_at":0,"url":"","address":"","description":"","source":"dji-flysafe","_raw":{"color":"#DE4329","height":0,"level":2,"lat":32.76129031630855,"lng":108.82142995633964,"radius":13358,"polygon_points":[[[108.788383873,32.7846370443],[108.68873032,32.8058492],[108.680822825,32.7401330838],[108.783516019,32.7441749309],[108.789678774,32.7268040672],[108.814720253,32.7015193964],[108.851421097,32.6901478929],[108.901128565,32.6883053615],[108.936584042,32.7021956343],[108.949923525,32.7144233581],[108.959050543,32.7291386733],[108.788383873,32.7846370443]]],"shape":1}},"geometry":{"type":"Polygon","coordinates":[[[108.78838,32.78464],[108.68873,32.80585],[108.68082,32.74013],[108.78352,32.74417],[108.78968,32.7268],[108.81472,32.70152],[108.85142,32.69015],[108.90113,32.68831],[108.93658,32.7022],[108.94992,32.71442],[108.95905,32.72914],[108.78838,32.78464]]]}},{"type":"Feature","properties":{"id":"40001541_1","area_id":40001541,"name":"安康富强机场","level":2,"level_name":"Restricted Zones","type":"restricted","zone_type_id":10,"zone_type":"Airport","country":"CN","city":"","color":"#DE4329","height":0,"radius":13359,"shape":1,"begin_at":0,"end_at":0,"url":"","address":"","description":"","source":"dji-flysafe","_raw":{"color":"#DE4329","height":0,"level":2,"lat":32.75233421891962,"lng":108.9260026206912,"radius":13359,"polygon_points":[[[109.058673818,32.7078565379],[109.066624117,32.773571018],[108.96395384,32.7696808984],[108.957835478,32.7870127242],[108.932817686,32.8123307825],[108.896080036,32.8237332592],[108.846277752,32.8255612943],[108.810800544,32.8116216465],[108.797477312,32.7993701967],[108.788383873,32.7846370443],[108.959050543,32.7291386733],[109.058673818,32.7078565379]]],"shape":1}},"geometry":{"type":"Polygon","coordinates":[[[109.05867,32.70786],[109.06662,32.77357],[108.96395,32.76968],[108.95784,32.78701],[108.93282,32.81233],[108.89608,32.82373],[108.84628,32.82556],[108.8108,32.81162],[108.79748,32.79937],[108.78838,32.78464],[108.95905,32.72914],[109.05867,32.70786]]]}},{"type":"Feature","properties":{"id":"33220_0","area_id":33220,"name":"武当山","level":2,"level_name":"Restricted Zones","type":"restricted","zone_type_id":10,"zone_type":"Airport","country":"CN","city":"十堰","color":"#DE4329","height":0,"radius":13170,"shape":1,"begin_at":0,"end_at":0,"url":"","address":"","description":"","source":"dji-flysafe","_raw":{"color":"#DE4329","height":0,"level":2,"lat":32.62364278089693,"lng":110.86981965691149,"radius":13170,"polygon_points":[[[110.858450961,32.65624108],[110.790116601,32.7212552228],[110.74021621,32.6696927577],[110.82354979,32.6263609551],[110.818014417,32.6099933133],[110.822634245,32.5773117967],[110.832269351,32.5628352666],[110.867638855,32.5359840309],[110.899566191,32.5224178431],[110.919159047,32.5208130104],[110.956501155,32.5304006682],[110.858450961,32.65624108]]],"shape":1}},"geometry":{"type":"Polygon","coordinates":[[[110.85845,32.65624],[110.79012,32.72126],[110.74022,32.66969],[110.82355,32.62636],[110.81801,32.60999],[110.82263,32.57731],[110.83227,32.56284],[110.86764,32.53598],[110.89957,32.52242],[110.91916,32.52081],[110.9565,32.5304],[110.85845,32.65624]]]}},{"type":"Feature","properties":{"id":"33220_1","area_id":33220,"name":"武当山","level":2,"level_name":"Restricted Zones","type":"restricted","zone_type_id":10,"zone_type":"Airport","country":"CN","city":"十堰","color":"#DE4329","height":0,"radius":13079,"shape":1,"begin_at":0,"end_at":0,"url":"","address":"","description":"","source":"dji-flysafe","_raw":{"color":"#DE4329","height":0,"level":2,"lat":32.56247853367303,"lng":110.94277304248719,"radius":13079,"polygon_points":[[[111.021564259,32.4654105846],[111.071446096,32.5169801625],[110.986453303,32.5602913223],[110.994060141,32.5917939994],[110.990421919,32.6081067898],[110.969054449,32.6356631109],[110.944007437,32.6523642652],[110.915544179,32.6638435712],[110.895936448,32.6655849639],[110.858450961,32.65624108],[110.956501155,32.5304006682],[111.021564259,32.4654105846]]],"shape":1}},"geometry":{"type":"Polygon","coordinates":[[[111.02156,32.46541],[111.07145,32.51698],[110.98645,32.56029],[110.99406,32.59179],[110.99042,32.60811],[110.96905,32.63566],[110.94401,32.65236],[110.91554,32.66384],[110.89594,32.66558],[110.85845,32.65624],[110.9565,32.5304],[111.02156,32.46541]]]}},{"type":"Feature","properties":{"id":"4303_0","area_id":4303,"name":"Nanyang Airport","level":2,"level_name":"Restricted Zones","type":"restricted","zone_type_id":10,"zone_type":"Airport","country":"CN","city":"Nanyang","color":"#DE4329","height":0,"radius":13251,"shape":1,"begin_at":0,"end_at":0,"url":"","address":"","description":"","source":"dji-flysafe","_raw":{"color":"#DE4329","height":0,"level":2,"lat":32.946968684385816,"lng":112.5839038755884,"radius":13251,"polygon_points":[[[112.541863315,32.9400737374],[112.460184051,32.8885209289],[112.520298015,32.8404327645],[112.575298517,32.9120994757],[112.611466265,32.9078473943],[112.630693743,32.9117123269],[112.648077329,32.9196208841],[112.684121913,32.9510576492],[112.699468356,32.9747543243],[112.702488353,32.9911581067],[112.693178079,33.0231310997],[112.541863315,32.9400737374]]],"shape":1}},"geometry":{"type":"Polygon","coordinates":[[[112.54186,32.94007],[112.46018,32.88852],[112.5203,32.84043],[112.5753,32.9121],[112.61147,32.90785],[112.63069,32.91171],[112.64808,32.91962],[112.68412,32.95106],[112.69947,32.97475],[112.70249,32.99116],[112.69318,33.02313],[112.54186,32.94007]]]}},{"type":"Feature","properties":{"id":"4303_1","area_id":4303,"name":"Nanyang Airport","level":2,"level_name":"Restricted Zones","type":"restricted","zone_type_id":10,"zone_type":"Airport","country":"CN","city":"Nanyang","color":"#DE4329","height":0,"radius":13296,"shape":1,"begin_at":0,"end_at":0,"url":"","address":"","description":"","source":"dji-flysafe","_raw":{"color":"#DE4329","height":0,"level":2,"lat":33.01677037226189,"lng":112.65123106921226,"radius":13296,"polygon_points":[[[112.774822178,33.0764969948],[112.713012046,33.1245632952],[112.658020268,33.0512314016],[112.625720766,33.056728585],[112.606138936,33.0542515468],[112.587991613,33.047608349],[112.549206089,33.0172713328],[112.531333177,32.9879286001],[112.529768144,32.9713823628],[112.541863315,32.9400737374],[112.693178079,33.0231310997],[112.774822178,33.0764969948]]],"shape":1}},"geometry":{"type":"Polygon","coordinates":[[[112.77482,33.0765],[112.71301,33.12456],[112.65802,33.05123],[112.62572,33.05673],[112.60614,33.05425],[112.58799,33.04761],[112.54921,33.01727],[112.53133,32.98793],[112.52977,32.97138],[112.54186,32.94007],[112.69318,33.02313],[112.77482,33.0765]]]}},{"type":"Feature","properties":{"id":"32763_0","area_id":32763,"name":"阜阳机场","level":2,"level_name":"Restricted Zones","type":"restricted","zone_type_id":10,"zone_type":"Airport","country":"CN","city":"","color":"#DE4329","height":0,"radius":13508,"shape":1,"begin_at":0,"end_at":0,"url":"","address":"","description":"","source":"dji-flysafe","_raw":{"color":"#DE4329","height":0,"level":2,"lat":32.92355851387035,"lng":115.7530560616853,"radius":13508,"polygon_points":[[[115.841447941,33.0197884821],[115.763917938,33.044703973],[115.742231717,32.9605804979],[115.721855644,32.9599255758],[115.68629078,32.946046769],[115.663774629,32.9191006209],[115.647633745,32.8779364971],[115.648037865,32.8613417288],[115.65354038,32.8454001327],[115.678010512,32.8197005884],[115.790514738,32.9450467712],[115.841447941,33.0197884821]]],"shape":1}},"geometry":{"type":"Polygon","coordinates":[[[115.84145,33.01979],[115.76392,33.0447],[115.74223,32.96058],[115.72186,32.95993],[115.68629,32.94605],[115.66377,32.9191],[115.64763,32.87794],[115.64804,32.86134],[115.65354,32.8454],[115.67801,32.8197],[115.79051,32.94505],[115.84145,33.01979]]]}},{"type":"Feature","properties":{"id":"32763_1","area_id":32763,"name":"阜阳机场","level":2,"level_name":"Restricted Zones","type":"restricted","zone_type_id":10,"zone_type":"Airport","country":"CN","city":"","color":"#DE4329","height":0,"radius":13508,"shape":1,"begin_at":0,"end_at":0,"url":"","address":"","description":"","source":"dji-flysafe","_raw":{"color":"#DE4329","height":0,"level":2,"lat":32.84119366347976,"lng":115.7154565072599,"radius":13508,"polygon_points":[[[115.678010512,32.8197005884],[115.627246368,32.7449694699],[115.704556663,32.7200587335],[115.726170869,32.8042004235],[115.746422879,32.8048385845],[115.78196307,32.8186594887],[115.804533488,32.8455584997],[115.820778869,32.8867610987],[115.820418866,32.903356585],[115.814954208,32.9193082316],[115.790514738,32.9450467712],[115.678010512,32.8197005884]]],"shape":1}},"geometry":{"type":"Polygon","coordinates":[[[115.67801,32.8197],[115.62725,32.74497],[115.70456,32.72006],[115.72617,32.8042],[115.74642,32.80484],[115.78196,32.81866],[115.80453,32.84556],[115.82078,32.88676],[115.82042,32.90336],[115.81495,32.91931],[115.79051,32.94505],[115.67801,32.8197]]]}},{"type":"Feature","properties":{"id":"32236_0","area_id":32236,"name":"扬州泰州机场","level":2,"level_name":"Restricted Zones","type":"restricted","zone_type_id":10,"zone_type":"Airport","country":"CN","city":"Yangzhou","color":"#DE4329","height":0,"radius":13485,"shape":1,"begin_at":0,"end_at":0,"url":"","address":"","description":"","source":"dji-flysafe","_raw":{"color":"#DE4329","height":0,"level":2,"lat":32.60826394850736,"lng":119.70625004763887,"radius":13485,"polygon_points":[[[119.724336782,32.6442698432],[119.716013192,32.7292600098],[119.635275637,32.7137974428],[119.675288014,32.6371538585],[119.650919847,32.6162097893],[119.643038414,32.6009971641],[119.642305511,32.5680904799],[119.650627895,32.539795246],[119.666565751,32.5103750927],[119.680907233,32.499007767],[119.717400146,32.487353841],[119.724336782,32.6442698432]]],"shape":1}},"geometry":{"type":"Polygon","coordinates":[[[119.72434,32.64427],[119.71601,32.72926],[119.63528,32.7138],[119.67529,32.63715],[119.65092,32.61621],[119.64304,32.601],[119.64231,32.56809],[119.65063,32.5398],[119.66657,32.51038],[119.68091,32.49901],[119.7174,32.48735],[119.72434,32.64427]]]}},{"type":"Feature","properties":{"id":"32236_1","area_id":32236,"name":"扬州泰州机场","level":2,"level_name":"Restricted Zones","type":"restricted","zone_type_id":10,"zone_type":"Airport","country":"CN","city":"Yangzhou","color":"#DE4329","height":0,"radius":13470,"shape":1,"begin_at":0,"end_at":0,"url":"","address":"","description":"","source":"dji-flysafe","_raw":{"color":"#DE4329","height":0,"level":2,"lat":32.52331872032488,"lng":119.73239135096499,"radius":13470,"polygon_points":[[[119.724021331,32.4023833594],[119.803048187,32.4178588522],[119.76470763,32.4995083118],[119.788070092,32.5203008716],[119.795745523,32.5355855953],[119.798468838,32.5520243088],[119.791040308,32.5968682346],[119.775668687,32.6219220719],[119.761102747,32.6331030324],[119.724336782,32.6442698432],[119.717400146,32.487353841],[119.724021331,32.4023833594]]],"shape":1}},"geometry":{"type":"Polygon","coordinates":[[[119.72402,32.40238],[119.80305,32.41786],[119.76471,32.49951],[119.78807,32.5203],[119.79575,32.53559],[119.79847,32.55202],[119.79104,32.59687],[119.77567,32.62192],[119.7611,32.6331],[119.72434,32.64427],[119.7174,32.48735],[119.72402,32.40238]]]}},{"type":"Feature","properties":{"id":"1629_0","area_id":1629,"name":"Hanzhong Airport","level":2,"level_name":"Restricted Zones","type":"restricted","zone_type_id":10,"zone_type":"Airport","country":"CN","city":"Hanzhong","color":"#DE4329","height":0,"radius":12942,"shape":1,"begin_at":0,"end_at":0,"url":"","address":"","description":"","source":"dji-flysafe","_raw":{"color":"#DE4329","height":0,"level":2,"lat":33.11546026570694,"lng":107.15606480043141,"radius":12942,"polygon_points":[[[107.117114858,33.1290210552],[107.017111488,33.114066718],[107.039501582,33.0521456106],[107.129551864,33.0921315637],[107.160660213,33.0696689493],[107.179542654,33.0646589594],[107.218671246,33.0674794517],[107.26970782,33.0912650012],[107.289951867,33.1194725338],[107.292888187,33.1358876089],[107.117114858,33.1290210552]]],"shape":1}},"geometry":{"type":"Polygon","coordinates":[[[107.11711,33.12902],[107.01711,33.11407],[107.0395,33.05215],[107.12955,33.09213],[107.16066,33.06967],[107.17954,33.06466],[107.21867,33.06748],[107.26971,33.09127],[107.28995,33.11947],[107.29289,33.13589],[107.11711,33.12902]]]}},{"type":"Feature","properties":{"id":"1629_1","area_id":1629,"name":"Hanzhong Airport","level":2,"level_name":"Restricted Zones","type":"restricted","zone_type_id":10,"zone_type":"Airport","country":"CN","city":"Hanzhong","color":"#DE4329","height":0,"radius":13077,"shape":1,"begin_at":0,"end_at":0,"url":"","address":"","description":"","source":"dji-flysafe","_raw":{"color":"#DE4329","height":0,"level":2,"lat":33.14565747841036,"lng":107.25615739882966,"radius":13077,"polygon_points":[[[107.396252391,33.1543029648],[107.367066643,33.2178804364],[107.277083784,33.1762096771],[107.24935906,33.1950224771],[107.230487415,33.2001340619],[107.210676926,33.2009812569],[107.166311162,33.1925153554],[107.135978208,33.1750507255],[107.124907399,33.1612803298],[107.118474229,33.1455802173],[107.117114858,33.1290210552],[107.292888187,33.1358876089],[107.396252391,33.1543029648]]],"shape":1}},"geometry":{"type":"Polygon","coordinates":[[[107.39625,33.1543],[107.36707,33.21788],[107.27708,33.17621],[107.24936,33.19502],[107.23049,33.20013],[107.21068,33.20098],[107.16631,33.19252],[107.13598,33.17505],[107.12491,33.16128],[107.11847,33.14558],[107.11711,33.12902],[107.29289,33.13589],[107.39625,33.1543]]]}},{"type":"Feature","properties":{"id":"9121_0","area_id":9121,"name":"Yancheng Airport","level":2,"level_name":"Restricted Zones","type":"restricted","zone_type_id":10,"zone_type":"Airport","country":"CN","city":"Yancheng","color":"#DE4329","height":0,"radius":13402,"shape":1,"begin_at":0,"end_at":0,"url":"","address":"","description":"","source":"dji-flysafe","_raw":{"color":"#DE4329","height":0,"level":2,"lat":33.46040303992353,"lng":120.23589087011675,"radius":13402,"polygon_points":[[[120.278823481,33.4706541735],[120.354668351,33.5290755521],[120.289296198,33.5724068943],[120.238100089,33.4976731305],[120.19842896,33.5022233228],[120.179194302,33.4979529341],[120.147853544,33.4779523564],[120.118972214,33.4443084695],[120.113378732,33.4283800787],[120.112916684,33.4117863203],[120.127149987,33.3810939358],[120.278823481,33.4706541735]]],"shape":1}},"geometry":{"type":"Polygon","coordinates":[[[120.27882,33.47065],[120.35467,33.52908],[120.2893,33.57241],[120.2381,33.49767],[120.19843,33.50222],[120.17919,33.49795],[120.14785,33.47795],[120.11897,33.44431],[120.11338,33.42838],[120.11292,33.41179],[120.12715,33.38109],[120.27882,33.47065]]]}},{"type":"Feature","properties":{"id":"9121_1","area_id":9121,"name":"Yancheng Airport","level":2,"level_name":"Restricted Zones","type":"restricted","zone_type_id":10,"zone_type":"Airport","country":"CN","city":"Yancheng","color":"#DE4329","height":0,"radius":13401,"shape":1,"begin_at":0,"end_at":0,"url":"","address":"","description":"","source":"dji-flysafe","_raw":{"color":"#DE4329","height":0,"level":2,"lat":33.391316065202005,"lng":120.17011514760331,"radius":13401,"polygon_points":[[[120.051517627,33.3226701691],[120.116749831,33.2793460396],[120.167773043,33.3541379445],[120.187444013,33.3496269118],[120.226523225,33.3538275765],[120.243764611,33.3620808036],[120.276102428,33.3929134105],[120.292466021,33.4233407022],[120.288326004,33.4560713643],[120.278823481,33.4706541735],[120.127149987,33.3810939358],[120.051517627,33.3226701691]]],"shape":1}},"geometry":{"type":"Polygon","coordinates":[[[120.05152,33.32267],[120.11675,33.27935],[120.16777,33.35414],[120.18744,33.34963],[120.22652,33.35383],[120.24376,33.36208],[120.2761,33.39291],[120.29247,33.42334],[120.28833,33.45607],[120.27882,33.47065],[120.12715,33.38109],[120.05152,33.32267]]]}},{"type":"Feature","properties":{"id":"40001254_0","area_id":40001254,"name":"陇南成县机场","level":2,"level_name":"Restricted Zones","type":"restricted","zone_type_id":10,"zone_type":"Airport","country":"CN","city":"","color":"#DE4329","height":0,"radius":13470,"shape":1,"begin_at":0,"end_at":0,"url":"","address":"","description":"","source":"dji-flysafe","_raw":{"color":"#DE4329","height":0,"level":2,"lat":33.79386589789105,"lng":105.84196205348984,"radius":13470,"polygon_points":[[[105.985531895,33.7729628895],[105.97743482,33.8386708739],[105.876604394,33.8174165986],[105.866316935,33.8333584683],[105.835354585,33.853898989],[105.796167089,33.8588184603],[105.743917028,33.8519369017],[105.712156438,33.8322557027],[105.701937017,33.8179929273],[105.69651183,33.8020185096],[105.881601442,33.7768734043],[105.985531895,33.7729628895]]],"shape":1}},"geometry":{"type":"Polygon","coordinates":[[[105.98553,33.77296],[105.97743,33.83867],[105.8766,33.81742],[105.86632,33.83336],[105.83535,33.8539],[105.79617,33.85882],[105.74392,33.85194],[105.71216,33.83226],[105.70194,33.81799],[105.69651,33.80202],[105.8816,33.77687],[105.98553,33.77296]]]}},{"type":"Feature","properties":{"id":"40001254_1","area_id":40001254,"name":"陇南成县机场","level":2,"level_name":"Restricted Zones","type":"restricted","zone_type_id":10,"zone_type":"Airport","country":"CN","city":"","color":"#DE4329","height":0,"radius":13469,"shape":1,"begin_at":0,"end_at":0,"url":"","address":"","description":"","source":"dji-flysafe","_raw":{"color":"#DE4329","height":0,"level":2,"lat":33.78487492145846,"lng":105.73618086633834,"radius":13469,"polygon_points":[[[105.69651183,33.8020185096],[105.592622467,33.8058655864],[105.600764132,33.7401592895],[105.701525939,33.7615678386],[105.711847164,33.7456080926],[105.742797661,33.7250960044],[105.781926514,33.7201903504],[105.834106069,33.7270415893],[105.865875933,33.7466688493],[105.876128856,33.7609107749],[105.881601442,33.7768734043],[105.69651183,33.8020185096]]],"shape":1}},"geometry":{"type":"Polygon","coordinates":[[[105.69651,33.80202],[105.59262,33.80587],[105.60076,33.74016],[105.70153,33.76157],[105.71185,33.74561],[105.7428,33.7251],[105.78193,33.72019],[105.83411,33.72704],[105.86588,33.74667],[105.87613,33.76091],[105.8816,33.77687],[105.69651,33.80202]]]}},{"type":"Feature","properties":{"id":"7840_0","area_id":7840,"name":"Xuzhou Guanyin Airport","level":2,"level_name":"Restricted Zones","type":"restricted","zone_type_id":10,"zone_type":"Airport","country":"CN","city":"Xuzhou","color":"#DE4329","height":0,"radius":13660,"shape":1,"begin_at":0,"end_at":0,"url":"","address":"","description":"","source":"dji-flysafe","_raw":{"color":"#DE4329","height":0,"level":2,"lat":34.05931683453275,"lng":117.5053130817465,"radius":13660,"polygon_points":[[[117.46067472,34.0725819456],[117.358979515,34.079266492],[117.367564279,34.0139142542],[117.467572429,34.03391023],[117.486882782,34.009741679],[117.503118014,34.000027715],[117.541745493,33.9924364512],[117.617787759,34.0065410596],[117.645343981,34.030238247],[117.652670309,34.0456863363],[117.46067472,34.0725819456]]],"shape":1}},"geometry":{"type":"Polygon","coordinates":[[[117.46067,34.07258],[117.35898,34.07927],[117.36756,34.01391],[117.46757,34.03391],[117.48688,34.00974],[117.50312,34.00003],[117.54175,33.99244],[117.61779,34.00654],[117.64534,34.03024],[117.65267,34.04569],[117.46067,34.07258]]]}},{"type":"Feature","properties":{"id":"7840_1","area_id":7840,"name":"Xuzhou Guanyin Airport","level":2,"level_name":"Restricted Zones","type":"restricted","zone_type_id":10,"zone_type":"Airport","country":"CN","city":"Xuzhou","color":"#DE4329","height":0,"radius":13671,"shape":1,"begin_at":0,"end_at":0,"url":"","address":"","description":"","source":"dji-flysafe","_raw":{"color":"#DE4329","height":0,"level":2,"lat":34.058385072213106,"lng":117.60810734239652,"radius":13671,"polygon_points":[[[117.754319464,34.0373755061],[117.745761396,34.1044231664],[117.645791033,34.0877418516],[117.624574804,34.1103288473],[117.607500781,34.1190282018],[117.588286451,34.1237696782],[117.529919513,34.1242301833],[117.492779147,34.1133409411],[117.477853408,34.1022605701],[117.466903597,34.0883580504],[117.46067472,34.0725819456],[117.652670309,34.0456863363],[117.754319464,34.0373755061]]],"shape":1}},"geometry":{"type":"Polygon","coordinates":[[[117.75432,34.03738],[117.74576,34.10442],[117.64579,34.08774],[117.62457,34.11033],[117.6075,34.11903],[117.58829,34.12377],[117.52992,34.12423],[117.49278,34.11334],[117.47785,34.10226],[117.4669,34.08836],[117.46067,34.07258],[117.65267,34.04569],[117.75432,34.03738]]]}},{"type":"Feature","properties":{"id":"1432_0","area_id":1432,"name":"Lianshui Airport","level":2,"level_name":"Restricted Zones","type":"restricted","zone_type_id":10,"zone_type":"Airport","country":"CN","city":"Huai'an","color":"#DE4329","height":0,"radius":12959,"shape":1,"begin_at":0,"end_at":0,"url":"","address":"","description":"","source":"dji-flysafe","_raw":{"color":"#DE4329","height":0,"level":2,"lat":33.750908425183724,"lng":119.09909469913757,"radius":12959,"polygon_points":[[[119.055179539,33.7433032237],[118.983488571,33.6850591804],[119.048798618,33.6421353497],[119.093781755,33.7187974643],[119.129692699,33.716794416],[119.148748958,33.7217205751],[119.179175652,33.7427665558],[119.199227915,33.7661609728],[119.211685703,33.7906376982],[119.212860159,33.8072072194],[119.208832866,33.8234647009],[119.055179539,33.7433032237]]],"shape":1}},"geometry":{"type":"Polygon","coordinates":[[[119.05518,33.7433],[118.98349,33.68506],[119.0488,33.64214],[119.09378,33.7188],[119.12969,33.71679],[119.14875,33.72172],[119.17918,33.74277],[119.19923,33.76616],[119.21169,33.79064],[119.21286,33.80721],[119.20883,33.82346],[119.05518,33.7433]]]}},{"type":"Feature","properties":{"id":"1432_1","area_id":1432,"name":"Lianshui Airport","level":2,"level_name":"Restricted Zones","type":"restricted","zone_type_id":10,"zone_type":"Airport","country":"CN","city":"Huai'an","color":"#DE4329","height":0,"radius":13281,"shape":1,"begin_at":0,"end_at":0,"url":"","address":"","description":"","source":"dji-flysafe","_raw":{"color":"#DE4329","height":0,"level":2,"lat":33.827120331617756,"lng":119.15755923574292,"radius":13281,"polygon_points":[[[119.271516905,33.9000004887],[119.206191457,33.9395290652],[119.15614782,33.862849707],[119.120266557,33.8648229177],[119.101182789,33.8598851053],[119.070745283,33.8388083753],[119.041440321,33.7906074878],[119.04094477,33.7740143598],[119.055179539,33.7433032237],[119.208832866,33.8234647009],[119.199875572,33.8383017407],[119.271516905,33.9000004887]]],"shape":1}},"geometry":{"type":"Polygon","coordinates":[[[119.27152,33.9],[119.20619,33.93953],[119.15615,33.86285],[119.12027,33.86482],[119.10118,33.85989],[119.07075,33.83881],[119.04144,33.79061],[119.04094,33.77401],[119.05518,33.7433],[119.20883,33.82346],[119.19988,33.8383],[119.27152,33.9]]]}},{"type":"Feature","properties":{"id":"33230_0","area_id":33230,"name":"玛沁","level":2,"level_name":"Restricted Zones","type":"restricted","zone_type_id":10,"zone_type":"Airport","country":"CN","city":"果洛","color":"#DE4329","height":0,"radius":13587,"shape":1,"begin_at":0,"end_at":0,"url":"","address":"","description":"","source":"dji-flysafe","_raw":{"color":"#DE4329","height":0,"level":2,"lat":34.39999253857147,"lng":100.35063765822396,"radius":13587,"polygon_points":[[[100.446771149,34.3070772446],[100.491416066,34.3621343958],[100.393075173,34.3954841457],[100.39257885,34.4251171179],[100.385114911,34.4405314939],[100.373064647,34.4538263456],[100.322203945,34.4841160492],[100.290842237,34.4916600179],[100.270740899,34.4906551895],[100.234849486,34.4762342544],[100.349225536,34.3506064769],[100.36676005,34.3587276113],[100.446771149,34.3070772446]]],"shape":1}},"geometry":{"type":"Polygon","coordinates":[[[100.44677,34.30708],[100.49142,34.36213],[100.39308,34.39548],[100.39258,34.42512],[100.38511,34.44053],[100.37306,34.45383],[100.3222,34.48412],[100.29084,34.49166],[100.27074,34.49066],[100.23485,34.47623],[100.34923,34.35061],[100.36676,34.35873],[100.44677,34.30708]]]}},{"type":"Feature","properties":{"id":"33230_1","area_id":33230,"name":"玛沁","level":2,"level_name":"Restricted Zones","type":"restricted","zone_type_id":10,"zone_type":"Airport","country":"CN","city":"果洛","color":"#DE4329","height":0,"radius":13598,"shape":1,"begin_at":0,"end_at":0,"url":"","address":"","description":"","source":"dji-flysafe","_raw":{"color":"#DE4329","height":0,"level":2,"lat":34.44180324143836,"lng":100.25048421132041,"radius":13598,"polygon_points":[[[100.234849486,34.4762342544],[100.151527182,34.5329204624],[100.111942967,34.4728123574],[100.205277807,34.4394773008],[100.207086244,34.4084976118],[100.215387169,34.3933783863],[100.228144105,34.3805459262],[100.279444018,34.3558932915],[100.309642735,34.3467042666],[100.349225536,34.3506064769],[100.234849486,34.4762342544]]],"shape":1}},"geometry":{"type":"Polygon","coordinates":[[[100.23485,34.47623],[100.15153,34.53292],[100.11194,34.47281],[100.20528,34.43948],[100.20709,34.4085],[100.21539,34.39338],[100.22814,34.38055],[100.27944,34.35589],[100.30964,34.3467],[100.34923,34.35061],[100.23485,34.47623]]]}},{"type":"Feature","properties":{"id":"33232_0","area_id":33232,"name":"夏河","level":2,"level_name":"Restricted Zones","type":"restricted","zone_type_id":10,"zone_type":"Airport","country":"CN","city":"甘南","color":"#DE4329","height":0,"radius":13450,"shape":1,"begin_at":0,"end_at":0,"url":"","address":"","description":"","source":"dji-flysafe","_raw":{"color":"#DE4329","height":0,"level":2,"lat":34.82834020586019,"lng":102.57109224289438,"radius":13450,"polygon_points":[[[102.539409432,34.8561342736],[102.44273809,34.8878271857],[102.423824008,34.8241917574],[102.527167307,34.8175155095],[102.537544854,34.7902049846],[102.549937872,34.7770939597],[102.566036277,34.7670622033],[102.639544352,34.7513150243],[102.678412576,34.7592809952],[102.707240335,34.7821387008],[102.539409432,34.8561342736]]],"shape":1}},"geometry":{"type":"Polygon","coordinates":[[[102.53941,34.85613],[102.44274,34.88783],[102.42382,34.82419],[102.52717,34.81752],[102.53754,34.7902],[102.54994,34.77709],[102.56604,34.76706],[102.63954,34.75132],[102.67841,34.75928],[102.70724,34.78214],[102.53941,34.85613]]]}},{"type":"Feature","properties":{"id":"33232_1","area_id":33232,"name":"夏河","level":2,"level_name":"Restricted Zones","type":"restricted","zone_type_id":10,"zone_type":"Airport","country":"CN","city":"甘南","color":"#DE4329","height":0,"radius":13313,"shape":1,"begin_at":0,"end_at":0,"url":"","address":"","description":"","source":"dji-flysafe","_raw":{"color":"#DE4329","height":0,"level":2,"lat":34.809674040808154,"lng":102.67384358816867,"radius":13313,"polygon_points":[[[102.800563151,34.7504957221],[102.819478694,34.815837243],[102.719535448,34.8207818522],[102.707429558,34.8498749985],[102.694332057,34.8625236831],[102.677687427,34.8719576498],[102.623604178,34.8858714461],[102.586742664,34.8854608106],[102.567989087,34.8792293243],[102.551844315,34.8692261715],[102.539409432,34.8561342736],[102.707240335,34.7821387008],[102.800563151,34.7504957221]]],"shape":1}},"geometry":{"type":"Polygon","coordinates":[[[102.80056,34.7505],[102.81948,34.81584],[102.71954,34.82078],[102.70743,34.84987],[102.69433,34.86252],[102.67769,34.87196],[102.6236,34.88587],[102.58674,34.88546],[102.56799,34.87923],[102.55184,34.86923],[102.53941,34.85613],[102.70724,34.78214],[102.80056,34.7505]]]}},{"type":"Feature","properties":{"id":"7395_0","area_id":7395,"name":"Tianshui Maijishan Airport","level":2,"level_name":"Restricted Zones","type":"restricted","zone_type_id":10,"zone_type":"Airport","country":"CN","city":"Tianshui","color":"#DE4329","height":0,"radius":13485,"shape":1,"begin_at":0,"end_at":0,"url":"","address":"","description":"","source":"dji-flysafe","_raw":{"color":"#DE4329","height":0,"level":2,"lat":34.55135430727486,"lng":105.91268553168099,"radius":13485,"polygon_points":[[[105.944403786,34.523783647],[106.042353656,34.4939484493],[106.059296548,34.5627550435],[105.954989213,34.5667538149],[105.950810463,34.5832616389],[105.941689088,34.5980642325],[105.928220777,34.6104177341],[105.89214866,34.6246294309],[105.840800613,34.631153409],[105.802756415,34.6209955254],[105.775996462,34.5965386052],[105.944403786,34.523783647]]],"shape":1}},"geometry":{"type":"Polygon","coordinates":[[[105.9444,34.52378],[106.04235,34.49395],[106.0593,34.56276],[105.95499,34.56675],[105.95081,34.58326],[105.94169,34.59806],[105.92822,34.61042],[105.89215,34.62463],[105.8408,34.63115],[105.80276,34.621],[105.776,34.59654],[105.9444,34.52378]]]}},{"type":"Feature","properties":{"id":"7395_1","area_id":7395,"name":"Tianshui Maijishan Airport","level":2,"level_name":"Restricted Zones","type":"restricted","zone_type_id":10,"zone_type":"Airport","country":"CN","city":"Tianshui","color":"#DE4329","height":0,"radius":13484,"shape":1,"begin_at":0,"end_at":0,"url":"","address":"","description":"","source":"dji-flysafe","_raw":{"color":"#DE4329","height":0,"level":2,"lat":34.56882062116357,"lng":105.80770374545835,"radius":13484,"polygon_points":[[[105.677981101,34.6262971759],[105.661088481,34.5574876689],[105.765467546,34.5536445123],[105.769693461,34.5370838111],[105.778844509,34.5222964495],[105.792325535,34.5099629289],[105.828370531,34.4957901385],[105.879608744,34.4892635583],[105.917611291,34.4993741659],[105.944403786,34.523783647],[105.775996462,34.5965386052],[105.677981101,34.6262971759]]],"shape":1}},"geometry":{"type":"Polygon","coordinates":[[[105.67798,34.6263],[105.66109,34.55749],[105.76547,34.55364],[105.76969,34.53708],[105.77884,34.5223],[105.79233,34.50996],[105.82837,34.49579],[105.87961,34.48926],[105.91761,34.49937],[105.9444,34.52378],[105.776,34.59654],[105.67798,34.6263]]]}},{"type":"Feature","properties":{"id":"7775_0","area_id":7775,"name":"Xi'an Xianyang International Airport","level":2,"level_name":"Restricted Zones","type":"restricted","zone_type_id":10,"zone_type":"Airport","country":"CN","city":"Xianyang","color":"#DE4329","height":0,"radius":13684,"shape":1,"begin_at":0,"end_at":0,"url":"","address":"","description":"","source":"dji-flysafe","_raw":{"color":"#DE4329","height":0,"level":2,"lat":34.403496422809575,"lng":108.72487526577903,"radius":13684,"polygon_points":[[[108.853173087,34.466333358],[108.668533992,34.4152441758],[108.581854335,34.3686413166],[108.59583593867721,34.354674601416725],[108.590182267,34.3519553709],[108.643450298,34.3004113295],[108.7117901,34.3670784123],[108.743940785,34.3577013256],[108.764044935,34.3579371945],[108.800665257,34.3709546313],[108.835728748,34.3959979468],[108.853487851,34.4176704741],[108.858592697,34.4337257177],[108.853173087,34.466333358]]],"shape":1}},"geometry":{"type":"Polygon","coordinates":[[[108.85317,34.46633],[108.66853,34.41524],[108.58185,34.36864],[108.59584,34.35467],[108.59018,34.35196],[108.64345,34.30041],[108.71179,34.36708],[108.74394,34.3577],[108.76404,34.35794],[108.80067,34.37095],[108.83573,34.396],[108.85349,34.41767],[108.85859,34.43373],[108.85317,34.46633]]]}},{"type":"Feature","properties":{"id":"7775_1","area_id":7775,"name":"Xi'an Xianyang International Airport","level":2,"level_name":"Restricted Zones","type":"restricted","zone_type_id":10,"zone_type":"Airport","country":"CN","city":"Xianyang","color":"#DE4329","height":0,"radius":13712,"shape":1,"begin_at":0,"end_at":0,"url":"","address":"","description":"","source":"dji-flysafe","_raw":{"color":"#DE4329","height":0,"level":2,"lat":34.46495919374705,"lng":108.80537263317007,"radius":13712,"polygon_points":[[[108.88505210150645,34.56153907507183],[108.869840017,34.5762521405],[108.804858459,34.5112536364],[108.770476234,34.5205867928],[108.750355812,34.519762394],[108.714263415,34.5056643596],[108.687598054,34.4856644242],[108.669058714,34.4639058278],[108.663676512,34.4479118893],[108.668533992,34.4152441758],[108.853173087,34.466333358],[108.943150872,34.5130341165],[108.889888579,34.5662557026],[108.88505210150645,34.56153907507183]]],"shape":1}},"geometry":{"type":"Polygon","coordinates":[[[108.88505,34.56154],[108.86984,34.57625],[108.80486,34.51125],[108.77048,34.52059],[108.75036,34.51976],[108.71426,34.50566],[108.6876,34.48566],[108.66906,34.46391],[108.66368,34.44791],[108.66853,34.41524],[108.85317,34.46633],[108.94315,34.51303],[108.88989,34.56626],[108.88505,34.56154]]]}},{"type":"Feature","properties":{"id":"4089_0","area_id":4089,"name":"Luoyang Airport","level":2,"level_name":"Restricted Zones","type":"restricted","zone_type_id":10,"zone_type":"Airport","country":"CN","city":"Luoyang","color":"#DE4329","height":0,"radius":13097,"shape":1,"begin_at":0,"end_at":0,"url":"","address":"","description":"","source":"dji-flysafe","_raw":{"color":"#DE4329","height":0,"level":2,"lat":34.754699083966024,"lng":112.43807458236277,"radius":13097,"polygon_points":[[[112.581165657,34.7475161065],[112.563940443,34.8111561754],[112.468950652,34.7778191021],[112.443337282,34.7985625357],[112.424821556,34.8052217587],[112.404836069,34.8077158904],[112.354746734,34.8025416126],[112.319621323,34.7868821296],[112.306894861,34.7739887038],[112.298668293,34.7588285222],[112.295500184,34.7424356674],[112.477807823,34.7374507856],[112.581165657,34.7475161065]]],"shape":1}},"geometry":{"type":"Polygon","coordinates":[[[112.58117,34.74752],[112.56394,34.81116],[112.46895,34.77782],[112.44334,34.79856],[112.42482,34.80522],[112.40484,34.80772],[112.35475,34.80254],[112.31962,34.78688],[112.30689,34.77399],[112.29867,34.75883],[112.2955,34.74244],[112.47781,34.73745],[112.58117,34.74752]]]}},{"type":"Feature","properties":{"id":"4089_1","area_id":4089,"name":"Luoyang Airport","level":2,"level_name":"Restricted Zones","type":"restricted","zone_type_id":10,"zone_type":"Airport","country":"CN","city":"Luoyang","color":"#DE4329","height":0,"radius":13076,"shape":1,"begin_at":0,"end_at":0,"url":"","address":"","description":"","source":"dji-flysafe","_raw":{"color":"#DE4329","height":0,"level":2,"lat":34.72994127319957,"lng":112.3349993668529,"radius":13076,"polygon_points":[[[112.295500184,34.7424356674],[112.192195472,34.7375097907],[112.212793954,34.6688216893],[112.307776648,34.7021604076],[112.333400562,34.681422539],[112.351893779,34.6747731113],[112.391906097,34.6741223228],[112.449334863,34.6947848525],[112.473006241,34.7213284677],[112.477807823,34.7374507856],[112.295500184,34.7424356674]]],"shape":1}},"geometry":{"type":"Polygon","coordinates":[[[112.2955,34.74244],[112.1922,34.73751],[112.21279,34.66882],[112.30778,34.70216],[112.3334,34.68142],[112.35189,34.67477],[112.39191,34.67412],[112.44933,34.69478],[112.47301,34.72133],[112.47781,34.73745],[112.2955,34.74244]]]}},{"type":"Feature","properties":{"id":"1791_0","area_id":1791,"name":"Xinzheng Airport","level":2,"level_name":"Restricted Zones","type":"restricted","zone_type_id":10,"zone_type":"Airport","country":"CN","city":"Zhengzhou","color":"#DE4329","height":0,"radius":18184,"shape":1,"begin_at":0,"end_at":0,"url":"","address":"","description":"","source":"dji-flysafe","_raw":{"color":"#DE4329","height":0,"level":2,"lat":34.51691393546949,"lng":113.8382719230816,"radius":18184,"polygon_points":[[[114.01387509200576,34.445328653486015],[113.68288355263981,34.60594310515504],[113.674617925,34.60955248],[113.64369697,34.5493416652],[113.747049382,34.5276504688],[113.753608486,34.5011149133],[113.76407197,34.4869328551],[113.778628552,34.4754645697],[113.82791259,34.452503628],[113.867367919,34.4480327255],[113.886844047,34.4522238645],[113.918677345,34.4720820969],[114.005372114,34.4287789339],[114.01387509200576,34.445328653486015]]],"shape":1}},"geometry":{"type":"Polygon","coordinates":[[[114.01388,34.44533],[113.68288,34.60594],[113.67462,34.60955],[113.6437,34.54934],[113.74705,34.52765],[113.75361,34.50111],[113.76407,34.48693],[113.77863,34.47546],[113.82791,34.4525],[113.86737,34.44803],[113.88684,34.45222],[113.91868,34.47208],[114.00537,34.42878],[114.01388,34.44533]]]}},{"type":"Feature","properties":{"id":"1791_1","area_id":1791,"name":"Xinzheng Airport","level":2,"level_name":"Restricted Zones","type":"restricted","zone_type_id":10,"zone_type":"Airport","country":"CN","city":"Zhengzhou","color":"#DE4329","height":0,"radius":18280,"shape":1,"begin_at":0,"end_at":0,"url":"","address":"","description":"","source":"dji-flysafe","_raw":{"color":"#DE4329","height":0,"level":2,"lat":34.53261361926317,"lng":113.85850533978144,"radius":18280,"polygon_points":[[[114.023661999,34.4404371393],[114.054623279,34.502341298],[113.956278915,34.5256891981],[113.949774662,34.5521525216],[113.93933124,34.5663487057],[113.924778176,34.5778336928],[113.868744093,34.6008333434],[113.83504865,34.6042269273],[113.815418862,34.6004275256],[113.782971193,34.5811996704],[113.692974919,34.6245573508],[113.68288355263981,34.60594310515504],[114.01387509200576,34.445328653486015],[114.023661999,34.4404371393]]],"shape":1}},"geometry":{"type":"Polygon","coordinates":[[[114.02366,34.44044],[114.05462,34.50234],[113.95628,34.52569],[113.94977,34.55215],[113.93933,34.56635],[113.92478,34.57783],[113.86874,34.60083],[113.83505,34.60423],[113.81542,34.60043],[113.78297,34.5812],[113.69297,34.62456],[113.68288,34.60594],[114.01388,34.44533],[114.02366,34.44044]]]}},{"type":"Feature","properties":{"id":"40001748_0","area_id":40001748,"name":"Lianyungang Huaguoshan Airport","level":2,"level_name":"Restricted Zones","type":"restricted","zone_type_id":10,"zone_type":"Airport","country":"CN","city":"","color":"#DE4329","height":0,"radius":13504,"shape":1,"begin_at":0,"end_at":0,"url":"","address":"","description":"","source":"dji-flysafe","_raw":{"color":"#DE4329","height":0,"level":2,"lat":34.453179466514484,"lng":119.20263847510985,"radius":13504,"polygon_points":[[[119.241593186,34.4722845786],[119.301360439,34.5433479916],[119.229464393,34.572600445],[119.197284141,34.4903326383],[119.155629316,34.4881640354],[119.137659892,34.4806733122],[119.111648255,34.4557065111],[119.09042352,34.4147403762],[119.089405892,34.3981633853],[119.09362202,34.3819338836],[119.116259307,34.354839832],[119.241593186,34.4722845786]]],"shape":1}},"geometry":{"type":"Polygon","coordinates":[[[119.24159,34.47228],[119.30136,34.54335],[119.22946,34.5726],[119.19728,34.49033],[119.15563,34.48816],[119.13766,34.48067],[119.11165,34.45571],[119.09042,34.41474],[119.08941,34.39816],[119.09362,34.38193],[119.11626,34.35484],[119.24159,34.47228]]]}},{"type":"Feature","properties":{"id":"40001748_1","area_id":40001748,"name":"Lianyungang Huaguoshan Airport","level":2,"level_name":"Restricted Zones","type":"restricted","zone_type_id":10,"zone_type":"Airport","country":"CN","city":"","color":"#DE4329","height":0,"radius":13503,"shape":1,"begin_at":0,"end_at":0,"url":"","address":"","description":"","source":"dji-flysafe","_raw":{"color":"#DE4329","height":0,"level":2,"lat":34.37393644093434,"lng":119.15522237646506,"radius":13503,"polygon_points":[[[119.056694827,34.2837809363],[119.128375774,34.2545351992],[119.160439816,34.3368327969],[119.182259086,34.3355949951],[119.219898194,34.346428438],[119.234908513,34.3574707137],[119.260257756,34.3952128269],[119.268354864,34.4289124169],[119.25505672,34.4599440756],[119.241593186,34.4722845786],[119.116259307,34.354839832],[119.056694827,34.2837809363]]],"shape":1}},"geometry":{"type":"Polygon","coordinates":[[[119.05669,34.28378],[119.12838,34.25454],[119.16044,34.33683],[119.18226,34.33559],[119.2199,34.34643],[119.23491,34.35747],[119.26026,34.39521],[119.26835,34.42891],[119.25506,34.45994],[119.24159,34.47228],[119.11626,34.35484],[119.05669,34.28378]]]}},{"type":"Feature","properties":{"id":"8923_0","area_id":8923,"name":"Yuncheng Guangong Airport","level":2,"level_name":"Restricted Zones","type":"restricted","zone_type_id":10,"zone_type":"Airport","country":"CN","city":"Yuncheng","color":"#DE4329","height":0,"radius":13818,"shape":1,"begin_at":0,"end_at":0,"url":"","address":"","description":"","source":"dji-flysafe","_raw":{"color":"#DE4329","height":0,"level":2,"lat":35.10713819926261,"lng":110.97860386036523,"radius":13818,"polygon_points":[[[110.827082325,35.1161362211],[110.844682441,35.0485476835],[110.943091067,35.0791264327],[110.955182967,35.0650289321],[110.989220307,35.0475101287],[111.029392942,35.0462574428],[111.087771152,35.0585499701],[111.117788704,35.0804507193],[111.12661599,35.0953948893],[111.130417646,35.1116991301],[110.932155582,35.1211096693],[110.827082325,35.1161362211]]],"shape":1}},"geometry":{"type":"Polygon","coordinates":[[[110.82708,35.11614],[110.84468,35.04855],[110.94309,35.07913],[110.95518,35.06503],[110.98922,35.04751],[111.02939,35.04626],[111.08777,35.05855],[111.11779,35.08045],[111.12662,35.09539],[111.13042,35.1117],[110.93216,35.12111],[110.82708,35.11614]]]}},{"type":"Feature","properties":{"id":"8923_1","area_id":8923,"name":"Yuncheng Guangong Airport","level":2,"level_name":"Restricted Zones","type":"restricted","zone_type_id":10,"zone_type":"Airport","country":"CN","city":"Yuncheng","color":"#DE4329","height":0,"radius":13820,"shape":1,"begin_at":0,"end_at":0,"url":"","address":"","description":"","source":"dji-flysafe","_raw":{"color":"#DE4329","height":0,"level":2,"lat":35.12553079384875,"lng":111.08401627125116,"radius":13820,"polygon_points":[[[111.130417646,35.1116991301],[111.235577811,35.1166188879],[111.218022828,35.1842104455],[111.119494568,35.1537821441],[111.10742422,35.1678709199],[111.073353338,35.1854115214],[111.033112088,35.1866654232],[110.974683235,35.1743400254],[110.944690211,35.1523851688],[110.935904191,35.137422311],[110.932155582,35.1211096693],[111.130417646,35.1116991301]]],"shape":1}},"geometry":{"type":"Polygon","coordinates":[[[111.13042,35.1117],[111.23558,35.11662],[111.21802,35.18421],[111.11949,35.15378],[111.10742,35.16787],[111.07335,35.18541],[111.03311,35.18667],[110.97468,35.17434],[110.94469,35.15239],[110.9359,35.13742],[110.93216,35.12111],[111.13042,35.1117]]]}},{"type":"Feature","properties":{"id":"40001608_0","area_id":40001608,"name":"菏泽牡丹机场","level":2,"level_name":"Restricted Zones","type":"restricted","zone_type_id":10,"zone_type":"Airport","country":"CN","city":"","color":"#DE4329","height":0,"radius":13435,"shape":1,"begin_at":0,"end_at":0,"url":"","address":"","description":"","source":"dji-flysafe","_raw":{"color":"#DE4329","height":0,"level":2,"lat":35.17056923277649,"lng":115.74672476123517,"radius":13435,"polygon_points":[[[115.733481935,35.0502254205],[115.812783758,35.0624942924],[115.778195369,35.144167703],[115.796698442,35.1540024834],[115.819111902,35.1813433579],[115.823103846,35.1976178214],[115.821805746,35.2141821369],[115.809114684,35.256275803],[115.782416544,35.2809352211],[115.744181272,35.2913817964],[115.729281832,35.1366047411],[115.733481935,35.0502254205]]],"shape":1}},"geometry":{"type":"Polygon","coordinates":[[[115.73348,35.05023],[115.81278,35.06249],[115.7782,35.14417],[115.7967,35.154],[115.81911,35.18134],[115.8231,35.19762],[115.82181,35.21418],[115.80911,35.25628],[115.78242,35.28094],[115.74418,35.29138],[115.72928,35.1366],[115.73348,35.05023]]]}},{"type":"Feature","properties":{"id":"40001608_1","area_id":40001608,"name":"菏泽牡丹机场","level":2,"level_name":"Restricted Zones","type":"restricted","zone_type_id":10,"zone_type":"Airport","country":"CN","city":"","color":"#DE4329","height":0,"radius":13435,"shape":1,"begin_at":0,"end_at":0,"url":"","address":"","description":"","source":"dji-flysafe","_raw":{"color":"#DE4329","height":0,"level":2,"lat":35.25741603349141,"lng":115.72663653933148,"radius":13435,"polygon_points":[[[115.744181272,35.2913817964],[115.739978633,35.3777552326],[115.660398992,35.365483143],[115.695172428,35.2838190604],[115.676550651,35.273899038],[115.654212823,35.2465029715],[115.650283934,35.2302178815],[115.65164941,35.2136571682],[115.66440077,35.1716571892],[115.691105028,35.1470281864],[115.729281832,35.1366047411],[115.744181272,35.2913817964]]],"shape":1}},"geometry":{"type":"Polygon","coordinates":[[[115.74418,35.29138],[115.73998,35.37776],[115.6604,35.36548],[115.69517,35.28382],[115.67655,35.2739],[115.65421,35.2465],[115.65028,35.23022],[115.65165,35.21366],[115.6644,35.17166],[115.69111,35.14703],[115.72928,35.1366],[115.74418,35.29138]]]}},{"type":"Feature","properties":{"id":"33250_0","area_id":33250,"name":"山字河","level":2,"level_name":"Restricted Zones","type":"restricted","zone_type_id":10,"zone_type":"Airport","country":"CN","city":"日照","color":"#DE4329","height":0,"radius":13422,"shape":1,"begin_at":0,"end_at":0,"url":"","address":"","description":"","source":"dji-flysafe","_raw":{"color":"#DE4329","height":0,"level":2,"lat":35.42548215631988,"lng":119.27943973993588,"radius":13422,"polygon_points":[[[119.264909494,35.4645731846],[119.186622579,35.5195918721],[119.138561283,35.4628728493],[119.236894118,35.4295417911],[119.235717733,35.3993809541],[119.242482407,35.3837255985],[119.253983297,35.3700301161],[119.299420327,35.3409016891],[119.330617866,35.3315097214],[119.350962688,35.331378434],[119.388362767,35.3437236899],[119.264909494,35.4645731846]]],"shape":1}},"geometry":{"type":"Polygon","coordinates":[[[119.26491,35.46457],[119.18662,35.51959],[119.13856,35.46287],[119.23689,35.42954],[119.23572,35.39938],[119.24248,35.38373],[119.25398,35.37003],[119.29942,35.3409],[119.33062,35.33151],[119.35096,35.33138],[119.38836,35.34372],[119.26491,35.46457]]]}},{"type":"Feature","properties":{"id":"33250_1","area_id":33250,"name":"山字河","level":2,"level_name":"Restricted Zones","type":"restricted","zone_type_id":10,"zone_type":"Airport","country":"CN","city":"日照","color":"#DE4329","height":0,"radius":13576,"shape":1,"begin_at":0,"end_at":0,"url":"","address":"","description":"","source":"dji-flysafe","_raw":{"color":"#DE4329","height":0,"level":2,"lat":35.375539200152765,"lng":119.36743940262431,"radius":13576,"polygon_points":[[[119.468404606,35.2854089613],[119.511438895,35.3421222643],[119.419776522,35.3787812107],[119.423148498,35.3974483171],[119.412589099,35.429215766],[119.400141233,35.4423549985],[119.353925998,35.4674254715],[119.322745539,35.4768005231],[119.302363996,35.4769333807],[119.264909494,35.4645731846],[119.388362767,35.3437236899],[119.468404606,35.2854089613]]],"shape":1}},"geometry":{"type":"Polygon","coordinates":[[[119.4684,35.28541],[119.51144,35.34212],[119.41978,35.37878],[119.42315,35.39745],[119.41259,35.42922],[119.40014,35.44235],[119.35393,35.46743],[119.32275,35.4768],[119.30236,35.47693],[119.26491,35.46457],[119.38836,35.34372],[119.4684,35.28541]]]}},{"type":"Feature","properties":{"id":"9721_0","area_id":9721,"name":"Linyi Airport","level":2,"level_name":"Restricted Zones","type":"restricted","zone_type_id":10,"zone_type":"Airport","country":"CN","city":"Linyi Shi","color":"#DE4329","height":0,"radius":13533,"shape":1,"begin_at":0,"end_at":0,"url":"","address":"","description":"","source":"dji-flysafe","_raw":{"color":"#DE4329","height":0,"level":2,"lat":35.09545775085805,"lng":118.41330514505574,"radius":13533,"polygon_points":[[[118.436278064,35.1273851595],[118.454590019,35.21239537],[118.372091492,35.212412164],[118.385406737,35.1273900897],[118.356041128,35.1128788162],[118.335263278,35.0846964936],[118.332233371,35.0682845172],[118.333744161,35.0233126386],[118.35185626,34.9939331551],[118.38546111,34.97590014],[118.436278064,35.1273851595]]],"shape":1}},"geometry":{"type":"Polygon","coordinates":[[[118.43628,35.12739],[118.45459,35.2124],[118.37209,35.21241],[118.38541,35.12739],[118.35604,35.11288],[118.33526,35.0847],[118.33223,35.06828],[118.33374,35.02331],[118.35186,34.99393],[118.38546,34.9759],[118.43628,35.12739]]]}},{"type":"Feature","properties":{"id":"9721_1","area_id":9721,"name":"Linyi Airport","level":2,"level_name":"Restricted Zones","type":"restricted","zone_type_id":10,"zone_type":"Airport","country":"CN","city":"Linyi Shi","color":"#DE4329","height":0,"radius":13486,"shape":1,"begin_at":0,"end_at":0,"url":"","address":"","description":"","source":"dji-flysafe","_raw":{"color":"#DE4329","height":0,"level":2,"lat":35.00778504121572,"lng":118.41165655385446,"radius":13486,"polygon_points":[[[118.372104613,34.890912043],[118.45123398,34.8909178391],[118.436223498,34.9759049849],[118.469881363,34.9939982855],[118.48127393,35.0077246322],[118.487944218,35.0233981073],[118.489435216,35.0399513847],[118.48943212,35.0683340273],[118.48123741,35.0955182523],[118.454533205,35.1201350383],[118.436278064,35.1273851595],[118.38546111,34.97590014],[118.372104613,34.890912043]]],"shape":1}},"geometry":{"type":"Polygon","coordinates":[[[118.3721,34.89091],[118.45123,34.89092],[118.43622,34.9759],[118.46988,34.994],[118.48127,35.00772],[118.48794,35.0234],[118.48944,35.03995],[118.48943,35.06833],[118.48124,35.09552],[118.45453,35.12014],[118.43628,35.12739],[118.38546,34.9759],[118.3721,34.89091]]]}},{"type":"Feature","properties":{"id":"2562_0","area_id":2562,"name":"Guyuan Liupanshan Airport","level":2,"level_name":"Restricted Zones","type":"restricted","zone_type_id":10,"zone_type":"Airport","country":"CN","city":"Guyuan","color":"#DE4329","height":0,"radius":13420,"shape":1,"begin_at":0,"end_at":0,"url":"","address":"","description":"","source":"dji-flysafe","_raw":{"color":"#DE4329","height":0,"level":2,"lat":36.03586902321655,"lng":106.21960749274369,"radius":13420,"polygon_points":[[[106.200511894,36.0024982982],[106.190505643,35.9174960099],[106.271314825,35.9226613898],[106.246312794,36.0076569924],[106.275860069,36.024171348],[106.28753321,36.0378237062],[106.294442377,36.0534536041],[106.296114186,36.0699967324],[106.29300775,36.1117959498],[106.271914548,36.1399554157],[106.236200174,36.1558150668],[106.200511894,36.0024982982]]],"shape":1}},"geometry":{"type":"Polygon","coordinates":[[[106.20051,36.0025],[106.19051,35.9175],[106.27131,35.92266],[106.24631,36.00766],[106.27586,36.02417],[106.28753,36.03782],[106.29444,36.05345],[106.29611,36.07],[106.29301,36.1118],[106.27191,36.13996],[106.2362,36.15582],[106.20051,36.0025]]]}},{"type":"Feature","properties":{"id":"2562_1","area_id":2562,"name":"Guyuan Liupanshan Airport","level":2,"level_name":"Restricted Zones","type":"restricted","zone_type_id":10,"zone_type":"Airport","country":"CN","city":"Guyuan","color":"#DE4329","height":0,"radius":13395,"shape":1,"begin_at":0,"end_at":0,"url":"","address":"","description":"","source":"dji-flysafe","_raw":{"color":"#DE4329","height":0,"level":2,"lat":36.12229051660289,"lng":106.21629680605582,"radius":13395,"polygon_points":[[[106.242827382,36.240841902],[106.160316341,36.2339648957],[106.187019487,36.1506780208],[106.157372305,36.1340963891],[106.145720207,36.1204243365],[106.138849284,36.1047817416],[106.137222309,36.0632867734],[106.141388144,36.0444044305],[106.164016655,36.0170484133],[106.200511894,36.0024982982],[106.236200174,36.1558150668],[106.242827382,36.240841902]]],"shape":1}},"geometry":{"type":"Polygon","coordinates":[[[106.24283,36.24084],[106.16032,36.23396],[106.18702,36.15068],[106.15737,36.1341],[106.14572,36.12042],[106.13885,36.10478],[106.13722,36.06329],[106.14139,36.0444],[106.16402,36.01705],[106.20051,36.0025],[106.2362,36.15582],[106.24283,36.24084]]]}},{"type":"Feature","properties":{"id":"2933_0","area_id":2933,"name":"Qingyang Airport","level":2,"level_name":"Restricted Zones","type":"restricted","zone_type_id":10,"zone_type":"Airport","country":"CN","city":"Qingyang","color":"#DE4329","height":0,"radius":13288,"shape":1,"begin_at":0,"end_at":0,"url":"","address":"","description":"","source":"dji-flysafe","_raw":{"color":"#DE4329","height":0,"level":2,"lat":35.835678783213005,"lng":107.56618743059592,"radius":13288,"polygon_points":[[[107.558666477,35.8745511018],[107.505377827,35.9445546612],[107.441789392,35.8998548684],[107.521785088,35.8465656109],[107.508584047,35.8155592076],[107.50980081,35.7989903269],[107.516261823,35.783241209],[107.527524186,35.769384341],[107.579752898,35.7340945874],[107.59927071,35.7291473276],[107.639651599,35.7320967567],[107.558666477,35.8745511018]]],"shape":1}},"geometry":{"type":"Polygon","coordinates":[[[107.55867,35.87455],[107.50538,35.94455],[107.44179,35.89985],[107.52179,35.84657],[107.50858,35.81556],[107.5098,35.79899],[107.51626,35.78324],[107.52752,35.76938],[107.57975,35.73409],[107.59927,35.72915],[107.63965,35.7321],[107.55867,35.87455]]]}},{"type":"Feature","properties":{"id":"2933_1","area_id":2933,"name":"Qingyang Airport","level":2,"level_name":"Restricted Zones","type":"restricted","zone_type_id":10,"zone_type":"Airport","country":"CN","city":"Qingyang","color":"#DE4329","height":0,"radius":13460,"shape":1,"begin_at":0,"end_at":0,"url":"","address":"","description":"","source":"dji-flysafe","_raw":{"color":"#DE4329","height":0,"level":2,"lat":35.76977758596435,"lng":107.63345277872637,"radius":13460,"polygon_points":[[[107.692954245,35.6587792057],[107.758210658,35.7034482327],[107.676546166,35.7617719164],[107.686116091,35.7876168111],[107.685034974,35.8041918703],[107.678699666,35.8199749959],[107.6508402,35.8555874045],[107.618719801,35.875033979],[107.598882539,35.8791739232],[107.558666477,35.8745511018],[107.639651599,35.7320967567],[107.692954245,35.6587792057]]],"shape":1}},"geometry":{"type":"Polygon","coordinates":[[[107.69295,35.65878],[107.75821,35.70345],[107.67655,35.76177],[107.68612,35.78762],[107.68503,35.80419],[107.6787,35.81997],[107.65084,35.85559],[107.61872,35.87503],[107.59888,35.87917],[107.55867,35.87455],[107.63965,35.7321],[107.69295,35.65878]]]}},{"type":"Feature","properties":{"id":"40001587","area_id":40001587,"name":"陕西延安市洛川县延长石油管道公司 (petrochemical)","level":3,"level_name":"Enhanced Warning Zones","type":"warning","zone_type_id":42,"zone_type":"Special Zones","country":"CN","city":"","color":"#EE8815","height":0,"radius":7579,"shape":1,"begin_at":0,"end_at":0,"url":"","address":"","description":"","source":"dji-flysafe","_raw":{"color":"#EE8815","height":0,"level":3,"lat":35.636563208130255,"lng":109.35880317179158,"radius":7579,"polygon_points":[[[109.31073844420244,35.58071359727666],[109.31842246958982,35.6244164916675],[109.29221704241722,35.65049346086377],[109.3247943805065,35.69887564614484],[109.41309158124167,35.68105900029917],[109.39130726593142,35.64377862564452],[109.39344086116817,35.63893570312299],[109.42810582203725,35.62801386613684],[109.39924757053832,35.57685605666155],[109.31073844420244,35.58071359727666]]],"shape":1}},"geometry":{"type":"Polygon","coordinates":[[[109.31074,35.58071],[109.31842,35.62442],[109.29222,35.65049],[109.32479,35.69888],[109.41309,35.68106],[109.39131,35.64378],[109.39344,35.63894],[109.42811,35.62801],[109.39925,35.57686],[109.31074,35.58071]]]}},{"type":"Feature","properties":{"id":"33202_0","area_id":33202,"name":"乔李 ","level":2,"level_name":"Restricted Zones","type":"restricted","zone_type_id":10,"zone_type":"Airport","country":"CN","city":"临汾","color":"#DE4329","height":0,"radius":13252,"shape":1,"begin_at":0,"end_at":0,"url":"","address":"","description":"","source":"dji-flysafe","_raw":{"color":"#DE4329","height":0,"level":2,"lat":36.17648844877339,"lng":111.62645921007169,"radius":13252,"polygon_points":[[[111.652759119,36.2109052041],[111.649447162,36.2942160991],[111.566940078,36.2855691303],[111.598588951,36.2005372783],[111.571418976,36.1807385336],[111.562091766,36.1659462406],[111.557827388,36.1497090289],[111.558913433,36.1331339776],[111.581070724,36.0829758838],[111.595157315,36.0708978207],[111.632292545,36.0574027689],[111.652759119,36.2109052041]]],"shape":1}},"geometry":{"type":"Polygon","coordinates":[[[111.65276,36.21091],[111.64945,36.29422],[111.56694,36.28557],[111.59859,36.20054],[111.57142,36.18074],[111.56209,36.16595],[111.55783,36.14971],[111.55891,36.13313],[111.58107,36.08298],[111.59516,36.0709],[111.63229,36.0574],[111.65276,36.21091]]]}},{"type":"Feature","properties":{"id":"33202_1","area_id":33202,"name":"乔李 ","level":2,"level_name":"Restricted Zones","type":"restricted","zone_type_id":10,"zone_type":"Airport","country":"CN","city":"临汾","color":"#DE4329","height":0,"radius":13247,"shape":1,"begin_at":0,"end_at":0,"url":"","address":"","description":"","source":"dji-flysafe","_raw":{"color":"#DE4329","height":0,"level":2,"lat":36.091782784751615,"lng":111.65530818696462,"radius":13247,"polygon_points":[[[111.632228476,35.9741135877],[111.714716879,35.9827573035],[111.681414514,36.0678061743],[111.708502998,36.087543508],[111.717851648,36.1023231256],[111.722150041,36.118554041],[111.719431344,36.1551509713],[111.71444083,36.1713502676],[111.690174636,36.1978008079],[111.652759119,36.2109052041],[111.632292545,36.0574027689],[111.632228476,35.9741135877]]],"shape":1}},"geometry":{"type":"Polygon","coordinates":[[[111.63223,35.97411],[111.71472,35.98276],[111.68141,36.06781],[111.7085,36.08754],[111.71785,36.10232],[111.72215,36.11855],[111.71943,36.15515],[111.71444,36.17135],[111.69017,36.1978],[111.65276,36.21091],[111.63229,36.0574],[111.63223,35.97411]]]}},{"type":"Feature","properties":{"id":"40047699_0","area_id":40047699,"name":"安阳红旗渠机场","level":2,"level_name":"Restricted Zones","type":"restricted","zone_type_id":10,"zone_type":"Airport","country":"CN","city":"","color":"#DE4329","height":0,"radius":13364,"shape":1,"begin_at":0,"end_at":0,"url":"","address":"","description":"","source":"dji-flysafe","_raw":{"color":"#DE4329","height":0,"level":2,"lat":35.82933334693816,"lng":114.4427231511388,"radius":13364,"polygon_points":[[[114.345286673,35.7387916673],[114.418941287,35.710702553],[114.449605549,35.7934992753],[114.471839739,35.7926113233],[114.509891249,35.8040444133],[114.5249059,35.8153243922],[114.548454708,35.8511379566],[114.555890496,35.8849593106],[114.541612513,35.915772711],[114.52761273,35.9278957335],[114.404207339,35.8107933568],[114.345286673,35.7387916673]]],"shape":1}},"geometry":{"type":"Polygon","coordinates":[[[114.34529,35.73879],[114.41894,35.7107],[114.44961,35.7935],[114.47184,35.79261],[114.50989,35.80404],[114.52491,35.81532],[114.54845,35.85114],[114.55589,35.88496],[114.54161,35.91577],[114.52761,35.9279],[114.40421,35.81079],[114.34529,35.73879]]]}},{"type":"Feature","properties":{"id":"40047699_1","area_id":40047699,"name":"安阳红旗渠机场","level":2,"level_name":"Restricted Zones","type":"restricted","zone_type_id":10,"zone_type":"Airport","country":"CN","city":"","color":"#DE4329","height":0,"radius":13365,"shape":1,"begin_at":0,"end_at":0,"url":"","address":"","description":"","source":"dji-flysafe","_raw":{"color":"#DE4329","height":0,"level":2,"lat":35.90934918466866,"lng":114.48910364563103,"radius":13365,"polygon_points":[[[114.52761273,35.9278957335],[114.586746927,35.9999023266],[114.512858075,36.0279984744],[114.482076703,35.9452311544],[114.439724831,35.9423942138],[114.421614649,35.9346159072],[114.395740157,35.909235255],[114.376471143,35.8702671218],[114.375834135,35.8536769129],[114.380515699,35.8375183073],[114.404207339,35.8107933568],[114.52761273,35.9278957335]]],"shape":1}},"geometry":{"type":"Polygon","coordinates":[[[114.52761,35.9279],[114.58675,35.9999],[114.51286,36.028],[114.48208,35.94523],[114.43972,35.94239],[114.42161,35.93462],[114.39574,35.90924],[114.37647,35.87027],[114.37583,35.85368],[114.38052,35.83752],[114.40421,35.81079],[114.52761,35.9279]]]}},{"type":"Feature","properties":{"id":"40042919_0","area_id":40042919,"name":"济宁大安机场","level":2,"level_name":"Restricted Zones","type":"restricted","zone_type_id":10,"zone_type":"Airport","country":"CN","city":"","color":"#DE4329","height":0,"radius":12557,"shape":1,"begin_at":0,"end_at":0,"url":"","address":"","description":"","source":"dji-flysafe","_raw":{"color":"#DE4329","height":0,"level":2,"lat":35.65788975045579,"lng":116.79354386708944,"radius":12557,"polygon_points":[[[116.825751484,35.6426688429],[116.931979835,35.6478361571],[116.915267692,35.7124762624],[116.815440706,35.6825576842],[116.802917974,35.6975150188],[116.76876958,35.7152442788],[116.728273849,35.7167212123],[116.696342378,35.7087910096],[116.666590047,35.6864432091],[116.658044116,35.6713663287],[116.654595166,35.655006328],[116.825751484,35.6426688429]]],"shape":1}},"geometry":{"type":"Polygon","coordinates":[[[116.82575,35.64267],[116.93198,35.64784],[116.91527,35.71248],[116.81544,35.68256],[116.80292,35.69752],[116.76877,35.71524],[116.72827,35.71672],[116.69634,35.70879],[116.66659,35.68644],[116.65804,35.67137],[116.6546,35.65501],[116.82575,35.64267]]]}},{"type":"Feature","properties":{"id":"40042919_1","area_id":40042919,"name":"济宁大安机场","level":2,"level_name":"Restricted Zones","type":"restricted","zone_type_id":10,"zone_type":"Airport","country":"CN","city":"","color":"#DE4329","height":0,"radius":12556,"shape":1,"begin_at":0,"end_at":0,"url":"","address":"","description":"","source":"dji-flysafe","_raw":{"color":"#DE4329","height":0,"level":2,"lat":35.63963853613585,"lng":116.68684984205984,"radius":12556,"polygon_points":[[[116.548451418,35.6497611218],[116.565205218,35.5851251536],[116.664909198,35.6152186933],[116.677451994,35.6002633074],[116.711571255,35.582559481],[116.751999322,35.5810877474],[116.783861788,35.5889751506],[116.813647955,35.6112611436],[116.822242041,35.6263175149],[116.825751484,35.6426688429],[116.654595166,35.655006328],[116.548451418,35.6497611218]]],"shape":1}},"geometry":{"type":"Polygon","coordinates":[[[116.54845,35.64976],[116.56521,35.58513],[116.66491,35.61522],[116.67745,35.60026],[116.71157,35.58256],[116.752,35.58109],[116.78386,35.58898],[116.81365,35.61126],[116.82224,35.62632],[116.82575,35.64267],[116.6546,35.65501],[116.54845,35.64976]]]}},{"type":"Feature","properties":{"id":"40025586_0","area_id":40025586,"name":"于田万方机场","level":2,"level_name":"Restricted Zones","type":"restricted","zone_type_id":10,"zone_type":"Airport","country":"CN","city":"","color":"#DE4329","height":0,"radius":13176,"shape":1,"begin_at":0,"end_at":0,"url":"","address":"","description":"","source":"dji-flysafe","_raw":{"color":"#DE4329","height":0,"level":2,"lat":36.81297317266746,"lng":81.83239161240687,"radius":13176,"polygon_points":[[[81.8703443351,36.7960171379],[81.9782757107,36.7930542785],[81.9689847946,36.8586855234],[81.8646125061,36.8365187572],[81.8537253098,36.8523551866],[81.8213080225,36.8726169048],[81.7805626749,36.8771834187],[81.7331471187,36.8704320933],[81.7004551504,36.8504557949],[81.690048005,36.8360983686],[81.6846415535,36.8200741978],[81.8703443351,36.7960171379]]],"shape":1}},"geometry":{"type":"Polygon","coordinates":[[[81.87034,36.79602],[81.97828,36.79305],[81.96898,36.85869],[81.86461,36.83652],[81.85373,36.85236],[81.82131,36.87262],[81.78056,36.87718],[81.73315,36.87043],[81.70046,36.85046],[81.69005,36.8361],[81.68464,36.82007],[81.87034,36.79602]]]}},{"type":"Feature","properties":{"id":"40025586_1","area_id":40025586,"name":"于田万方机场","level":2,"level_name":"Restricted Zones","type":"restricted","zone_type_id":10,"zone_type":"Airport","country":"CN","city":"","color":"#DE4329","height":0,"radius":13174,"shape":1,"begin_at":0,"end_at":0,"url":"","address":"","description":"","source":"dji-flysafe","_raw":{"color":"#DE4329","height":0,"level":2,"lat":36.802952358801036,"lng":81.72263021882578,"radius":13174,"polygon_points":[[[81.5767619181,36.8229611491],[81.5861049289,36.757332094],[81.6903915934,36.7796763754],[81.7013156471,36.7638246152],[81.7337177296,36.7435945433],[81.7743946411,36.7390428587],[81.8217263298,36.7457580033],[81.8544327165,36.7656721435],[81.8648808894,36.7800059827],[81.8703443351,36.7960171379],[81.6846415535,36.8200741978],[81.5767619181,36.8229611491]]],"shape":1}},"geometry":{"type":"Polygon","coordinates":[[[81.57676,36.82296],[81.5861,36.75733],[81.69039,36.77968],[81.70132,36.76382],[81.73372,36.74359],[81.77439,36.73904],[81.82173,36.74576],[81.85443,36.76567],[81.86488,36.78001],[81.87034,36.79602],[81.68464,36.82007],[81.57676,36.82296]]]}},{"type":"Feature","properties":{"id":"2423_0","area_id":2423,"name":"Golmud Airport","level":2,"level_name":"Restricted Zones","type":"restricted","zone_type_id":10,"zone_type":"Airport","country":"CN","city":"Golmud","color":"#DE4329","height":0,"radius":14973,"shape":1,"begin_at":0,"end_at":0,"url":"","address":"","description":"","source":"dji-flysafe","_raw":{"color":"#DE4329","height":0,"level":2,"lat":36.40058208230711,"lng":94.84064893004083,"radius":14973,"polygon_points":[[[94.8967814391,36.379125204],[95.0025270574,36.3666759103],[95.0017798903,36.4369311521],[94.8963215881,36.4230161587],[94.8878892925,36.4384273938],[94.8749389266,36.4513492441],[94.8390136787,36.467109021],[94.7312714291,36.4662382496],[94.6958080014,36.4498165655],[94.6832315848,36.4366580341],[94.675320743,36.4213287101],[94.8967814391,36.379125204]]],"shape":1}},"geometry":{"type":"Polygon","coordinates":[[[94.89678,36.37913],[95.00253,36.36668],[95.00178,36.43693],[94.89632,36.42302],[94.88789,36.43843],[94.87494,36.45135],[94.83901,36.46711],[94.73127,36.46624],[94.69581,36.44982],[94.68323,36.43666],[94.67532,36.42133],[94.89678,36.37913]]]}},{"type":"Feature","properties":{"id":"2423_1","area_id":2423,"name":"Golmud Airport","level":2,"level_name":"Restricted Zones","type":"restricted","zone_type_id":10,"zone_type":"Airport","country":"CN","city":"Golmud","color":"#DE4329","height":0,"radius":14972,"shape":1,"begin_at":0,"end_at":0,"url":"","address":"","description":"","source":"dji-flysafe","_raw":{"color":"#DE4329","height":0,"level":2,"lat":36.39970325181517,"lng":94.73148063607881,"radius":14972,"polygon_points":[[[94.5695871546,36.4337304251],[94.5703990721,36.3634752903],[94.6758272024,36.3775347686],[94.6843068433,36.3620782747],[94.697266712,36.3491722715],[94.7331573024,36.3334417915],[94.8407873778,36.3343014048],[94.8762325369,36.3506748432],[94.8888307683,36.3638112047],[94.8967814391,36.379125204],[94.675320743,36.4213287101],[94.5695871546,36.4337304251]]],"shape":1}},"geometry":{"type":"Polygon","coordinates":[[[94.56959,36.43373],[94.5704,36.36348],[94.67583,36.37753],[94.68431,36.36208],[94.69727,36.34917],[94.73316,36.33344],[94.84079,36.3343],[94.87623,36.35067],[94.88883,36.36381],[94.89678,36.37913],[94.67532,36.42133],[94.56959,36.43373]]]}},{"type":"Feature","properties":{"id":"7809_0","area_id":7809,"name":"Xining Caojiabu Airport","level":2,"level_name":"Restricted Zones","type":"restricted","zone_type_id":10,"zone_type":"Airport","country":"CN","city":"Xining","color":"#DE4329","height":0,"radius":13773,"shape":1,"begin_at":0,"end_at":0,"url":"","address":"","description":"","source":"dji-flysafe","_raw":{"color":"#DE4329","height":0,"level":2,"lat":36.54122176324908,"lng":101.98721933657633,"radius":13773,"polygon_points":[[[101.957844861,36.574505466],[101.862896114,36.6145424843],[101.833689659,36.5526425156],[101.940403449,36.5342550173],[101.948829689,36.5075872702],[101.960447037,36.4938653118],[101.976082266,36.4830261444],[102.03463408,36.4624835251],[102.071360301,36.4594063107],[102.091291271,36.4637136939],[102.123751681,36.4837610756],[101.957844861,36.574505466]]],"shape":1}},"geometry":{"type":"Polygon","coordinates":[[[101.95784,36.57451],[101.8629,36.61454],[101.83369,36.55264],[101.9404,36.53426],[101.94883,36.50759],[101.96045,36.49387],[101.97608,36.48303],[102.03463,36.46248],[102.07136,36.45941],[102.09129,36.46371],[102.12375,36.48376],[101.95784,36.57451]]]}},{"type":"Feature","properties":{"id":"7809_1","area_id":7809,"name":"Xining Caojiabu Airport","level":2,"level_name":"Restricted Zones","type":"restricted","zone_type_id":10,"zone_type":"Airport","country":"CN","city":"Xining","color":"#DE4329","height":0,"radius":13741,"shape":1,"begin_at":0,"end_at":0,"url":"","address":"","description":"","source":"dji-flysafe","_raw":{"color":"#DE4329","height":0,"level":2,"lat":36.51013418626541,"lng":102.08914514484135,"radius":13741,"polygon_points":[[[102.21881511,36.4438020822],[102.242895408,36.5107809323],[102.137916887,36.5257588465],[102.131054478,36.5507207277],[102.120239881,36.5648642562],[102.087054299,36.5841766394],[102.043682351,36.5958545521],[102.010701798,36.5983135502],[101.990666668,36.5942192046],[101.957844861,36.574505466],[102.123751681,36.4837610756],[102.21881511,36.4438020822]]],"shape":1}},"geometry":{"type":"Polygon","coordinates":[[[102.21882,36.4438],[102.2429,36.51078],[102.13792,36.52576],[102.13105,36.55072],[102.12024,36.56486],[102.08705,36.58418],[102.04368,36.59585],[102.0107,36.59831],[101.99067,36.59422],[101.95784,36.57451],[102.12375,36.48376],[102.21882,36.4438]]]}},{"type":"Feature","properties":{"id":"3814_0","area_id":3814,"name":"Lanzhou Zhongchuan Airport","level":2,"level_name":"Restricted Zones","type":"restricted","zone_type_id":10,"zone_type":"Airport","country":"CN","city":"Lanzhou","color":"#DE4329","height":0,"radius":13754,"shape":1,"begin_at":0,"end_at":0,"url":"","address":"","description":"","source":"dji-flysafe","_raw":{"color":"#DE4329","height":0,"level":2,"lat":36.55690323174681,"lng":103.61830039665327,"radius":13754,"polygon_points":[[[103.642909639,36.5924476361],[103.652905787,36.6774397013],[103.568676228,36.6740100414],[103.590364634,36.5923683364],[103.571673723,36.5844405081],[103.5456225,36.5590338232],[103.539594853,36.5431575839],[103.540549489,36.4932870271],[103.550948555,36.4639822563],[103.563449733,36.450776014],[103.59879886,36.4342054472],[103.642909639,36.5924476361]]],"shape":1}},"geometry":{"type":"Polygon","coordinates":[[[103.64291,36.59245],[103.65291,36.67744],[103.56868,36.67401],[103.59036,36.59237],[103.57167,36.58444],[103.54562,36.55903],[103.53959,36.54316],[103.54055,36.49329],[103.55095,36.46398],[103.56345,36.45078],[103.5988,36.43421],[103.64291,36.59245]]]}},{"type":"Feature","properties":{"id":"3814_1","area_id":3814,"name":"Lanzhou Zhongchuan Airport","level":2,"level_name":"Restricted Zones","type":"restricted","zone_type_id":10,"zone_type":"Airport","country":"CN","city":"Lanzhou","color":"#DE4329","height":0,"radius":13728,"shape":1,"begin_at":0,"end_at":0,"url":"","address":"","description":"","source":"dji-flysafe","_raw":{"color":"#DE4329","height":0,"level":2,"lat":36.469849527866295,"lng":103.62473205375616,"radius":13728,"polygon_points":[[[103.592119796,36.3492063422],[103.672978587,36.3526486324],[103.651300868,36.4343001074],[103.683783146,36.4533729468],[103.69461186,36.4675027629],[103.700527384,36.4834048054],[103.701117691,36.533380645],[103.690786801,36.5626162867],[103.678296916,36.5758404563],[103.642909639,36.5924476361],[103.59879886,36.4342054472],[103.592119796,36.3492063422]]],"shape":1}},"geometry":{"type":"Polygon","coordinates":[[[103.59212,36.34921],[103.67298,36.35265],[103.6513,36.4343],[103.68378,36.45337],[103.69461,36.4675],[103.70053,36.4834],[103.70112,36.53338],[103.69079,36.56262],[103.6783,36.57584],[103.64291,36.59245],[103.5988,36.43421],[103.59212,36.34921]]]}},{"type":"Feature","properties":{"id":"30286027_0","area_id":30286027,"name":"Yanan nanniwan Airport","level":2,"level_name":"Restricted Zones","type":"restricted","zone_type_id":10,"zone_type":"Airport","country":"CN","city":"","color":"#DE4329","height":0,"radius":13619,"shape":1,"begin_at":0,"end_at":0,"url":"","address":"","description":"","source":"dji-flysafe","_raw":{"color":"#DE4329","height":0,"level":2,"lat":36.5222736873773,"lng":109.44985481198289,"radius":13619,"polygon_points":[[[109.463823198,36.5589016232],[109.451275724,36.644751311],[109.371829068,36.6275148212],[109.414901761,36.5482792459],[109.396984097,36.5372136564],[109.376984662,36.5084921651],[109.374567091,36.4920080868],[109.377538625,36.4755827002],[109.39558125,36.4312368273],[109.424987782,36.4083613212],[109.464657035,36.4003706695],[109.463823198,36.5589016232]]],"shape":1}},"geometry":{"type":"Polygon","coordinates":[[[109.46382,36.5589],[109.45128,36.64475],[109.37183,36.62751],[109.4149,36.54828],[109.39698,36.53721],[109.37698,36.50849],[109.37457,36.49201],[109.37754,36.47558],[109.39558,36.43124],[109.42499,36.40836],[109.46466,36.40037],[109.46382,36.5589]]]}},{"type":"Feature","properties":{"id":"30286027_1","area_id":30286027,"name":"Yanan nanniwan Airport","level":2,"level_name":"Restricted Zones","type":"restricted","zone_type_id":10,"zone_type":"Airport","country":"CN","city":"","color":"#DE4329","height":0,"radius":13619,"shape":1,"begin_at":0,"end_at":0,"url":"","address":"","description":"","source":"dji-flysafe","_raw":{"color":"#DE4329","height":0,"level":2,"lat":36.436988267460706,"lng":109.47850753551184,"radius":13619,"polygon_points":[[[109.47717151,36.3145094801],[109.556331218,36.3317414602],[109.513488258,36.4109928691],[109.531289827,36.4219610174],[109.551381951,36.4506305338],[109.553869091,36.4671077932],[109.550968433,36.4835413318],[109.532979365,36.5279870532],[109.503563953,36.5508929034],[109.463823198,36.5589016232],[109.464657035,36.4003706695],[109.47717151,36.3145094801]]],"shape":1}},"geometry":{"type":"Polygon","coordinates":[[[109.47717,36.31451],[109.55633,36.33174],[109.51349,36.41099],[109.53129,36.42196],[109.55138,36.45063],[109.55387,36.46711],[109.55097,36.48354],[109.53298,36.52799],[109.50356,36.55089],[109.46382,36.5589],[109.46466,36.40037],[109.47717,36.31451]]]}},{"type":"Feature","properties":{"id":"1831_0","area_id":1831,"name":"Changzhi Airport","level":2,"level_name":"Restricted Zones","type":"restricted","zone_type_id":10,"zone_type":"Airport","country":"CN","city":"Changzhi","color":"#DE4329","height":0,"radius":13437,"shape":1,"begin_at":0,"end_at":0,"url":"","address":"","description":"","source":"dji-flysafe","_raw":{"color":"#DE4329","height":0,"level":2,"lat":36.203949174166354,"lng":113.11840663133111,"radius":13437,"polygon_points":[[[113.087473963,36.1764551929],[113.05694097,36.0937683572],[113.139625613,36.0843264023],[113.138666964,36.1706191649],[113.159821954,36.1750632059],[113.192152773,36.1951206281],[113.207741029,36.2255350841],[113.212453871,36.2682495952],[113.207223945,36.2843034102],[113.19701479,36.2987183102],[113.164728651,36.3188758723],[113.087473963,36.1764551929]]],"shape":1}},"geometry":{"type":"Polygon","coordinates":[[[113.08747,36.17646],[113.05694,36.09377],[113.13963,36.08433],[113.13867,36.17062],[113.15982,36.17506],[113.19215,36.19512],[113.20774,36.22554],[113.21245,36.26825],[113.20722,36.2843],[113.19701,36.29872],[113.16473,36.31888],[113.08747,36.17646]]]}},{"type":"Feature","properties":{"id":"1831_1","area_id":1831,"name":"Changzhi Airport","level":2,"level_name":"Restricted Zones","type":"restricted","zone_type_id":10,"zone_type":"Airport","country":"CN","city":"Changzhi","color":"#DE4329","height":0,"radius":13437,"shape":1,"begin_at":0,"end_at":0,"url":"","address":"","description":"","source":"dji-flysafe","_raw":{"color":"#DE4329","height":0,"level":2,"lat":36.291396300327584,"lng":113.13374182551125,"radius":13437,"polygon_points":[[[113.195389754,36.401572133],[113.112407024,36.4110165071],[113.1133957,36.3247276873],[113.092089073,36.3202358674],[113.05977308,36.3001088003],[113.049542801,36.2857035485],[113.044289465,36.2696546819],[113.03969148,36.2270118667],[113.055197199,36.1965698603],[113.087473963,36.1764551929],[113.164728651,36.3188758723],[113.195389754,36.401572133]]],"shape":1}},"geometry":{"type":"Polygon","coordinates":[[[113.19539,36.40157],[113.11241,36.41102],[113.1134,36.32473],[113.09209,36.32024],[113.05977,36.30011],[113.04954,36.2857],[113.04429,36.26965],[113.03969,36.22701],[113.0552,36.19657],[113.08747,36.17646],[113.16473,36.31888],[113.19539,36.40157]]]}},{"type":"Feature","properties":{"id":"1378_0","area_id":1378,"name":"Handan Airport","level":2,"level_name":"Restricted Zones","type":"restricted","zone_type_id":10,"zone_type":"Airport","country":"CN","city":"Handan","color":"#DE4329","height":0,"radius":13746,"shape":1,"begin_at":0,"end_at":0,"url":"","address":"","description":"","source":"dji-flysafe","_raw":{"color":"#DE4329","height":0,"level":2,"lat":36.49440902695508,"lng":114.3842498712789,"radius":13746,"polygon_points":[[[114.335345734,36.4870644821],[114.247457925,36.4380124115],[114.307147629,36.387473037],[114.372522333,36.4556177365],[114.391965431,36.4488764975],[114.43287899,36.4485088414],[114.452032994,36.4546842145],[114.496375758,36.4858578917],[114.518455549,36.5140503368],[114.519894015,36.5469425121],[114.512661408,36.5624907259],[114.335345734,36.4870644821]]],"shape":1}},"geometry":{"type":"Polygon","coordinates":[[[114.33535,36.48706],[114.24746,36.43801],[114.30715,36.38747],[114.37252,36.45562],[114.39197,36.44888],[114.43288,36.44851],[114.45203,36.45468],[114.49638,36.48586],[114.51846,36.51405],[114.51989,36.54694],[114.51266,36.56249],[114.33535,36.48706]]]}},{"type":"Feature","properties":{"id":"1378_1","area_id":1378,"name":"Handan Airport","level":2,"level_name":"Restricted Zones","type":"restricted","zone_type_id":10,"zone_type":"Airport","country":"CN","city":"Handan","color":"#DE4329","height":0,"radius":13747,"shape":1,"begin_at":0,"end_at":0,"url":"","address":"","description":"","source":"dji-flysafe","_raw":{"color":"#DE4329","height":0,"level":2,"lat":36.555089575883194,"lng":114.4638085163673,"radius":13747,"polygon_points":[[[114.600793915,36.6115327953],[114.540989557,36.662079937],[114.475389031,36.5940213702],[114.43539281,36.6031146243],[114.414867936,36.6011143928],[114.379168122,36.5849384166],[114.337908206,36.5506131508],[114.329388585,36.5354919406],[114.326032511,36.5191142565],[114.335345734,36.4870644821],[114.512661408,36.5624907259],[114.600793915,36.6115327953]]],"shape":1}},"geometry":{"type":"Polygon","coordinates":[[[114.60079,36.61153],[114.54099,36.66208],[114.47539,36.59402],[114.43539,36.60311],[114.41487,36.60111],[114.37917,36.58494],[114.33791,36.55061],[114.32939,36.53549],[114.32603,36.51911],[114.33535,36.48706],[114.51266,36.56249],[114.60079,36.61153]]]}},{"type":"Feature","properties":{"id":"40001549","area_id":40001549,"name":"山东淄博市临淄区胜炼石化厂 (petrochemical)","level":3,"level_name":"Enhanced Warning Zones","type":"warning","zone_type_id":42,"zone_type":"Special Zones","country":"CN","city":"","color":"#EE8815","height":0,"radius":6581,"shape":1,"begin_at":0,"end_at":0,"url":"","address":"","description":"","source":"dji-flysafe","_raw":{"color":"#EE8815","height":0,"level":3,"lat":36.78587091962611,"lng":118.20628408452595,"radius":6581,"polygon_points":[[[118.277,36.8031],[118.2643,36.7573],[118.2328,36.7322],[118.2212,36.747],[118.2327,36.769],[118.1356,36.7686],[118.1344,36.782],[118.1634,36.79],[118.1605,36.8103],[118.1708,36.8114],[118.1755,36.7923],[118.277,36.8031]]],"shape":1}},"geometry":{"type":"Polygon","coordinates":[[[118.277,36.8031],[118.2643,36.7573],[118.2328,36.7322],[118.2212,36.747],[118.2327,36.769],[118.1356,36.7686],[118.1344,36.782],[118.1634,36.79],[118.1605,36.8103],[118.1708,36.8114],[118.1755,36.7923],[118.277,36.8031]]]}},{"type":"Feature","properties":{"id":"7912_0","area_id":7912,"name":"Weifang Airport","level":2,"level_name":"Restricted Zones","type":"restricted","zone_type_id":10,"zone_type":"Airport","country":"CN","city":"Weifang","color":"#DE4329","height":0,"radius":13197,"shape":1,"begin_at":0,"end_at":0,"url":"","address":"","description":"","source":"dji-flysafe","_raw":{"color":"#DE4329","height":0,"level":2,"lat":36.690671608903045,"lng":119.10543125982325,"radius":13197,"polygon_points":[[[119.117612654,36.7243394551],[119.102613374,36.8093386629],[119.025190357,36.7904329264],[119.06686107,36.712105114],[119.043566792,36.6899040101],[119.036700568,36.6742457695],[119.035122956,36.6576958396],[119.047256285,36.6164187942],[119.063037395,36.5939874354],[119.078552013,36.5830184715],[119.117331123,36.5723678709],[119.117612654,36.7243394551]]],"shape":1}},"geometry":{"type":"Polygon","coordinates":[[[119.11761,36.72434],[119.10261,36.80934],[119.02519,36.79043],[119.06686,36.71211],[119.04357,36.6899],[119.0367,36.67425],[119.03512,36.6577],[119.04726,36.61642],[119.06304,36.59399],[119.07855,36.58302],[119.11733,36.57237],[119.11761,36.72434]]]}},{"type":"Feature","properties":{"id":"7912_1","area_id":7912,"name":"Weifang Airport","level":2,"level_name":"Restricted Zones","type":"restricted","zone_type_id":10,"zone_type":"Airport","country":"CN","city":"Weifang","color":"#DE4329","height":0,"radius":13220,"shape":1,"begin_at":0,"end_at":0,"url":"","address":"","description":"","source":"dji-flysafe","_raw":{"color":"#DE4329","height":0,"level":2,"lat":36.606233223476856,"lng":119.13470078918107,"radius":13220,"polygon_points":[[[119.134045115,36.4873354223],[119.214813396,36.5062544543],[119.168154483,36.5846025761],[119.191262477,36.6038461444],[119.199781041,36.6189704787],[119.203134659,36.6353490603],[119.201091588,36.651866151],[119.185230182,36.6911114834],[119.156982115,36.7149926963],[119.117612654,36.7243394551],[119.117331123,36.5723678709],[119.134045115,36.4873354223]]],"shape":1}},"geometry":{"type":"Polygon","coordinates":[[[119.13405,36.48734],[119.21481,36.50625],[119.16815,36.5846],[119.19126,36.60385],[119.19978,36.61897],[119.20313,36.63535],[119.20109,36.65187],[119.18523,36.69111],[119.15698,36.71499],[119.11761,36.72434],[119.11733,36.57237],[119.13405,36.48734]]]}},{"type":"Feature","properties":{"id":"40001604_0","area_id":40001604,"name":"青岛胶东国际机场","level":2,"level_name":"Restricted Zones","type":"restricted","zone_type_id":10,"zone_type":"Airport","country":"CN","city":"","color":"#DE4329","height":0,"radius":13508,"shape":1,"begin_at":0,"end_at":0,"url":"","address":"","description":"","source":"dji-flysafe","_raw":{"color":"#DE4329","height":0,"level":2,"lat":36.33172155671938,"lng":120.14232767427319,"radius":13508,"polygon_points":[[[120.093900605,36.4467796713],[120.17568673203117,36.21325294991809],[120.199773078,36.2194122422],[120.152798214,36.2971034205],[120.169965743,36.308674533],[120.188479053,36.3380130089],[120.190079809,36.3545610956],[120.186307524,36.3708789891],[120.164552115,36.418292279],[120.13397702,36.4401566175],[120.093900605,36.4467796713]]],"shape":1}},"geometry":{"type":"Polygon","coordinates":[[[120.0939,36.44678],[120.17569,36.21325],[120.19977,36.21941],[120.1528,36.2971],[120.16997,36.30867],[120.18848,36.33801],[120.19008,36.35456],[120.18631,36.37088],[120.16455,36.41829],[120.13398,36.44016],[120.0939,36.44678]]]}},{"type":"Feature","properties":{"id":"40001604_1","area_id":40001604,"name":"青岛胶东国际机场","level":2,"level_name":"Restricted Zones","type":"restricted","zone_type_id":10,"zone_type":"Airport","country":"CN","city":"","color":"#DE4329","height":0,"radius":19091,"shape":1,"begin_at":0,"end_at":0,"url":"","address":"","description":"","source":"dji-flysafe","_raw":{"color":"#DE4329","height":0,"level":2,"lat":36.36067461696422,"lng":120.08846520931118,"radius":19091,"polygon_points":[[[120.100099727,36.1892349356],[120.178149574,36.2091750475],[120.17568673203117,36.21325294991809],[120.093900605,36.4467796713],[120.07677932,36.5321131654],[119.998446244,36.5121488458],[120.00095322938971,36.50802513830771],[119.977014109,36.5019295772],[120.024189184,36.4242434577],[120.006903042,36.4125721633],[119.988478565,36.3831902328],[119.986941538,36.3666381928],[119.990776534,36.3503298129],[120.012537201,36.303055692],[120.043079574,36.2812104947],[120.083071209,36.2745889677],[120.100099727,36.1892349356]]],"shape":1}},"geometry":{"type":"Polygon","coordinates":[[[120.1001,36.18923],[120.17815,36.20918],[120.17569,36.21325],[120.0939,36.44678],[120.07678,36.53211],[119.99845,36.51215],[120.00095,36.50803],[119.97701,36.50193],[120.02419,36.42424],[120.0069,36.41257],[119.98848,36.38319],[119.98694,36.36664],[119.99078,36.35033],[120.01254,36.30306],[120.04308,36.28121],[120.08307,36.27459],[120.1001,36.18923]]]}},{"type":"Feature","properties":{"id":"1577_0","area_id":1577,"name":"Hotan Airport","level":2,"level_name":"Restricted Zones","type":"restricted","zone_type_id":10,"zone_type":"Airport","country":"CN","city":"Hotan","color":"#DE4329","height":0,"radius":13363,"shape":1,"begin_at":0,"end_at":0,"url":"","address":"","description":"","source":"dji-flysafe","_raw":{"color":"#DE4329","height":0,"level":2,"lat":37.05467163739693,"lng":79.81231141178255,"radius":13363,"polygon_points":[[[79.7828757686,37.0861828407],[79.691256499,37.126215836],[79.662042981,37.0626087692],[79.7670383414,37.0426144506],[79.7738529552,37.0177282391],[79.7846770695,37.0035580343],[79.7997207493,36.9921060868],[79.8512698735,36.9741583998],[79.8887022389,36.9702940596],[79.9088749986,36.974263723],[79.9420720927,36.9937580669],[79.7828757686,37.0861828407]]],"shape":1}},"geometry":{"type":"Polygon","coordinates":[[[79.78288,37.08618],[79.69126,37.12622],[79.66204,37.06261],[79.76704,37.04261],[79.77385,37.01773],[79.78468,37.00356],[79.79972,36.99211],[79.85127,36.97416],[79.8887,36.97029],[79.90887,36.97426],[79.94207,36.99376],[79.78288,37.08618]]]}},{"type":"Feature","properties":{"id":"1577_1","area_id":1577,"name":"Hotan Airport","level":2,"level_name":"Restricted Zones","type":"restricted","zone_type_id":10,"zone_type":"Airport","country":"CN","city":"Hotan","color":"#DE4329","height":0,"radius":13600,"shape":1,"begin_at":0,"end_at":0,"url":"","address":"","description":"","source":"dji-flysafe","_raw":{"color":"#DE4329","height":0,"level":2,"lat":37.02471101276815,"lng":79.91538202928047,"radius":13600,"polygon_points":[[[80.0370584868,36.9504471743],[80.0679906848,37.0140170718],[79.9630029392,37.0306687391],[79.9539200255,37.0613307514],[79.9419426966,37.0749015423],[79.9259670564,37.0855345285],[79.8737301418,37.1025084625],[79.8377352396,37.1074779271],[79.8173012258,37.1043277975],[79.7828757686,37.0861828407],[79.9420720927,36.9937580669],[80.0370584868,36.9504471743]]],"shape":1}},"geometry":{"type":"Polygon","coordinates":[[[80.03706,36.95045],[80.06799,37.01402],[79.963,37.03067],[79.95392,37.06133],[79.94194,37.0749],[79.92597,37.08553],[79.87373,37.10251],[79.83774,37.10748],[79.8173,37.10433],[79.78288,37.08618],[79.94207,36.99376],[80.03706,36.95045]]]}},{"type":"Feature","properties":{"id":"33228_0","area_id":33228,"name":"德令哈","level":2,"level_name":"Restricted Zones","type":"restricted","zone_type_id":10,"zone_type":"Airport","country":"CN","city":"海西","color":"#DE4329","height":0,"radius":13306,"shape":1,"begin_at":0,"end_at":0,"url":"","address":"","description":"","source":"dji-flysafe","_raw":{"color":"#DE4329","height":0,"level":2,"lat":37.10714299576846,"lng":97.217113868376,"radius":13306,"polygon_points":[[[97.1703643097,37.1206591119],[97.0670789391,37.1090978385],[97.0911870223,37.0421339015],[97.1895355491,37.0837967019],[97.2178814833,37.0645564368],[97.2375006402,37.059043078],[97.2786844261,37.0608122843],[97.3086716622,37.0691421514],[97.3407054589,37.0844392221],[97.3616907462,37.1127778195],[97.3646147813,37.1292114914],[97.1703643097,37.1206591119]]],"shape":1}},"geometry":{"type":"Polygon","coordinates":[[[97.17036,37.12066],[97.06708,37.1091],[97.09119,37.04213],[97.18954,37.0838],[97.21788,37.06456],[97.2375,37.05904],[97.27868,37.06081],[97.30867,37.06914],[97.34071,37.08444],[97.36169,37.11278],[97.36461,37.12921],[97.17036,37.12066]]]}},{"type":"Feature","properties":{"id":"33228_1","area_id":33228,"name":"德令哈","level":2,"level_name":"Restricted Zones","type":"restricted","zone_type_id":10,"zone_type":"Airport","country":"CN","city":"海西","color":"#DE4329","height":0,"radius":13471,"shape":1,"begin_at":0,"end_at":0,"url":"","address":"","description":"","source":"dji-flysafe","_raw":{"color":"#DE4329","height":0,"level":2,"lat":37.136353960571995,"lng":97.32104548665677,"radius":13471,"polygon_points":[[[97.4729203604,37.1409008694],[97.4437744178,37.2078757133],[97.3505054342,37.1695262259],[97.3223328935,37.1870514107],[97.302464688,37.192049606],[97.2816486345,37.1927773969],[97.2262958314,37.1808494021],[97.1941479031,37.1654777947],[97.1813450897,37.1523860876],[97.1703643097,37.1206591119],[97.3646147813,37.1292114914],[97.4729203604,37.1409008694]]],"shape":1}},"geometry":{"type":"Polygon","coordinates":[[[97.47292,37.1409],[97.44377,37.20788],[97.35051,37.16953],[97.32233,37.18705],[97.30246,37.19205],[97.28165,37.19278],[97.2263,37.18085],[97.19415,37.16548],[97.18135,37.15239],[97.17036,37.12066],[97.36461,37.12921],[97.47292,37.1409]]]}},{"type":"Feature","properties":{"id":"7810_0","area_id":7810,"name":"机场禁飞区","level":2,"level_name":"Restricted Zones","type":"restricted","zone_type_id":10,"zone_type":"Airport","country":"CN","city":"Xingtai","color":"#DE4329","height":0,"radius":13711,"shape":1,"begin_at":0,"end_at":0,"url":"","address":"","description":"","source":"dji-flysafe","_raw":{"color":"#DE4329","height":0,"level":2,"lat":36.840031722619045,"lng":114.44600327062311,"radius":13711,"polygon_points":[[[114.431023756,36.8017874651],[114.44558586,36.716724213],[114.531551542,36.7375082176],[114.484991105,36.814824364],[114.512341129,36.8390386477],[114.519350945,36.8546602532],[114.521070779,36.8712013592],[114.506571475,36.9162561803],[114.48574287,36.9444052093],[114.469151769,36.9543901471],[114.429269039,36.962611408],[114.431023756,36.8017874651]]],"shape":1}},"geometry":{"type":"Polygon","coordinates":[[[114.43102,36.80179],[114.44559,36.71672],[114.53155,36.73751],[114.48499,36.81482],[114.51234,36.83904],[114.51935,36.85466],[114.52107,36.8712],[114.50657,36.91626],[114.48574,36.94441],[114.46915,36.95439],[114.42927,36.96261],[114.43102,36.80179]]]}},{"type":"Feature","properties":{"id":"7810_1","area_id":7810,"name":"机场禁飞区","level":2,"level_name":"Restricted Zones","type":"restricted","zone_type_id":10,"zone_type":"Airport","country":"CN","city":"Xingtai","color":"#DE4329","height":0,"radius":13711,"shape":1,"begin_at":0,"end_at":0,"url":"","address":"","description":"","source":"dji-flysafe","_raw":{"color":"#DE4329","height":0,"level":2,"lat":36.9243550669977,"lng":114.41416908624916,"radius":13711,"polygon_points":[[[114.414658341,37.047661627],[114.328403464,37.0268734825],[114.37520913,36.9495725023],[114.347784919,36.925225177],[114.340835331,36.9095845227],[114.342949156,36.8767154905],[114.353780557,36.8480901949],[114.37463886,36.8199609738],[114.391215009,36.8099911794],[114.431023756,36.8017874651],[114.429269039,36.962611408],[114.414658341,37.047661627]]],"shape":1}},"geometry":{"type":"Polygon","coordinates":[[[114.41466,37.04766],[114.3284,37.02687],[114.37521,36.94957],[114.34778,36.92523],[114.34084,36.90958],[114.34295,36.87672],[114.35378,36.84809],[114.37464,36.81996],[114.39122,36.80999],[114.43102,36.80179],[114.42927,36.96261],[114.41466,37.04766]]]}},{"type":"Feature","properties":{"id":"7513_0","area_id":7513,"name":"Yaoqiang Airport","level":2,"level_name":"Restricted Zones","type":"restricted","zone_type_id":10,"zone_type":"Airport","country":"CN","city":"Jinan","color":"#DE4329","height":0,"radius":13712,"shape":1,"begin_at":0,"end_at":0,"url":"","address":"","description":"","source":"dji-flysafe","_raw":{"color":"#DE4329","height":0,"level":2,"lat":36.90210108915334,"lng":117.21747121440751,"radius":13712,"polygon_points":[[[117.241285199,36.9357437682],[117.259619042,37.0207289914],[117.175395807,37.0207454052],[117.188712167,36.9357249676],[117.159363923,36.9202719274],[117.147058571,36.9069039608],[117.139503281,36.891444439],[117.137209621,36.8400007398],[117.144327973,36.8141824428],[117.155295224,36.8000971481],[117.188723166,36.7809505482],[117.241285199,36.9357437682]]],"shape":1}},"geometry":{"type":"Polygon","coordinates":[[[117.24129,36.93574],[117.25962,37.02073],[117.1754,37.02075],[117.18871,36.93572],[117.15936,36.92027],[117.14706,36.9069],[117.1395,36.89144],[117.13721,36.84],[117.14433,36.81418],[117.1553,36.8001],[117.18872,36.78095],[117.24129,36.93574]]]}},{"type":"Feature","properties":{"id":"7513_1","area_id":7513,"name":"Yaoqiang Airport","level":2,"level_name":"Restricted Zones","type":"restricted","zone_type_id":10,"zone_type":"Airport","country":"CN","city":"Jinan","color":"#DE4329","height":0,"radius":13760,"shape":1,"begin_at":0,"end_at":0,"url":"","address":"","description":"","source":"dji-flysafe","_raw":{"color":"#DE4329","height":0,"level":2,"lat":36.81367936450112,"lng":117.21582299549166,"radius":13760,"polygon_points":[[[117.175418062,36.6942365449],[117.256253949,36.6942421969],[117.241278227,36.7809337884],[117.272871457,36.7955603832],[117.285971631,36.8084240157],[117.29778844,36.8399479213],[117.297790893,36.8750007404],[117.288377116,36.9049099733],[117.276271408,36.9183937883],[117.241285199,36.9357437682],[117.188723166,36.7809505482],[117.175418062,36.6942365449]]],"shape":1}},"geometry":{"type":"Polygon","coordinates":[[[117.17542,36.69424],[117.25625,36.69424],[117.24128,36.78093],[117.27287,36.79556],[117.28597,36.80842],[117.29779,36.83995],[117.29779,36.875],[117.28838,36.90491],[117.27627,36.91839],[117.24129,36.93574],[117.18872,36.78095],[117.17542,36.69424]]]}},{"type":"Feature","properties":{"id":"40002370","area_id":40002370,"name":"山东寿光鲁青石化厂(petrochemical)","level":3,"level_name":"Enhanced Warning Zones","type":"warning","zone_type_id":42,"zone_type":"Special Zones","country":"CN","city":"","color":"#EE8815","height":0,"radius":6814,"shape":1,"begin_at":0,"end_at":0,"url":"","address":"","description":"","source":"dji-flysafe","_raw":{"color":"#EE8815","height":0,"level":3,"lat":37.190496680832574,"lng":118.8033016727632,"radius":6814,"polygon_points":[[[118.77887092590332,37.203570698795644],[118.82853275299072,37.20993489590575],[118.82702583312988,37.22482308548459],[118.86383705139161,37.22833539813695],[118.87596115112305,37.17037496523922],[118.77543830871582,37.16946760805418],[118.73140289306642,37.16871100021493],[118.73114112854006,37.20274240508036],[118.77887092590332,37.203570698795644]]],"shape":1}},"geometry":{"type":"Polygon","coordinates":[[[118.77887,37.20357],[118.82853,37.20993],[118.82703,37.22482],[118.86384,37.22834],[118.87596,37.17037],[118.77544,37.16947],[118.7314,37.16871],[118.73114,37.20274],[118.77887,37.20357]]]}},{"type":"Feature","properties":{"id":"40001908","area_id":40001908,"name":"山东淄博市桓台县山东清河化工 山东金诚石化(petrochemical)","level":3,"level_name":"Enhanced Warning Zones","type":"warning","zone_type_id":42,"zone_type":"Special Zones","country":"CN","city":"","color":"#EE8815","height":0,"radius":7856,"shape":1,"begin_at":0,"end_at":0,"url":"","address":"","description":"","source":"dji-flysafe","_raw":{"color":"#EE8815","height":0,"level":3,"lat":37.05171381929275,"lng":117.8727433681703,"radius":7856,"polygon_points":[[[117.88467468426643,37.09183023177264],[117.81445549416742,37.08702650448216],[117.80806434823755,37.020375982642314],[117.82004997794883,37.020284489285736],[117.82593344946744,37.064410525675136],[117.81900806544279,37.06510306407761],[117.81262560026947,36.99986008675055],[117.88185422714909,36.99889857804388],[117.88995918195788,37.018610628628245],[117.93731253412177,37.01798426153612],[117.9367243702151,37.046804292963536],[117.95088618668086,37.05246901954985],[117.93294332050442,37.103537177128864],[117.88467468426643,37.09183023177264]]],"shape":1}},"geometry":{"type":"Polygon","coordinates":[[[117.88467,37.09183],[117.81446,37.08703],[117.80806,37.02038],[117.82005,37.02028],[117.82593,37.06441],[117.81901,37.0651],[117.81263,36.99986],[117.88185,36.9989],[117.88996,37.01861],[117.93731,37.01798],[117.93672,37.0468],[117.95089,37.05247],[117.93294,37.10354],[117.88467,37.09183]]]}},{"type":"Feature","properties":{"id":"7913_0","area_id":7913,"name":"Weihai Airport","level":2,"level_name":"Restricted Zones","type":"restricted","zone_type_id":10,"zone_type":"Airport","country":"CN","city":"Weihai","color":"#DE4329","height":0,"radius":13636,"shape":1,"begin_at":0,"end_at":0,"url":"","address":"","description":"","source":"dji-flysafe","_raw":{"color":"#DE4329","height":0,"level":2,"lat":37.22753157384658,"lng":122.24808796002117,"radius":13636,"polygon_points":[[[122.339351735,37.3263574152],[122.252891828,37.3501106247],[122.234158926,37.2656427397],[122.194240638,37.2587104259],[122.177084432,37.2492751325],[122.154662898,37.2216242394],[122.143035909,37.1947454182],[122.139254987,37.16239979],[122.145336673,37.1465250764],[122.171579455,37.1211179278],[122.288515652,37.2506886198],[122.339351735,37.3263574152]]],"shape":1}},"geometry":{"type":"Polygon","coordinates":[[[122.33935,37.32636],[122.25289,37.35011],[122.23416,37.26564],[122.19424,37.25871],[122.17708,37.24928],[122.15466,37.22162],[122.14304,37.19475],[122.13925,37.1624],[122.14534,37.14653],[122.17158,37.12112],[122.28852,37.25069],[122.33935,37.32636]]]}},{"type":"Feature","properties":{"id":"7913_1","area_id":7913,"name":"Weihai Airport","level":2,"level_name":"Restricted Zones","type":"restricted","zone_type_id":10,"zone_type":"Airport","country":"CN","city":"Weihai","color":"#DE4329","height":0,"radius":13635,"shape":1,"begin_at":0,"end_at":0,"url":"","address":"","description":"","source":"dji-flysafe","_raw":{"color":"#DE4329","height":0,"level":2,"lat":37.144286899680736,"lng":122.21197798575561,"radius":13635,"polygon_points":[[[122.171579455,37.1211179278],[122.120942333,37.0454661958],[122.207119573,37.0217176405],[122.225781192,37.1062025725],[122.265518505,37.113075917],[122.282674381,37.1224758136],[122.296199193,37.1350943273],[122.316894889,37.1770486224],[122.320762129,37.2093493556],[122.314725403,37.2252361777],[122.288515652,37.2506886198],[122.171579455,37.1211179278]]],"shape":1}},"geometry":{"type":"Polygon","coordinates":[[[122.17158,37.12112],[122.12094,37.04547],[122.20712,37.02172],[122.22578,37.1062],[122.26552,37.11308],[122.28267,37.12248],[122.2962,37.13509],[122.31689,37.17705],[122.32076,37.20935],[122.31473,37.22524],[122.28852,37.25069],[122.17158,37.12112]]]}},{"type":"Feature","properties":{"id":"40025590_0","area_id":40025590,"name":"塔什库尔干红其拉甫机场","level":2,"level_name":"Restricted Zones","type":"restricted","zone_type_id":10,"zone_type":"Airport","country":"CN","city":"","color":"#DE4329","height":0,"radius":13403,"shape":1,"begin_at":0,"end_at":0,"url":"","address":"","description":"","source":"dji-flysafe","_raw":{"color":"#DE4329","height":0,"level":2,"lat":37.61572295433906,"lng":75.31320553708385,"radius":13403,"polygon_points":[[[75.3046063737,37.5797895774],[75.3320254782,37.4961126316],[75.408695945,37.5219114789],[75.3519100623,37.5956928901],[75.3679195044,37.6085124036],[75.3831840322,37.6391238689],[75.3828387354,37.6557198562],[75.3770783804,37.67167944],[75.3532450866,37.7100522192],[75.3196775476,37.7294996993],[75.2783062056,37.733052458],[75.3046063737,37.5797895774]]],"shape":1}},"geometry":{"type":"Polygon","coordinates":[[[75.30461,37.57979],[75.33203,37.49611],[75.4087,37.52191],[75.35191,37.59569],[75.36792,37.60851],[75.38318,37.63912],[75.38284,37.65572],[75.37708,37.67168],[75.35325,37.71005],[75.31968,37.7295],[75.27831,37.73305],[75.30461,37.57979]]]}},{"type":"Feature","properties":{"id":"40025590_1","area_id":40025590,"name":"塔什库尔干红其拉甫机场","level":2,"level_name":"Restricted Zones","type":"restricted","zone_type_id":10,"zone_type":"Airport","country":"CN","city":"","color":"#DE4329","height":0,"radius":13402,"shape":1,"begin_at":0,"end_at":0,"url":"","address":"","description":"","source":"dji-flysafe","_raw":{"color":"#DE4329","height":0,"level":2,"lat":37.69708799790947,"lng":75.2695709433156,"radius":13402,"polygon_points":[[[75.2507981148,37.8167055256],[75.1738602342,37.7908997084],[75.230936873,37.7171513924],[75.2148320136,37.7042188492],[75.1996872322,37.6735659842],[75.2001080278,37.6569710878],[75.2059383888,37.6410277066],[75.2297839904,37.6027594148],[75.2633176727,37.5833372615],[75.3046063737,37.5797895774],[75.2783062056,37.733052458],[75.2507981148,37.8167055256]]],"shape":1}},"geometry":{"type":"Polygon","coordinates":[[[75.2508,37.81671],[75.17386,37.7909],[75.23094,37.71715],[75.21483,37.70422],[75.19969,37.67357],[75.20011,37.65697],[75.20594,37.64103],[75.22978,37.60276],[75.26332,37.58334],[75.30461,37.57979],[75.27831,37.73305],[75.2508,37.81671]]]}},{"type":"Feature","properties":{"id":"40025581_0","area_id":40025581,"name":"海北祁连机场","level":2,"level_name":"Restricted Zones","type":"restricted","zone_type_id":10,"zone_type":"Airport","country":"CN","city":"","color":"#DE4329","height":0,"radius":13776,"shape":1,"begin_at":0,"end_at":0,"url":"","address":"","description":"","source":"dji-flysafe","_raw":{"color":"#DE4329","height":0,"level":2,"lat":37.999675535436026,"lng":100.69972012656349,"radius":13776,"polygon_points":[[[100.736964522,37.9732597563],[100.840335472,37.944345229],[100.856487382,38.0091619363],[100.746934239,38.0132537354],[100.742472527,38.030958326],[100.732939874,38.0457614657],[100.718862859,38.0581156069],[100.681157664,38.0723280364],[100.618812425,38.0794907712],[100.579469343,38.0683553426],[100.552487974,38.0432184544],[100.736964522,37.9732597563]]],"shape":1}},"geometry":{"type":"Polygon","coordinates":[[[100.73696,37.97326],[100.84034,37.94435],[100.85649,38.00916],[100.74693,38.01325],[100.74247,38.03096],[100.73294,38.04576],[100.71886,38.05812],[100.68116,38.07233],[100.61881,38.07949],[100.57947,38.06836],[100.55249,38.04322],[100.73696,37.97326]]]}},{"type":"Feature","properties":{"id":"40025581_1","area_id":40025581,"name":"海北祁连机场","level":2,"level_name":"Restricted Zones","type":"restricted","zone_type_id":10,"zone_type":"Airport","country":"CN","city":"","color":"#DE4329","height":0,"radius":13774,"shape":1,"begin_at":0,"end_at":0,"url":"","address":"","description":"","source":"dji-flysafe","_raw":{"color":"#DE4329","height":0,"level":2,"lat":38.01661688590891,"lng":100.58971208046634,"radius":13774,"polygon_points":[[[100.449041453,38.0720543803],[100.432932602,38.0072341972],[100.542570247,38.0033144954],[100.547090873,37.9855442184],[100.556659129,37.9707584906],[100.570751631,37.958427209],[100.608425358,37.9442594256],[100.670644845,37.9370912026],[100.709941417,37.9481741048],[100.736964522,37.9732597563],[100.552487974,38.0432184544],[100.449041453,38.0720543803]]],"shape":1}},"geometry":{"type":"Polygon","coordinates":[[[100.44904,38.07205],[100.43293,38.00723],[100.54257,38.00331],[100.54709,37.98554],[100.55666,37.97076],[100.57075,37.95843],[100.60843,37.94426],[100.67064,37.93709],[100.70994,37.94817],[100.73696,37.97326],[100.55249,38.04322],[100.44904,38.07205]]]}},{"type":"Feature","properties":{"id":"8775_0","area_id":8775,"name":"Zhongwei Shapotou Airport","level":2,"level_name":"Restricted Zones","type":"restricted","zone_type_id":10,"zone_type":"Airport","country":"CN","city":"Zhongwei","color":"#DE4329","height":0,"radius":13166,"shape":1,"begin_at":0,"end_at":0,"url":"","address":"","description":"","source":"dji-flysafe","_raw":{"color":"#DE4329","height":0,"level":2,"lat":37.5782072093632,"lng":105.21066579205447,"radius":13166,"polygon_points":[[[105.354292126,37.5456630146],[105.354255959,37.6110251909],[105.247561314,37.5960405392],[105.224699788,37.6233806096],[105.207329549,37.6326673976],[105.166603393,37.6392312337],[105.102697711,37.6293160424],[105.08531109,37.6200494224],[105.071549692,37.6075326366],[105.062350843,37.5926200756],[105.240580661,37.5405408045],[105.249300923,37.5556305705],[105.354292126,37.5456630146]]],"shape":1}},"geometry":{"type":"Polygon","coordinates":[[[105.35429,37.54566],[105.35426,37.61103],[105.24756,37.59604],[105.2247,37.62338],[105.20733,37.63267],[105.1666,37.63923],[105.1027,37.62932],[105.08531,37.62005],[105.07155,37.60753],[105.06235,37.59262],[105.24058,37.54054],[105.2493,37.55563],[105.35429,37.54566]]]}},{"type":"Feature","properties":{"id":"8775_1","area_id":8775,"name":"Zhongwei Shapotou Airport","level":2,"level_name":"Restricted Zones","type":"restricted","zone_type_id":10,"zone_type":"Airport","country":"CN","city":"Zhongwei","color":"#DE4329","height":0,"radius":13162,"shape":1,"begin_at":0,"end_at":0,"url":"","address":"","description":"","source":"dji-flysafe","_raw":{"color":"#DE4329","height":0,"level":2,"lat":37.57168746817712,"lng":105.09652801280241,"radius":13162,"polygon_points":[[[105.062350843,37.5926200756],[104.952355165,37.6026589513],[104.959177954,37.5322561838],[105.062438559,37.5506264843],[105.085365659,37.5232474634],[105.102725171,37.5139780582],[105.143388224,37.5074350291],[105.210176874,37.5181383831],[105.227235952,37.5277533872],[105.240580661,37.5405408045],[105.062350843,37.5926200756]]],"shape":1}},"geometry":{"type":"Polygon","coordinates":[[[105.06235,37.59262],[104.95236,37.60266],[104.95918,37.53226],[105.06244,37.55063],[105.08537,37.52325],[105.10273,37.51398],[105.14339,37.50744],[105.21018,37.51814],[105.22724,37.52775],[105.24058,37.54054],[105.06235,37.59262]]]}},{"type":"Feature","properties":{"id":"33358_0","area_id":33358,"name":"机场禁飞区","level":2,"level_name":"Restricted Zones","type":"restricted","zone_type_id":10,"zone_type":"Airport","country":"CN","city":"Lueliang","color":"#DE4329","height":0,"radius":13328,"shape":1,"begin_at":0,"end_at":0,"url":"","address":"","description":"","source":"dji-flysafe","_raw":{"color":"#DE4329","height":0,"level":2,"lat":37.63796147129065,"lng":111.150147897016,"radius":13328,"polygon_points":[[[111.129556509,37.6058705634],[111.127621793,37.5194327088],[111.2101598,37.5279340254],[111.180458786,37.6111106385],[111.200254675,37.6200581549],[111.225348204,37.6462939319],[111.230651136,37.6623524212],[111.23052423,37.6789503564],[111.220823289,37.7196332192],[111.195096823,37.7455031563],[111.156446549,37.7577234603],[111.129556509,37.6058705634]]],"shape":1}},"geometry":{"type":"Polygon","coordinates":[[[111.12956,37.60587],[111.12762,37.51943],[111.21016,37.52793],[111.18046,37.61111],[111.20025,37.62006],[111.22535,37.64629],[111.23065,37.66235],[111.23052,37.67895],[111.22082,37.71963],[111.1951,37.7455],[111.15645,37.75772],[111.12956,37.60587]]]}},{"type":"Feature","properties":{"id":"33358_1","area_id":33358,"name":"机场禁飞区","level":2,"level_name":"Restricted Zones","type":"restricted","zone_type_id":10,"zone_type":"Airport","country":"CN","city":"Lueliang","color":"#DE4329","height":0,"radius":13328,"shape":1,"begin_at":0,"end_at":0,"url":"","address":"","description":"","source":"dji-flysafe","_raw":{"color":"#DE4329","height":0,"level":2,"lat":37.725636802286225,"lng":111.13574912311294,"radius":13328,"polygon_points":[[[111.158403274,37.8441586589],[111.075546718,37.8356548284],[111.10542832,37.7524847995],[111.085491065,37.7434508925],[111.060472316,37.7171508381],[111.055237862,37.7010774838],[111.055440724,37.6844800209],[111.065218303,37.6438970525],[111.090963872,37.6180610017],[111.129556509,37.6058705634],[111.156446549,37.7577234603],[111.158403274,37.8441586589]]],"shape":1}},"geometry":{"type":"Polygon","coordinates":[[[111.1584,37.84416],[111.07555,37.83565],[111.10543,37.75248],[111.08549,37.74345],[111.06047,37.71715],[111.05524,37.70108],[111.05544,37.68448],[111.06522,37.6439],[111.09096,37.61806],[111.12956,37.60587],[111.15645,37.75772],[111.1584,37.84416]]]}},{"type":"Feature","properties":{"id":"7712_0","area_id":7712,"name":"Taiyuan Wusu Airport","level":2,"level_name":"Restricted Zones","type":"restricted","zone_type_id":10,"zone_type":"Airport","country":"CN","city":"Taiyuan","color":"#DE4329","height":0,"radius":13658,"shape":1,"begin_at":0,"end_at":0,"url":"","address":"","description":"","source":"dji-flysafe","_raw":{"color":"#DE4329","height":0,"level":2,"lat":37.77278550946229,"lng":112.58634555142645,"radius":13658,"polygon_points":[[[112.566675161,37.8079081443],[112.493390963,37.8712582281],[112.441803287,37.8179807587],[112.535136784,37.776315993],[112.530851974,37.7442398196],[112.536694952,37.728297756],[112.56268281,37.702595554],[112.599331915,37.6826058527],[112.633678289,37.6718307055],[112.654645947,37.6715859437],[112.693300302,37.683721508],[112.566675161,37.8079081443]]],"shape":1}},"geometry":{"type":"Polygon","coordinates":[[[112.56668,37.80791],[112.49339,37.87126],[112.4418,37.81798],[112.53514,37.77632],[112.53085,37.74424],[112.53669,37.7283],[112.56268,37.7026],[112.59933,37.68261],[112.63368,37.67183],[112.65465,37.67159],[112.6933,37.68372],[112.56668,37.80791]]]}},{"type":"Feature","properties":{"id":"7712_1","area_id":7712,"name":"Taiyuan Wusu Airport","level":2,"level_name":"Restricted Zones","type":"restricted","zone_type_id":10,"zone_type":"Airport","country":"CN","city":"Taiyuan","color":"#DE4329","height":0,"radius":13656,"shape":1,"begin_at":0,"end_at":0,"url":"","address":"","description":"","source":"dji-flysafe","_raw":{"color":"#DE4329","height":0,"level":2,"lat":37.721254317489226,"lng":112.67677143300888,"radius":13656,"polygon_points":[[[112.768289193,37.6220747686],[112.819866243,37.673669624],[112.724839183,37.7170744254],[112.726634687,37.7444304958],[112.720507649,37.7603060444],[112.6940341,37.785709589],[112.660683503,37.8057191262],[112.627019774,37.8176752549],[112.606046018,37.8186694012],[112.566675161,37.8079081443],[112.693300302,37.683721508],[112.768289193,37.6220747686]]],"shape":1}},"geometry":{"type":"Polygon","coordinates":[[[112.76829,37.62207],[112.81987,37.67367],[112.72484,37.71707],[112.72663,37.74443],[112.72051,37.76031],[112.69403,37.78571],[112.66068,37.80572],[112.62702,37.81768],[112.60605,37.81867],[112.56668,37.80791],[112.6933,37.68372],[112.76829,37.62207]]]}},{"type":"Feature","properties":{"id":"684_0","area_id":684,"name":"Dongying Shengli Airport","level":2,"level_name":"Restricted Zones","type":"restricted","zone_type_id":10,"zone_type":"Airport","country":"CN","city":"Dongying","color":"#DE4329","height":0,"radius":13686,"shape":1,"begin_at":0,"end_at":0,"url":"","address":"","description":"","source":"dji-flysafe","_raw":{"color":"#DE4329","height":0,"level":2,"lat":37.46050556340339,"lng":118.79189150879147,"radius":13686,"polygon_points":[[[118.755430043,37.3408801544],[118.842991324,37.3443099419],[118.819651492,37.4309669736],[118.85003652,37.4464516029],[118.862558556,37.4597439052],[118.872800556,37.4916369152],[118.859348915,37.5506092429],[118.831769501,37.5752119694],[118.812923296,37.5824521644],[118.733161786,37.4460962074],[118.768757582,37.4292320437],[118.755430043,37.3408801544]]],"shape":1}},"geometry":{"type":"Polygon","coordinates":[[[118.75543,37.34088],[118.84299,37.34431],[118.81965,37.43097],[118.85004,37.44645],[118.86256,37.45974],[118.8728,37.49164],[118.85935,37.55061],[118.83177,37.57521],[118.81292,37.58245],[118.73316,37.4461],[118.76876,37.42923],[118.75543,37.34088]]]}},{"type":"Feature","properties":{"id":"684_1","area_id":684,"name":"Dongying Shengli Airport","level":2,"level_name":"Restricted Zones","type":"restricted","zone_type_id":10,"zone_type":"Airport","country":"CN","city":"Dongying","color":"#DE4329","height":0,"radius":12905,"shape":1,"begin_at":0,"end_at":0,"url":"","address":"","description":"","source":"dji-flysafe","_raw":{"color":"#DE4329","height":0,"level":2,"lat":37.55679244713402,"lng":118.77712662844753,"radius":12905,"polygon_points":[[[118.812923296,37.5824521644],[118.821222278,37.6674723367],[118.738668204,37.6640216166],[118.757007787,37.5773606204],[118.730127407,37.5622401192],[118.718037887,37.5486885163],[118.710788025,37.5331175265],[118.708869199,37.5165891973],[118.71053364,37.4883104872],[118.720668978,37.4594057959],[118.733161786,37.4460962074],[118.812923296,37.5824521644]]],"shape":1}},"geometry":{"type":"Polygon","coordinates":[[[118.81292,37.58245],[118.82122,37.66747],[118.73867,37.66402],[118.75701,37.57736],[118.73013,37.56224],[118.71804,37.54869],[118.71079,37.53312],[118.70887,37.51659],[118.71053,37.48831],[118.72067,37.45941],[118.73316,37.4461],[118.81292,37.58245]]]}},{"type":"Feature","properties":{"id":"960003524","area_id":960003524,"name":"黄河三角洲国家级自然保护区","level":3,"level_name":"Enhanced Warning Zones","type":"warning","zone_type_id":29,"zone_type":"Temporary Flight Restriction","country":"CN","city":"","color":"#EE8815","height":0,"radius":17811,"shape":1,"begin_at":1762272000,"end_at":1793808000,"url":"","address":"","description":"","source":"dji-flysafe","_raw":{"level":3,"lat":37.7452893739352,"lng":119.14015874731011,"radius":17811,"polygon_points":[[[119.08535947696782,37.83565228692514],[118.98027167137785,37.84375631446588],[118.9772007663844,37.76916276674403],[118.99055609831956,37.63738082667861],[119.27682079372241,37.64657422199079],[119.31381470338745,37.827896623398075],[119.08535947696782,37.83565228692514]]],"color":"#EE8815","height":0,"shape":1}},"geometry":{"type":"Polygon","coordinates":[[[119.08536,37.83565],[118.98027,37.84376],[118.9772,37.76916],[118.99056,37.63738],[119.27682,37.64657],[119.31381,37.8279],[119.08536,37.83565]]]}},{"type":"Feature","properties":{"id":"32568_0","area_id":32568,"name":"Yantai Penglai International Airport","level":2,"level_name":"Restricted Zones","type":"restricted","zone_type_id":10,"zone_type":"Airport","country":"CN","city":"Yantai","color":"#DE4329","height":0,"radius":13640,"shape":1,"begin_at":0,"end_at":0,"url":"","address":"","description":"","source":"dji-flysafe","_raw":{"color":"#DE4329","height":0,"level":2,"lat":37.68905682104514,"lng":121.02016956557283,"radius":13640,"polygon_points":[[[121.148254204,37.7582337817],[121.082982677,37.8012281854],[121.024696094,37.7295692269],[120.98798132,37.7349030147],[120.967347594,37.7318687136],[120.948413163,37.7247110942],[120.904158767,37.6906046779],[120.887408912,37.6668832586],[120.884001397,37.6505056991],[120.893452677,37.6184555696],[121.061610695,37.7014812215],[121.148254204,37.7582337817]]],"shape":1}},"geometry":{"type":"Polygon","coordinates":[[[121.14825,37.75823],[121.08298,37.80123],[121.0247,37.72957],[120.98798,37.7349],[120.96735,37.73187],[120.94841,37.72471],[120.90416,37.6906],[120.88741,37.66688],[120.884,37.65051],[120.89345,37.61846],[121.06161,37.70148],[121.14825,37.75823]]]}},{"type":"Feature","properties":{"id":"32568_1","area_id":32568,"name":"Yantai Penglai International Airport","level":2,"level_name":"Restricted Zones","type":"restricted","zone_type_id":10,"zone_type":"Airport","country":"CN","city":"Yantai","color":"#DE4329","height":0,"radius":13472,"shape":1,"begin_at":0,"end_at":0,"url":"","address":"","description":"","source":"dji-flysafe","_raw":{"color":"#DE4329","height":0,"level":2,"lat":37.628932766247445,"lng":120.93902148562071,"radius":13472,"polygon_points":[[[120.893452677,37.6184555696],[120.811750171,37.5617679648],[120.875364921,37.5187746697],[120.93537337,37.5904428698],[120.967609489,37.5853464135],[120.988350501,37.5876623914],[121.007631237,37.594150113],[121.050828456,37.626051643],[121.069838535,37.653255327],[121.072507447,37.6697185469],[121.061610695,37.7014812215],[120.893452677,37.6184555696]]],"shape":1}},"geometry":{"type":"Polygon","coordinates":[[[120.89345,37.61846],[120.81175,37.56177],[120.87536,37.51877],[120.93537,37.59044],[120.96761,37.58535],[120.98835,37.58766],[121.00763,37.59415],[121.05083,37.62605],[121.06984,37.65326],[121.07251,37.66972],[121.06161,37.70148],[120.89345,37.61846]]]}},{"type":"Feature","properties":{"id":"40045022_0","area_id":40045022,"name":"莎车叶尔羌机场","level":2,"level_name":"Restricted Zones","type":"restricted","zone_type_id":10,"zone_type":"Airport","country":"CN","city":"","color":"#DE4329","height":0,"radius":13520,"shape":1,"begin_at":0,"end_at":0,"url":"","address":"","description":"","source":"dji-flysafe","_raw":{"color":"#DE4329","height":0,"level":2,"lat":38.283542728436146,"lng":77.03135811220133,"radius":13520,"polygon_points":[[[77.0363728537,38.3208789465],[77.0014307257,38.4028520453],[76.9263059843,38.372953054],[76.9901240684,38.3024557475],[76.9750461437,38.2886768852],[76.9624840866,38.2572767152],[76.9643507756,38.24074334],[76.9716001517,38.2251524635],[77.0001505802,38.1863261447],[77.0355555626,38.1687585458],[77.0773849732,38.1674467649],[77.0363728537,38.3208789465]]],"shape":1}},"geometry":{"type":"Polygon","coordinates":[[[77.03637,38.32088],[77.00143,38.40285],[76.92631,38.37295],[76.99012,38.30246],[76.97505,38.28868],[76.96248,38.25728],[76.96435,38.24074],[76.9716,38.22515],[77.00015,38.18633],[77.03556,38.16876],[77.07738,38.16745],[77.03637,38.32088]]]}},{"type":"Feature","properties":{"id":"40045022_1","area_id":40045022,"name":"莎车叶尔羌机场","level":2,"level_name":"Restricted Zones","type":"restricted","zone_type_id":10,"zone_type":"Airport","country":"CN","city":"","color":"#DE4329","height":0,"radius":13521,"shape":1,"begin_at":0,"end_at":0,"url":"","address":"","description":"","source":"dji-flysafe","_raw":{"color":"#DE4329","height":0,"level":2,"lat":38.20473892425243,"lng":77.08225661223752,"radius":13521,"polygon_points":[[[77.1122120993,38.085443312],[77.1870800703,38.1153344707],[77.1235795346,38.1858750031],[77.1385727782,38.1995338366],[77.1512654782,38.2308990922],[77.1494756174,38.2474376901],[77.1422943377,38.2630486242],[77.1137421514,38.3019789567],[77.0782899609,38.3195685892],[77.0363728537,38.3208789465],[77.0773849732,38.1674467649],[77.1122120993,38.085443312]]],"shape":1}},"geometry":{"type":"Polygon","coordinates":[[[77.11221,38.08544],[77.18708,38.11533],[77.12358,38.18588],[77.13857,38.19953],[77.15127,38.2309],[77.14948,38.24744],[77.14229,38.26305],[77.11374,38.30198],[77.07829,38.31957],[77.03637,38.32088],[77.07738,38.16745],[77.11221,38.08544]]]}},{"type":"Feature","properties":{"id":"2932_0","area_id":2932,"name":"Qiemo Airport","level":2,"level_name":"Restricted Zones","type":"restricted","zone_type_id":10,"zone_type":"Airport","country":"CN","city":"Qiemo","color":"#DE4329","height":0,"radius":13432,"shape":1,"begin_at":0,"end_at":0,"url":"","address":"","description":"","source":"dji-flysafe","_raw":{"color":"#DE4329","height":0,"level":2,"lat":38.2031271020258,"lng":85.42494521767972,"radius":13432,"polygon_points":[[[85.3767778804,38.1951388032],[85.2900878048,38.1452083328],[85.3553359371,38.095435686],[85.4186325796,38.1670964598],[85.4535333834,38.1608162028],[85.4744686086,38.162948546],[85.5107740709,38.1793367719],[85.5341428469,38.1976976798],[85.5544164338,38.2210654575],[85.5591166812,38.2537702227],[85.553268716,38.269720685],[85.3767778804,38.1951388032]]],"shape":1}},"geometry":{"type":"Polygon","coordinates":[[[85.37678,38.19514],[85.29009,38.14521],[85.35534,38.09544],[85.41863,38.1671],[85.45353,38.16082],[85.47447,38.16295],[85.51077,38.17934],[85.53414,38.1977],[85.55442,38.22107],[85.55912,38.25377],[85.55327,38.26972],[85.37678,38.19514]]]}},{"type":"Feature","properties":{"id":"2932_1","area_id":2932,"name":"Qiemo Airport","level":2,"level_name":"Restricted Zones","type":"restricted","zone_type_id":10,"zone_type":"Airport","country":"CN","city":"Qiemo","color":"#DE4329","height":0,"radius":13332,"shape":1,"begin_at":0,"end_at":0,"url":"","address":"","description":"","source":"dji-flysafe","_raw":{"color":"#DE4329","height":0,"level":2,"lat":38.26560121265461,"lng":85.50027495120908,"radius":13332,"polygon_points":[[[85.6365735641,38.3197528661],[85.5763851636,38.3695728881],[85.5130885509,38.3012443094],[85.4730058889,38.3094290696],[85.4520459624,38.3071932911],[85.4158217045,38.2906083916],[85.3784480527,38.2587072925],[85.3699591307,38.2435066098],[85.3667712764,38.2270983309],[85.3767778804,38.1951388032],[85.553268716,38.269720685],[85.6365735641,38.3197528661]]],"shape":1}},"geometry":{"type":"Polygon","coordinates":[[[85.63657,38.31975],[85.57639,38.36957],[85.51309,38.30124],[85.47301,38.30943],[85.45205,38.30719],[85.41582,38.29061],[85.37845,38.25871],[85.36996,38.24351],[85.36677,38.2271],[85.37678,38.19514],[85.55327,38.26972],[85.63657,38.31975]]]}},{"type":"Feature","properties":{"id":"33252_0","area_id":33252,"name":"花土沟","level":2,"level_name":"Restricted Zones","type":"restricted","zone_type_id":10,"zone_type":"Airport","country":"CN","city":"海西","color":"#DE4329","height":0,"radius":13063,"shape":1,"begin_at":0,"end_at":0,"url":"","address":"","description":"","source":"dji-flysafe","_raw":{"color":"#DE4329","height":0,"level":2,"lat":38.236992386863676,"lng":90.79747771752088,"radius":13063,"polygon_points":[[[90.8088685414,38.2761798521],[90.7622400652,38.3511760099],[90.6883954711,38.3133480035],[90.7650643406,38.2500424804],[90.7511401447,38.2256499403],[90.7494790013,38.2091030907],[90.7533242882,38.192782238],[90.7624105455,38.1777991064],[90.7857082476,38.1511760119],[90.8132717646,38.1294469004],[90.8326048689,38.1227982616],[90.8088685414,38.2761798521]]],"shape":1}},"geometry":{"type":"Polygon","coordinates":[[[90.80887,38.27618],[90.76224,38.35118],[90.6884,38.31335],[90.76506,38.25004],[90.75114,38.22565],[90.74948,38.2091],[90.75332,38.19278],[90.76241,38.1778],[90.78571,38.15118],[90.81327,38.12945],[90.8326,38.1228],[90.80887,38.27618]]]}},{"type":"Feature","properties":{"id":"33252_1","area_id":33252,"name":"花土沟","level":2,"level_name":"Restricted Zones","type":"restricted","zone_type_id":10,"zone_type":"Airport","country":"CN","city":"海西","color":"#DE4329","height":0,"radius":13651,"shape":1,"begin_at":0,"end_at":0,"url":"","address":"","description":"","source":"dji-flysafe","_raw":{"color":"#DE4329","height":0,"level":2,"lat":38.162996520692445,"lng":90.86942016485004,"radius":13651,"polygon_points":[[[90.9211063156,38.0471541455],[90.9899328442,38.0849857457],[90.9199310245,38.1449199851],[90.9352439002,38.1730981724],[90.9358695942,38.1896891231],[90.9209919594,38.2204552509],[90.8699599848,38.2679439084],[90.8299227737,38.2777039877],[90.8088685414,38.2761798521],[90.8326048689,38.1227982616],[90.874433199,38.1221478956],[90.9211063156,38.0471541455]]],"shape":1}},"geometry":{"type":"Polygon","coordinates":[[[90.92111,38.04715],[90.98993,38.08499],[90.91993,38.14492],[90.93524,38.1731],[90.93587,38.18969],[90.92099,38.22046],[90.86996,38.26794],[90.82992,38.2777],[90.80887,38.27618],[90.8326,38.1228],[90.87443,38.12215],[90.92111,38.04715]]]}},{"type":"Feature","properties":{"id":"2647_0","area_id":2647,"name":"Jinchuan Airport","level":2,"level_name":"Restricted Zones","type":"restricted","zone_type_id":10,"zone_type":"Airport","country":"CN","city":"Jinchang","color":"#DE4329","height":0,"radius":13381,"shape":1,"begin_at":0,"end_at":0,"url":"","address":"","description":"","source":"dji-flysafe","_raw":{"color":"#DE4329","height":0,"level":2,"lat":38.570763876370144,"lng":102.30127443376308,"radius":13381,"polygon_points":[[[102.288361917,38.6062424343],[102.213375523,38.6695919526],[102.160127799,38.6146266079],[102.258447576,38.572998477],[102.253365865,38.5438721829],[102.258174144,38.527705691],[102.268164072,38.5130628804],[102.282652791,38.5009404275],[102.346917151,38.4707700119],[102.388931785,38.4718702476],[102.288361917,38.6062424343]]],"shape":1}},"geometry":{"type":"Polygon","coordinates":[[[102.28836,38.60624],[102.21338,38.66959],[102.16013,38.61463],[102.25845,38.573],[102.25337,38.54387],[102.25817,38.52771],[102.26816,38.51306],[102.28265,38.50094],[102.34692,38.47077],[102.38893,38.47187],[102.28836,38.60624]]]}},{"type":"Feature","properties":{"id":"2647_1","area_id":2647,"name":"Jinchuan Airport","level":2,"level_name":"Restricted Zones","type":"restricted","zone_type_id":10,"zone_type":"Airport","country":"CN","city":"Jinchang","color":"#DE4329","height":0,"radius":13460,"shape":1,"begin_at":0,"end_at":0,"url":"","address":"","description":"","source":"dji-flysafe","_raw":{"color":"#DE4329","height":0,"level":2,"lat":38.51695902817861,"lng":102.39290787427868,"radius":13460,"polygon_points":[[[102.483289197,38.4187414247],[102.536535693,38.4720403579],[102.438217335,38.5120027474],[102.443319057,38.5410544085],[102.438541195,38.5572265776],[102.42857049,38.5718799553],[102.414084346,38.5840147322],[102.349801063,38.6141966064],[102.3286598,38.6158178187],[102.288361917,38.6062424343],[102.388931785,38.4718702476],[102.40824026,38.478726161],[102.483289197,38.4187414247]]],"shape":1}},"geometry":{"type":"Polygon","coordinates":[[[102.48329,38.41874],[102.53654,38.47204],[102.43822,38.512],[102.44332,38.54105],[102.43854,38.55723],[102.42857,38.57188],[102.41408,38.58401],[102.3498,38.6142],[102.32866,38.61582],[102.28836,38.60624],[102.38893,38.47187],[102.40824,38.47873],[102.48329,38.41874]]]}},{"type":"Feature","properties":{"id":"2888_0","area_id":2888,"name":"Yinchuan Airport","level":2,"level_name":"Restricted Zones","type":"restricted","zone_type_id":10,"zone_type":"Airport","country":"CN","city":"Yinchuan","color":"#DE4329","height":0,"radius":13763,"shape":1,"begin_at":0,"end_at":0,"url":"","address":"","description":"","source":"dji-flysafe","_raw":{"color":"#DE4329","height":0,"level":2,"lat":38.3560679445257,"lng":106.42264530082801,"radius":13763,"polygon_points":[[[106.468302354,38.3767356587],[106.536602512,38.4417656566],[106.460987872,38.4761414072],[106.417632962,38.3977997683],[106.384361503,38.397170628],[106.364555394,38.3912941362],[106.333974945,38.3687428817],[106.308988812,38.3370905628],[106.298263767,38.3091572064],[106.29973991,38.2925994412],[106.318444393,38.2631438547],[106.468302354,38.3767356587]]],"shape":1}},"geometry":{"type":"Polygon","coordinates":[[[106.4683,38.37674],[106.5366,38.44177],[106.46099,38.47614],[106.41763,38.3978],[106.38436,38.39717],[106.36456,38.39129],[106.33397,38.36874],[106.30899,38.33709],[106.29826,38.30916],[106.29974,38.2926],[106.31844,38.26314],[106.4683,38.37674]]]}},{"type":"Feature","properties":{"id":"2888_1","area_id":2888,"name":"Yinchuan Airport","level":2,"level_name":"Restricted Zones","type":"restricted","zone_type_id":10,"zone_type":"Airport","country":"CN","city":"Yinchuan","color":"#DE4329","height":0,"radius":13652,"shape":1,"begin_at":0,"end_at":0,"url":"","address":"","description":"","source":"dji-flysafe","_raw":{"color":"#DE4329","height":0,"level":2,"lat":38.28429377994396,"lng":106.36529372905792,"radius":13652,"polygon_points":[[[106.251735063,38.1999125894],[106.325673841,38.165524506],[106.363989778,38.2421846836],[106.387049791,38.2408044485],[106.426713333,38.2514299651],[106.442589052,38.2623886722],[106.475993189,38.3045512839],[106.486443317,38.3301979137],[106.485707577,38.3467861178],[106.468302354,38.3767356587],[106.318444393,38.2631438547],[106.251735063,38.1999125894]]],"shape":1}},"geometry":{"type":"Polygon","coordinates":[[[106.25174,38.19991],[106.32567,38.16552],[106.36399,38.24218],[106.38705,38.2408],[106.42671,38.25143],[106.44259,38.26239],[106.47599,38.30455],[106.48644,38.3302],[106.48571,38.34679],[106.4683,38.37674],[106.31844,38.26314],[106.25174,38.19991]]]}},{"type":"Feature","properties":{"id":"40002314","area_id":40002314,"name":"银川市宝丰工业园区石化厂片区(petrochemical)","level":3,"level_name":"Enhanced Warning Zones","type":"warning","zone_type_id":42,"zone_type":"Special Zones","country":"CN","city":"","color":"#EE8815","height":0,"radius":9057,"shape":1,"begin_at":0,"end_at":0,"url":"","address":"","description":"","source":"dji-flysafe","_raw":{"color":"#EE8815","height":0,"level":3,"lat":38.203373132121555,"lng":106.60024112539826,"radius":9057,"polygon_points":[[[106.5294394683838,38.26288439580888],[106.55791290283204,38.26237503812334],[106.55903480529784,38.22543088312948],[106.57184005737305,38.20025787857318],[106.63298362731935,38.23106995707862],[106.6903247833252,38.21397336776795],[106.70247978210449,38.19000598970467],[106.60051300048829,38.15168430740807],[106.58433757781984,38.17118656408675],[106.56686126708985,38.16317300469363],[106.53684532165528,38.19297504975984],[106.49801849365235,38.18993075604128],[106.5294394683838,38.26288439580888]]],"shape":1}},"geometry":{"type":"Polygon","coordinates":[[[106.52944,38.26288],[106.55791,38.26238],[106.55903,38.22543],[106.57184,38.20026],[106.63298,38.23107],[106.69032,38.21397],[106.70248,38.19001],[106.60051,38.15168],[106.58434,38.17119],[106.56686,38.16317],[106.53685,38.19298],[106.49802,38.18993],[106.52944,38.26288]]]}},{"type":"Feature","properties":{"id":"7039_0","area_id":7039,"name":"Yulin Airport","level":2,"level_name":"Restricted Zones","type":"restricted","zone_type_id":10,"zone_type":"Airport","country":"CN","city":"Yulin","color":"#DE4329","height":0,"radius":13539,"shape":1,"begin_at":0,"end_at":0,"url":"","address":"","description":"","source":"dji-flysafe","_raw":{"color":"#DE4329","height":0,"level":2,"lat":38.402594828334344,"lng":109.56407246766366,"radius":13539,"polygon_points":[[[109.602648041,38.4343363661],[109.569378944,38.5242904275],[109.451730164,38.486768997],[109.525092645,38.4169201786],[109.504911258,38.3895655038],[109.501913181,38.3731344905],[109.504441767,38.3566550838],[109.522271006,38.3213288008],[109.540970228,38.3009289294],[109.558211877,38.2913165209],[109.599083986,38.2839649742],[109.602648041,38.4343363661]]],"shape":1}},"geometry":{"type":"Polygon","coordinates":[[[109.60265,38.43434],[109.56938,38.52429],[109.45173,38.48677],[109.52509,38.41692],[109.50491,38.38957],[109.50191,38.37313],[109.50444,38.35666],[109.52227,38.32133],[109.54097,38.30093],[109.55821,38.29132],[109.59908,38.28396],[109.60265,38.43434]]]}},{"type":"Feature","properties":{"id":"7039_1","area_id":7039,"name":"Yulin Airport","level":2,"level_name":"Restricted Zones","type":"restricted","zone_type_id":10,"zone_type":"Airport","country":"CN","city":"Yulin","color":"#DE4329","height":0,"radius":13570,"shape":1,"begin_at":0,"end_at":0,"url":"","address":"","description":"","source":"dji-flysafe","_raw":{"color":"#DE4329","height":0,"level":2,"lat":38.312709567238024,"lng":109.61547008711565,"radius":13570,"polygon_points":[[[109.617343152,38.1906769409],[109.731598965,38.2315792476],[109.658242722,38.3014311393],[109.67559877,38.3216292163],[109.681236357,38.3376274534],[109.681404183,38.3542251706],[109.676087131,38.3702912852],[109.662709305,38.3953755312],[109.640440585,38.4199600692],[109.602648041,38.4343363661],[109.599083986,38.2839649742],[109.617343152,38.1906769409]]],"shape":1}},"geometry":{"type":"Polygon","coordinates":[[[109.61734,38.19068],[109.7316,38.23158],[109.65824,38.30143],[109.6756,38.32163],[109.68124,38.33763],[109.6814,38.35423],[109.67609,38.37029],[109.66271,38.39538],[109.64044,38.41996],[109.60265,38.43434],[109.59908,38.28396],[109.61734,38.19068]]]}},{"type":"Feature","properties":{"id":"33248_0","area_id":33248,"name":"五台山","level":2,"level_name":"Restricted Zones","type":"restricted","zone_type_id":10,"zone_type":"Airport","country":"CN","city":"忻州","color":"#DE4329","height":0,"radius":13233,"shape":1,"begin_at":0,"end_at":0,"url":"","address":"","description":"","source":"dji-flysafe","_raw":{"color":"#DE4329","height":0,"level":2,"lat":38.60730941155576,"lng":113.0210879196221,"radius":13233,"polygon_points":[[[113.172989736,38.6159479692],[113.143781456,38.6778761375],[113.04711046,38.6412103926],[113.016883209,38.659467235],[112.996515497,38.6642172283],[112.975266456,38.6646853341],[112.926278619,38.6558467292],[112.889758447,38.6368542954],[112.878126234,38.6229644587],[112.870315473,38.590622904],[113.066335003,38.6009038304],[113.172989736,38.6159479692]]],"shape":1}},"geometry":{"type":"Polygon","coordinates":[[[113.17299,38.61595],[113.14378,38.67788],[113.04711,38.64121],[113.01688,38.65947],[112.99652,38.66422],[112.97527,38.66469],[112.92628,38.65585],[112.88976,38.63685],[112.87813,38.62296],[112.87032,38.59062],[113.06634,38.6009],[113.17299,38.61595]]]}},{"type":"Feature","properties":{"id":"33248_1","area_id":33248,"name":"五台山","level":2,"level_name":"Restricted Zones","type":"restricted","zone_type_id":10,"zone_type":"Airport","country":"CN","city":"忻州","color":"#DE4329","height":0,"radius":13090,"shape":1,"begin_at":0,"end_at":0,"url":"","address":"","description":"","source":"dji-flysafe","_raw":{"color":"#DE4329","height":0,"level":2,"lat":38.583220674684235,"lng":112.91742123191511,"radius":13090,"polygon_points":[[[112.870315473,38.590622904],[112.7670086,38.5773826707],[112.792841661,38.5171344924],[112.887863828,38.5554623385],[112.91984272,38.5354802324],[112.940181482,38.5307500432],[112.96139138,38.530295082],[113.010388042,38.5391534444],[113.043718748,38.5555656978],[113.056285865,38.5689425073],[113.066335003,38.6009038304],[112.870315473,38.590622904]]],"shape":1}},"geometry":{"type":"Polygon","coordinates":[[[112.87032,38.59062],[112.76701,38.57738],[112.79284,38.51713],[112.88786,38.55546],[112.91984,38.53548],[112.94018,38.53075],[112.96139,38.5303],[113.01039,38.53915],[113.04372,38.55557],[113.05629,38.56894],[113.06634,38.6009],[112.87032,38.59062]]]}},{"type":"Feature","properties":{"id":"8342_0","area_id":8342,"name":"Shijiazhuang Zhengding International Airport","level":2,"level_name":"Restricted Zones","type":"restricted","zone_type_id":10,"zone_type":"Airport","country":"CN","city":"Shijiazhuang","color":"#DE4329","height":0,"radius":13649,"shape":1,"begin_at":0,"end_at":0,"url":"","address":"","description":"","source":"dji-flysafe","_raw":{"color":"#DE4329","height":0,"level":2,"lat":38.318562285784054,"lng":114.66877988916582,"radius":13649,"polygon_points":[[[114.668931858,38.3578288413],[114.623925535,38.4361704813],[114.551729462,38.4000728189],[114.623400444,38.3351047277],[114.604308543,38.3056417586],[114.602694497,38.2890919252],[114.606592238,38.2727781264],[114.615732724,38.2578115977],[114.66372129,38.2136675766],[114.682602061,38.206223935],[114.724375418,38.2038342954],[114.668931858,38.3578288413]]],"shape":1}},"geometry":{"type":"Polygon","coordinates":[[[114.66893,38.35783],[114.62393,38.43617],[114.55173,38.40007],[114.6234,38.3351],[114.60431,38.30564],[114.60269,38.28909],[114.60659,38.27278],[114.61573,38.25781],[114.66372,38.21367],[114.6826,38.20622],[114.72438,38.20383],[114.66893,38.35783]]]}},{"type":"Feature","properties":{"id":"8342_1","area_id":8342,"name":"Shijiazhuang Zhengding International Airport","level":2,"level_name":"Restricted Zones","type":"restricted","zone_type_id":10,"zone_type":"Airport","country":"CN","city":"Shijiazhuang","color":"#DE4329","height":0,"radius":13651,"shape":1,"begin_at":0,"end_at":0,"url":"","address":"","description":"","source":"dji-flysafe","_raw":{"color":"#DE4329","height":0,"level":2,"lat":38.2431628423863,"lng":114.72483298755529,"radius":13651,"polygon_points":[[[114.769407688,38.1254970074],[114.841598713,38.161595222],[114.769930698,38.2265638004],[114.788983506,38.2559322238],[114.790636321,38.2724796539],[114.786777052,38.2887990855],[114.777665276,38.3037778607],[114.729693482,38.3479461082],[114.690064167,38.3587828565],[114.668931858,38.3578288413],[114.724375418,38.2038342954],[114.769407688,38.1254970074]]],"shape":1}},"geometry":{"type":"Polygon","coordinates":[[[114.76941,38.1255],[114.8416,38.1616],[114.76993,38.22656],[114.78898,38.25593],[114.79064,38.27248],[114.78678,38.2888],[114.77767,38.30378],[114.72969,38.34795],[114.69006,38.35878],[114.66893,38.35783],[114.72438,38.20383],[114.76941,38.1255]]]}},{"type":"Feature","properties":{"id":"40012467","area_id":40012467,"name":"山东省东营市河口区东营联合石化厂区","level":3,"level_name":"Enhanced Warning Zones","type":"warning","zone_type_id":42,"zone_type":"Special Zones","country":"CN","city":"","color":"#EE8815","height":0,"radius":8224,"shape":1,"begin_at":0,"end_at":0,"url":"","address":"","description":"","source":"dji-flysafe","_raw":{"color":"#EE8815","height":0,"level":3,"lat":38.07671831209077,"lng":118.90633765069347,"radius":8224,"polygon_points":[[[118.90395442736025,38.1506630725724],[118.82153547345081,38.10428310774435],[118.84105028873523,38.02353791265432],[119.00028287726849,38.07830399476725],[118.98450494150705,38.10869373809089],[118.90395442736025,38.1506630725724]]],"shape":1}},"geometry":{"type":"Polygon","coordinates":[[[118.90395,38.15066],[118.82154,38.10428],[118.84105,38.02354],[119.00028,38.0783],[118.9845,38.10869],[118.90395,38.15066]]]}},{"type":"Feature","properties":{"id":"40047705_0","area_id":40047705,"name":"若羌楼兰机场","level":2,"level_name":"Restricted Zones","type":"restricted","zone_type_id":10,"zone_type":"Airport","country":"CN","city":"","color":"#DE4329","height":0,"radius":13486,"shape":1,"begin_at":0,"end_at":0,"url":"","address":"","description":"","source":"dji-flysafe","_raw":{"color":"#DE4329","height":0,"level":2,"lat":39.005973524111596,"lng":88.04856855973098,"radius":13486,"polygon_points":[[[88.0954057175,39.0137198702],[88.1847297166,39.0653380685],[88.1244793063,39.1119719206],[88.0582578453,39.0425015199],[88.0154930666,39.0514152068],[87.9943377199,39.0490517823],[87.9579032735,39.0322464259],[87.9200235039,38.9992478142],[87.9121962342,38.9838046723],[87.9097799426,38.9673130705],[87.9214445097,38.9356753863],[88.0954057175,39.0137198702]]],"shape":1}},"geometry":{"type":"Polygon","coordinates":[[[88.09541,39.01372],[88.18473,39.06534],[88.12448,39.11197],[88.05826,39.0425],[88.01549,39.05142],[87.99434,39.04905],[87.9579,39.03225],[87.92002,38.99925],[87.9122,38.9838],[87.90978,38.96731],[87.92144,38.93568],[88.09541,39.01372]]]}},{"type":"Feature","properties":{"id":"40047705_1","area_id":40047705,"name":"若羌楼兰机场","level":2,"level_name":"Restricted Zones","type":"restricted","zone_type_id":10,"zone_type":"Airport","country":"CN","city":"","color":"#DE4329","height":0,"radius":13485,"shape":1,"begin_at":0,"end_at":0,"url":"","address":"","description":"","source":"dji-flysafe","_raw":{"color":"#DE4329","height":0,"level":2,"lat":38.94335488938273,"lng":87.96834596075887,"radius":13485,"polygon_points":[[[87.8323983775,38.8840409882],[87.8925040246,38.8374171564],[87.9584733197,38.9069782231],[87.9799187543,38.9000546824],[88.02220718,38.9004091045],[88.0418263479,38.9069205588],[88.0824921443,38.9357743361],[88.1044710291,38.9655691058],[88.103863188,38.9984781921],[88.0954057175,39.0137198702],[87.9214445097,38.9356753863],[87.8323983775,38.8840409882]]],"shape":1}},"geometry":{"type":"Polygon","coordinates":[[[87.8324,38.88404],[87.8925,38.83742],[87.95847,38.90698],[87.97992,38.90005],[88.02221,38.90041],[88.04183,38.90692],[88.08249,38.93577],[88.10447,38.96557],[88.10386,38.99848],[88.09541,39.01372],[87.92144,38.93568],[87.8324,38.88404]]]}},{"type":"Feature","properties":{"id":"9338_0","area_id":9338,"name":"Zhangye Southeast Air Base Airport","level":2,"level_name":"Restricted Zones","type":"restricted","zone_type_id":10,"zone_type":"Airport","country":"CN","city":"","color":"#DE4329","height":0,"radius":13280,"shape":1,"begin_at":0,"end_at":0,"url":"","address":"","description":"","source":"dji-flysafe","_raw":{"color":"#DE4329","height":0,"level":2,"lat":38.82691642436315,"lng":100.60968596732907,"radius":13280,"polygon_points":[[[100.584607333,38.8578626355],[100.491334206,38.9028988468],[100.456981102,38.8376435494],[100.563639653,38.8159871362],[100.569989186,38.7865396457],[100.580832138,38.7722549586],[100.596043331,38.7606430566],[100.642863886,38.7425119243],[100.681682586,38.7378338915],[100.70244672,38.7414659704],[100.736964931,38.7604014419],[100.584607333,38.8578626355]]],"shape":1}},"geometry":{"type":"Polygon","coordinates":[[[100.58461,38.85786],[100.49133,38.9029],[100.45698,38.83764],[100.56364,38.81599],[100.56999,38.78654],[100.58083,38.77225],[100.59604,38.76064],[100.64286,38.74251],[100.68168,38.73783],[100.70245,38.74147],[100.73696,38.7604],[100.58461,38.85786]]]}},{"type":"Feature","properties":{"id":"9338_1","area_id":9338,"name":"Zhangye Southeast Air Base Airport","level":2,"level_name":"Restricted Zones","type":"restricted","zone_type_id":10,"zone_type":"Airport","country":"CN","city":"","color":"#DE4329","height":0,"radius":13339,"shape":1,"begin_at":0,"end_at":0,"url":"","address":"","description":"","source":"dji-flysafe","_raw":{"color":"#DE4329","height":0,"level":2,"lat":38.790490386443295,"lng":100.71202048751285,"radius":13339,"polygon_points":[[[100.833725174,38.7171119662],[100.864734289,38.7756263514],[100.761393072,38.7973041777],[100.755097042,38.8267351717],[100.744269858,38.8410309336],[100.729056807,38.8526550069],[100.678772311,38.8741651874],[100.640663698,38.8793865612],[100.619751475,38.8761513217],[100.584607333,38.8578626355],[100.736964931,38.7604014419],[100.833725174,38.7171119662]]],"shape":1}},"geometry":{"type":"Polygon","coordinates":[[[100.83373,38.71711],[100.86473,38.77563],[100.76139,38.7973],[100.7551,38.82674],[100.74427,38.84103],[100.72906,38.85266],[100.67877,38.87417],[100.64066,38.87939],[100.61975,38.87615],[100.58461,38.85786],[100.73696,38.7604],[100.83373,38.71711]]]}},{"type":"Feature","properties":{"id":"40045016_0","area_id":40045016,"name":"阿拉善右旗巴丹吉林机场","level":2,"level_name":"Restricted Zones","type":"restricted","zone_type_id":10,"zone_type":"Airport","country":"CN","city":"","color":"#DE4329","height":0,"radius":13227,"shape":1,"begin_at":0,"end_at":0,"url":"","address":"","description":"","source":"dji-flysafe","_raw":{"color":"#DE4329","height":0,"level":2,"lat":39.25545839744886,"lng":101.50770981386226,"radius":13227,"polygon_points":[[[101.498642884,39.2900442853],[101.429216711,39.3577475092],[101.370830916,39.309557296],[101.462707916,39.2603625845],[101.454411819,39.2433767134],[101.452542798,39.2268417259],[101.456261556,39.2104954416],[101.479072121,39.1827334611],[101.518247096,39.1575685681],[101.559706481,39.1505239788],[101.600160256,39.1604838828],[101.498642884,39.2900442853]]],"shape":1}},"geometry":{"type":"Polygon","coordinates":[[[101.49864,39.29004],[101.42922,39.35775],[101.37083,39.30956],[101.46271,39.26036],[101.45441,39.24338],[101.45254,39.22684],[101.45626,39.2105],[101.47907,39.18273],[101.51825,39.15757],[101.55971,39.15052],[101.60016,39.16048],[101.49864,39.29004]]]}},{"type":"Feature","properties":{"id":"40045016_1","area_id":40045016,"name":"阿拉善右旗巴丹吉林机场","level":2,"level_name":"Restricted Zones","type":"restricted","zone_type_id":10,"zone_type":"Airport","country":"CN","city":"","color":"#DE4329","height":0,"radius":13228,"shape":1,"begin_at":0,"end_at":0,"url":"","address":"","description":"","source":"dji-flysafe","_raw":{"color":"#DE4329","height":0,"level":2,"lat":39.194954902818004,"lng":101.59095866502582,"radius":13228,"polygon_points":[[[101.669393592,39.0927136826],[101.727650218,39.1408933706],[101.63611328,39.1901986627],[101.644404075,39.2070607869],[101.646347152,39.2235906136],[101.642701069,39.2399468126],[101.619986153,39.2677649341],[101.580707993,39.2930069561],[101.539161644,39.3000419402],[101.498642884,39.2900442853],[101.600160256,39.1604838828],[101.669393592,39.0927136826]]],"shape":1}},"geometry":{"type":"Polygon","coordinates":[[[101.66939,39.09271],[101.72765,39.14089],[101.63611,39.1902],[101.6444,39.20706],[101.64635,39.22359],[101.6427,39.23995],[101.61999,39.26776],[101.58071,39.29301],[101.53916,39.30004],[101.49864,39.29004],[101.60016,39.16048],[101.66939,39.09271]]]}},{"type":"Feature","properties":{"id":"40045014_0","area_id":40045014,"name":"阿拉善左旗巴彦浩特机场","level":2,"level_name":"Restricted Zones","type":"restricted","zone_type_id":10,"zone_type":"Airport","country":"CN","city":"","color":"#DE4329","height":0,"radius":13228,"shape":1,"begin_at":0,"end_at":0,"url":"","address":"","description":"","source":"dji-flysafe","_raw":{"color":"#DE4329","height":0,"level":2,"lat":38.78221768893823,"lng":105.5476545092441,"radius":13228,"polygon_points":[[[105.544065789,38.8173960914],[105.48610988,38.8910972195],[105.42105307,38.8487182348],[105.504021847,38.7912898132],[105.493207468,38.7752037643],[105.488802686,38.7589647234],[105.489938625,38.7423901423],[105.508136723,38.7126970473],[105.542881586,38.684045382],[105.582675127,38.6731746124],[105.624101953,38.6792786039],[105.544065789,38.8173960914]]],"shape":1}},"geometry":{"type":"Polygon","coordinates":[[[105.54407,38.8174],[105.48611,38.8911],[105.42105,38.84872],[105.50402,38.79129],[105.49321,38.7752],[105.4888,38.75896],[105.48994,38.74239],[105.50814,38.7127],[105.54288,38.68405],[105.58268,38.67317],[105.6241,38.67928],[105.54407,38.8174]]]}},{"type":"Feature","properties":{"id":"40045014_1","area_id":40045014,"name":"阿拉善左旗巴彦浩特机场","level":2,"level_name":"Restricted Zones","type":"restricted","zone_type_id":10,"zone_type":"Airport","country":"CN","city":"","color":"#DE4329","height":0,"radius":13229,"shape":1,"begin_at":0,"end_at":0,"url":"","address":"","description":"","source":"dji-flysafe","_raw":{"color":"#DE4329","height":0,"level":2,"lat":38.71436827825922,"lng":105.62037036654323,"radius":13229,"polygon_points":[[[105.681882165,38.6055228855],[105.746764268,38.6478916657],[105.66414131,38.7054057618],[105.674923864,38.7213663073],[105.679399682,38.7375931402],[105.678339519,38.7541707715],[105.660258585,38.7839112822],[105.625440294,38.8126529724],[105.585570046,38.8235262217],[105.544065789,38.8173960914],[105.624101953,38.6792786039],[105.681882165,38.6055228855]]],"shape":1}},"geometry":{"type":"Polygon","coordinates":[[[105.68188,38.60552],[105.74676,38.64789],[105.66414,38.70541],[105.67492,38.72137],[105.6794,38.73759],[105.67834,38.75417],[105.66026,38.78391],[105.62544,38.81265],[105.58557,38.82353],[105.54407,38.8174],[105.6241,38.67928],[105.68188,38.60552]]]}},{"type":"Feature","properties":{"id":"40045026_0","area_id":40045026,"name":"朔州滋润机场","level":2,"level_name":"Restricted Zones","type":"restricted","zone_type_id":10,"zone_type":"Airport","country":"CN","city":"","color":"#DE4329","height":0,"radius":13323,"shape":1,"begin_at":0,"end_at":0,"url":"","address":"","description":"","source":"dji-flysafe","_raw":{"color":"#DE4329","height":0,"level":2,"lat":39.24996926104174,"lng":112.64210348677757,"radius":13323,"polygon_points":[[[112.595660984,39.2521140687],[112.492742662,39.2187694452],[112.536803184,39.1622206257],[112.622797846,39.2173122255],[112.641569659,39.2065471175],[112.682895256,39.1989505329],[112.704042279,39.2015857983],[112.749347198,39.2203946724],[112.780044078,39.2451626378],[112.789736052,39.2772082031],[112.786263711,39.2935874083],[112.595660984,39.2521140687]]],"shape":1}},"geometry":{"type":"Polygon","coordinates":[[[112.59566,39.25211],[112.49274,39.21877],[112.5368,39.16222],[112.6228,39.21731],[112.64157,39.20655],[112.6829,39.19895],[112.70404,39.20159],[112.74935,39.22039],[112.78004,39.24516],[112.78974,39.27721],[112.78626,39.29359],[112.59566,39.25211]]]}},{"type":"Feature","properties":{"id":"40045026_1","area_id":40045026,"name":"朔州滋润机场","level":2,"level_name":"Restricted Zones","type":"restricted","zone_type_id":10,"zone_type":"Airport","country":"CN","city":"","color":"#DE4329","height":0,"radius":13325,"shape":1,"begin_at":0,"end_at":0,"url":"","address":"","description":"","source":"dji-flysafe","_raw":{"color":"#DE4329","height":0,"level":2,"lat":39.29561514629306,"lng":112.73990183901522,"radius":13325,"polygon_points":[[[112.889417186,39.3268899859],[112.845309376,39.3834480079],[112.759057648,39.328495275],[112.720184827,39.3451841461],[112.698832389,39.3468689919],[112.658068997,39.3374147162],[112.614138563,39.3140666545],[112.601681278,39.3005539806],[112.594172167,39.2850063577],[112.595660984,39.2521140687],[112.786263711,39.2935874083],[112.889417186,39.3268899859]]],"shape":1}},"geometry":{"type":"Polygon","coordinates":[[[112.88942,39.32689],[112.84531,39.38345],[112.75906,39.3285],[112.72018,39.34518],[112.69883,39.34687],[112.65807,39.33741],[112.61414,39.31407],[112.60168,39.30055],[112.59417,39.28501],[112.59566,39.25211],[112.78626,39.29359],[112.88942,39.32689]]]}},{"type":"Feature","properties":{"id":"7620_0","area_id":7620,"name":"Tianjin Binhai International Airport","level":2,"level_name":"Restricted Zones","type":"restricted","zone_type_id":10,"zone_type":"Airport","country":"CN","city":"Tianjin","color":"#DE4329","height":0,"radius":18227,"shape":1,"begin_at":0,"end_at":0,"url":"","address":"","description":"","source":"dji-flysafe","_raw":{"color":"#DE4329","height":0,"level":2,"lat":39.12626573430571,"lng":117.34289220201643,"radius":18227,"polygon_points":[[[117.41806954586058,38.974897163335214],[117.2974514319037,39.281735580245034],[117.295824527,39.2860853241],[117.215061557,39.2568678994],[117.276745436,39.1885988531],[117.254443524,39.1595070795],[117.251545693,39.1430616677],[117.254234695,39.1265949999],[117.262323575,39.1112288808],[117.303006875,39.0606700361],[117.320915998,39.0516092295],[117.362571787,39.0455525319],[117.394175941,38.9672494958],[117.41806954586058,38.974897163335214]]],"shape":1}},"geometry":{"type":"Polygon","coordinates":[[[117.41807,38.9749],[117.29745,39.28174],[117.29582,39.28609],[117.21506,39.25687],[117.27675,39.1886],[117.25444,39.15951],[117.25155,39.14306],[117.25423,39.12659],[117.26232,39.11123],[117.30301,39.06067],[117.32092,39.05161],[117.36257,39.04555],[117.39418,38.96725],[117.41807,38.9749]]]}},{"type":"Feature","properties":{"id":"7620_1","area_id":7620,"name":"Tianjin Binhai International Airport","level":2,"level_name":"Restricted Zones","type":"restricted","zone_type_id":10,"zone_type":"Airport","country":"CN","city":"Tianjin","color":"#DE4329","height":0,"radius":18463,"shape":1,"begin_at":0,"end_at":0,"url":"","address":"","description":"","source":"dji-flysafe","_raw":{"color":"#DE4329","height":0,"level":2,"lat":39.12833932273626,"lng":117.36930043972818,"radius":18463,"polygon_points":[[[117.420940008,38.9672081627],[117.49660076,38.9998060729],[117.434929083,39.0681091661],[117.456939244,39.0933803485],[117.4616381,39.1095730912],[117.454409495,39.1420043284],[117.434375027,39.1737290966],[117.412758443,39.1942092746],[117.394436084,39.2028050139],[117.352447537,39.2077666159],[117.317424066,39.2894475945],[117.2974514319037,39.281735580245034],[117.41806954586058,38.974897163335214],[117.420940008,38.9672081627]]],"shape":1}},"geometry":{"type":"Polygon","coordinates":[[[117.42094,38.96721],[117.4966,38.99981],[117.43493,39.06811],[117.45694,39.09338],[117.46164,39.10957],[117.45441,39.142],[117.43438,39.17373],[117.41276,39.19421],[117.39444,39.20281],[117.35245,39.20777],[117.31742,39.28945],[117.29745,39.28174],[117.41807,38.9749],[117.42094,38.96721]]]}},{"type":"Feature","properties":{"id":"614_0","area_id":614,"name":"Zhoushuizi Airport","level":2,"level_name":"Restricted Zones","type":"restricted","zone_type_id":10,"zone_type":"Airport","country":"CN","city":"Dalian","color":"#DE4329","height":0,"radius":13591,"shape":1,"begin_at":0,"end_at":0,"url":"","address":"","description":"","source":"dji-flysafe","_raw":{"color":"#DE4329","height":0,"level":2,"lat":38.97535624133137,"lng":121.48411084959879,"radius":13591,"polygon_points":[[[121.445841496,38.992712235],[121.335827394,39.0160770238],[121.330600539,38.9490525006],[121.440623313,38.95070394],[121.455333147,38.927916031],[121.470606902,38.9163274134],[121.489210902,38.908206522],[121.551548951,38.8991053567],[121.590430725,38.9040411972],[121.608772065,38.9125147647],[121.634123803,38.9388633367],[121.445841496,38.992712235]]],"shape":1}},"geometry":{"type":"Polygon","coordinates":[[[121.44584,38.99271],[121.33583,39.01608],[121.3306,38.94905],[121.44062,38.9507],[121.45533,38.92792],[121.47061,38.91633],[121.48921,38.90821],[121.55155,38.89911],[121.59043,38.90404],[121.60877,38.91251],[121.63412,38.93886],[121.44584,38.99271]]]}},{"type":"Feature","properties":{"id":"614_1","area_id":614,"name":"Zhoushuizi Airport","level":2,"level_name":"Restricted Zones","type":"restricted","zone_type_id":10,"zone_type":"Airport","country":"CN","city":"Dalian","color":"#DE4329","height":0,"radius":13455,"shape":1,"begin_at":0,"end_at":0,"url":"","address":"","description":"","source":"dji-flysafe","_raw":{"color":"#DE4329","height":0,"level":2,"lat":38.96271008854773,"lng":121.59663793601499,"radius":13455,"polygon_points":[[[121.740812871,38.9172446595],[121.74938832,38.9859553692],[121.639402202,38.9776125813],[121.6233088,39.0040667404],[121.607911915,39.0155717417],[121.58920302,39.0235854962],[121.528462684,39.0325603576],[121.48950678,39.0275968681],[121.471152684,39.019101016],[121.445841496,38.992712235],[121.634123803,38.9388633367],[121.740812871,38.9172446595]]],"shape":1}},"geometry":{"type":"Polygon","coordinates":[[[121.74081,38.91724],[121.74939,38.98596],[121.6394,38.97761],[121.62331,39.00407],[121.60791,39.01557],[121.5892,39.02359],[121.52846,39.03256],[121.48951,39.0276],[121.47115,39.0191],[121.44584,38.99271],[121.63412,38.93886],[121.74081,38.91724]]]}},{"type":"Feature","properties":{"id":"32783_0","area_id":32783,"name":"大长山岛","level":2,"level_name":"Restricted Zones","type":"restricted","zone_type_id":10,"zone_type":"Airport","country":"CN","city":"","color":"#DE4329","height":0,"radius":12674,"shape":1,"begin_at":0,"end_at":0,"url":"","address":"","description":"","source":"dji-flysafe","_raw":{"color":"#DE4329","height":0,"level":2,"lat":39.225058776435944,"lng":122.68608947585707,"radius":12674,"polygon_points":[[[122.670392886,39.1957052207],[122.691768703,39.1111636878],[122.775424795,39.1345273241],[122.722446219,39.2102298403],[122.738751477,39.2219016622],[122.756374153,39.2518503591],[122.757125073,39.2684384118],[122.752303919,39.2846116403],[122.737449187,39.3103801469],[122.705057075,39.3317176438],[122.663202462,39.3376537847],[122.670392886,39.1957052207]]],"shape":1}},"geometry":{"type":"Polygon","coordinates":[[[122.67039,39.19571],[122.69177,39.11116],[122.77542,39.13453],[122.72245,39.21023],[122.73875,39.2219],[122.75637,39.25185],[122.75713,39.26844],[122.7523,39.28461],[122.73745,39.31038],[122.70506,39.33172],[122.6632,39.33765],[122.67039,39.19571]]]}},{"type":"Feature","properties":{"id":"32783_1","area_id":32783,"name":"大长山岛","level":2,"level_name":"Restricted Zones","type":"restricted","zone_type_id":10,"zone_type":"Airport","country":"CN","city":"","color":"#DE4329","height":0,"radius":12673,"shape":1,"begin_at":0,"end_at":0,"url":"","address":"","description":"","source":"dji-flysafe","_raw":{"color":"#DE4329","height":0,"level":2,"lat":39.30827916641,"lng":122.64736593305555,"radius":12673,"polygon_points":[[[122.64174803,39.4221737991],[122.557802573,39.3988034347],[122.611073061,39.3231284148],[122.594659358,39.31134252],[122.577162548,39.2813443926],[122.576493729,39.2647542307],[122.581392685,39.2485952701],[122.596244105,39.222940542],[122.628617057,39.2016313486],[122.670392886,39.1957052207],[122.663202462,39.3376537847],[122.64174803,39.4221737991]]],"shape":1}},"geometry":{"type":"Polygon","coordinates":[[[122.64175,39.42217],[122.5578,39.3988],[122.61107,39.32313],[122.59466,39.31134],[122.57716,39.28134],[122.57649,39.26475],[122.58139,39.2486],[122.59624,39.22294],[122.62862,39.20163],[122.67039,39.19571],[122.6632,39.33765],[122.64175,39.42217]]]}},{"type":"Feature","properties":{"id":"4879_0","area_id":4879,"name":"Kashgar Airport","level":2,"level_name":"Restricted Zones","type":"restricted","zone_type_id":10,"zone_type":"Airport","country":"CN","city":"Kashgar","color":"#DE4329","height":0,"radius":13428,"shape":1,"begin_at":0,"end_at":0,"url":"","address":"","description":"","source":"dji-flysafe","_raw":{"color":"#DE4329","height":0,"level":2,"lat":39.544556853639754,"lng":76.07801079531087,"radius":13428,"polygon_points":[[[76.2310502189,39.5190362214],[76.2258947148,39.5843867696],[76.1141876379,39.5694064228],[76.094060641,39.5920887388],[76.07655453,39.6017603788],[76.0349514216,39.6092318904],[75.9982872497,39.6075652872],[75.9583060898,39.5975792686],[75.9418622426,39.5868586597],[75.9223078627,39.5576005417],[76.1176316866,39.5239416697],[76.2310502189,39.5190362214]]],"shape":1}},"geometry":{"type":"Polygon","coordinates":[[[76.23105,39.51904],[76.22589,39.58439],[76.11419,39.56941],[76.09406,39.59209],[76.07655,39.60176],[76.03495,39.60923],[75.99829,39.60757],[75.95831,39.59758],[75.94186,39.58686],[75.92231,39.5576],[76.11763,39.52394],[76.23105,39.51904]]]}},{"type":"Feature","properties":{"id":"4879_1","area_id":4879,"name":"Kashgar Airport","level":2,"level_name":"Restricted Zones","type":"restricted","zone_type_id":10,"zone_type":"Airport","country":"CN","city":"Kashgar","color":"#DE4329","height":0,"radius":13471,"shape":1,"begin_at":0,"end_at":0,"url":"","address":"","description":"","source":"dji-flysafe","_raw":{"color":"#DE4329","height":0,"level":2,"lat":39.545899116493125,"lng":75.96314585553407,"radius":13471,"polygon_points":[[[75.9223078627,39.5576005417],[75.8089687751,39.569309701],[75.8174804896,39.5005932801],[75.9258122593,39.5155939333],[75.9460112972,39.4928658388],[75.9635081954,39.4832138534],[76.0050435664,39.4757679839],[76.0417127491,39.4774347154],[76.0787694058,39.4856135893],[76.1092086588,39.5086681971],[76.1176316866,39.5239416697],[75.9223078627,39.5576005417]]],"shape":1}},"geometry":{"type":"Polygon","coordinates":[[[75.92231,39.5576],[75.80897,39.56931],[75.81748,39.50059],[75.92581,39.51559],[75.94601,39.49287],[75.96351,39.48321],[76.00504,39.47577],[76.04171,39.47743],[76.07877,39.48561],[76.10921,39.50867],[76.11763,39.52394],[75.92231,39.5576]]]}},{"type":"Feature","properties":{"id":"40047707_0","area_id":40047707,"name":"图木舒克唐王城机场","level":2,"level_name":"Restricted Zones","type":"restricted","zone_type_id":10,"zone_type":"Airport","country":"CN","city":"","color":"#DE4329","height":0,"radius":13585,"shape":1,"begin_at":0,"end_at":0,"url":"","address":"","description":"","source":"dji-flysafe","_raw":{"color":"#DE4329","height":0,"level":2,"lat":39.9308206452488,"lng":79.25734781912885,"radius":13585,"polygon_points":[[[79.2978455014,39.9527453032],[79.3557395984,40.0269644417],[79.276007283,40.0521622229],[79.2487123546,39.9682949212],[79.2041961025,39.9638116365],[79.1855776088,39.9553358398],[79.1598754011,39.9289745704],[79.1399745272,39.8855397985],[79.1403428368,39.8689439661],[79.1462935353,39.8529866155],[79.1729554569,39.8272158979],[79.2978455014,39.9527453032]]],"shape":1}},"geometry":{"type":"Polygon","coordinates":[[[79.29785,39.95275],[79.35574,40.02696],[79.27601,40.05216],[79.24871,39.96829],[79.2042,39.96381],[79.18558,39.95534],[79.15988,39.92897],[79.13997,39.88554],[79.14034,39.86894],[79.14629,39.85299],[79.17296,39.82722],[79.29785,39.95275]]]}},{"type":"Feature","properties":{"id":"40047707_1","area_id":40047707,"name":"图木舒克唐王城机场","level":2,"level_name":"Restricted Zones","type":"restricted","zone_type_id":10,"zone_type":"Airport","country":"CN","city":"","color":"#DE4329","height":0,"radius":13585,"shape":1,"begin_at":0,"end_at":0,"url":"","address":"","description":"","source":"dji-flysafe","_raw":{"color":"#DE4329","height":0,"level":2,"lat":39.84913878277404,"lng":79.21344814059579,"radius":13585,"polygon_points":[[[79.1153103291,39.7530050053],[79.1947369734,39.7278144016],[79.2219153291,39.8117085493],[79.2454113534,39.8116842181],[79.2848370231,39.8245770596],[79.2999743579,39.8364248484],[79.3246216762,39.8768838997],[79.3303593235,39.9109536126],[79.313373587,39.9411787178],[79.2978455014,39.9527453032],[79.1729554569,39.8272158979],[79.1153103291,39.7530050053]]],"shape":1}},"geometry":{"type":"Polygon","coordinates":[[[79.11531,39.75301],[79.19474,39.72781],[79.22192,39.81171],[79.24541,39.81168],[79.28484,39.82458],[79.29997,39.83642],[79.32462,39.87688],[79.33036,39.91095],[79.31337,39.94118],[79.29785,39.95275],[79.17296,39.82722],[79.11531,39.75301]]]}},{"type":"Feature","properties":{"id":"2633_0","area_id":2633,"name":"Jiayuguan Airport","level":2,"level_name":"Restricted Zones","type":"restricted","zone_type_id":10,"zone_type":"Airport","country":"CN","city":"Jiayuguan","color":"#DE4329","height":0,"radius":13443,"shape":1,"begin_at":0,"end_at":0,"url":"","address":"","description":"","source":"dji-flysafe","_raw":{"color":"#DE4329","height":0,"level":2,"lat":39.89265777884258,"lng":98.30063824031119,"radius":13443,"polygon_points":[[[98.2919291831,39.926226215],[98.2269891062,39.9995679163],[98.1617111655,39.9498031339],[98.2500422719,39.8998204417],[98.2417870727,39.8704809152],[98.2451590272,39.8540857206],[98.2539409364,39.8389186128],[98.2891524212,39.8060463271],[98.3213814743,39.7890275559],[98.342398016,39.7851949193],[98.3846868431,39.7904169122],[98.2919291831,39.926226215]]],"shape":1}},"geometry":{"type":"Polygon","coordinates":[[[98.29193,39.92623],[98.22699,39.99957],[98.16171,39.9498],[98.25004,39.89982],[98.24179,39.87048],[98.24516,39.85409],[98.25394,39.83892],[98.28915,39.80605],[98.32138,39.78903],[98.3424,39.78519],[98.38469,39.79042],[98.29193,39.92623]]]}},{"type":"Feature","properties":{"id":"2633_1","area_id":2633,"name":"Jiayuguan Airport","level":2,"level_name":"Restricted Zones","type":"restricted","zone_type_id":10,"zone_type":"Airport","country":"CN","city":"Jiayuguan","color":"#DE4329","height":0,"radius":13338,"shape":1,"begin_at":0,"end_at":0,"url":"","address":"","description":"","source":"dji-flysafe","_raw":{"color":"#DE4329","height":0,"level":2,"lat":39.82709288628844,"lng":98.37994881042586,"radius":13338,"polygon_points":[[[98.4513676061,39.7204288076],[98.5149560736,39.76683808],[98.4266222407,39.8218478437],[98.434197872,39.8491974219],[98.4311165044,39.865626253],[98.4225977133,39.8808826551],[98.3875066582,39.9156274535],[98.3551560665,39.9303864903],[98.3338462475,39.9332998961],[98.2919291831,39.926226215],[98.3846868431,39.7904169122],[98.4513676061,39.7204288076]]],"shape":1}},"geometry":{"type":"Polygon","coordinates":[[[98.45137,39.72043],[98.51496,39.76684],[98.42662,39.82185],[98.4342,39.8492],[98.43112,39.86563],[98.4226,39.88088],[98.38751,39.91563],[98.35516,39.93039],[98.33385,39.9333],[98.29193,39.92623],[98.38469,39.79042],[98.45137,39.72043]]]}},{"type":"Feature","properties":{"id":"3809_0","area_id":3809,"name":"Lishan Airport","level":2,"level_name":"Restricted Zones","type":"restricted","zone_type_id":10,"zone_type":"Airport","country":"CN","city":"Lishan","color":"#DE4329","height":0,"radius":13021,"shape":1,"begin_at":0,"end_at":0,"url":"","address":"","description":"","source":"dji-flysafe","_raw":{"color":"#DE4329","height":0,"level":2,"lat":39.74989575831394,"lng":106.78827185469639,"radius":13021,"polygon_points":[[[106.760271708,39.7227026216],[106.726893062,39.6427373491],[106.811176378,39.6341256772],[106.812848993,39.7191292778],[106.8462515,39.7309747835],[106.861489476,39.7427303787],[106.872256402,39.7571170069],[106.886158837,39.7965400176],[106.881345977,39.8249275482],[106.871220278,39.839591761],[106.838164968,39.8605493706],[106.760271708,39.7227026216]]],"shape":1}},"geometry":{"type":"Polygon","coordinates":[[[106.76027,39.7227],[106.72689,39.64274],[106.81118,39.63413],[106.81285,39.71913],[106.84625,39.73097],[106.86149,39.74273],[106.87226,39.75712],[106.88616,39.79654],[106.88135,39.82493],[106.87122,39.83959],[106.83816,39.86055],[106.76027,39.7227]]]}},{"type":"Feature","properties":{"id":"3809_1","area_id":3809,"name":"Lishan Airport","level":2,"level_name":"Restricted Zones","type":"restricted","zone_type_id":10,"zone_type":"Airport","country":"CN","city":"Lishan","color":"#DE4329","height":0,"radius":13272,"shape":1,"begin_at":0,"end_at":0,"url":"","address":"","description":"","source":"dji-flysafe","_raw":{"color":"#DE4329","height":0,"level":2,"lat":39.834747413718105,"lng":106.81381960171473,"radius":13272,"polygon_points":[[[106.871425062,39.9456257596],[106.788846257,39.9525627564],[106.785464262,39.8675231063],[106.75055974,39.8564287191],[106.734797123,39.8450681704],[106.717162261,39.8150710382],[106.715507022,39.7901215864],[106.718692722,39.7593897669],[106.728184412,39.7444817338],[106.760271708,39.7227026216],[106.838164968,39.8605493706],[106.871425062,39.9456257596]]],"shape":1}},"geometry":{"type":"Polygon","coordinates":[[[106.87143,39.94563],[106.78885,39.95256],[106.78546,39.86752],[106.75056,39.85643],[106.7348,39.84507],[106.71716,39.81507],[106.71551,39.79012],[106.71869,39.75939],[106.72818,39.74448],[106.76027,39.7227],[106.83816,39.86055],[106.87143,39.94563]]]}},{"type":"Feature","properties":{"id":"723_0","area_id":723,"name":"Ordos Ejin Horo Airport","level":2,"level_name":"Restricted Zones","type":"restricted","zone_type_id":10,"zone_type":"Airport","country":"CN","city":"Ordos","color":"#DE4329","height":0,"radius":13519,"shape":1,"begin_at":0,"end_at":0,"url":"","address":"","description":"","source":"dji-flysafe","_raw":{"color":"#DE4329","height":0,"level":2,"lat":39.51577448780933,"lng":109.81025059013353,"radius":13519,"polygon_points":[[[109.793195252,39.5512341431],[109.709941913,39.609591588],[109.660136107,39.5528945427],[109.763465484,39.5179044782],[109.760407222,39.501187462],[109.763064067,39.4847163407],[109.771151537,39.4693367414],[109.801072003,39.445894157],[109.867832594,39.4220409807],[109.90997998,39.4268632988],[109.928418198,39.4353886769],[109.793195252,39.5512341431]]],"shape":1}},"geometry":{"type":"Polygon","coordinates":[[[109.7932,39.55123],[109.70994,39.60959],[109.66014,39.55289],[109.76347,39.5179],[109.76041,39.50119],[109.76306,39.48472],[109.77115,39.46934],[109.80107,39.44589],[109.86783,39.42204],[109.90998,39.42686],[109.92842,39.43539],[109.7932,39.55123]]]}},{"type":"Feature","properties":{"id":"723_1","area_id":723,"name":"Ordos Ejin Horo Airport","level":2,"level_name":"Restricted Zones","type":"restricted","zone_type_id":10,"zone_type":"Airport","country":"CN","city":"Ordos","color":"#DE4329","height":0,"radius":13417,"shape":1,"begin_at":0,"end_at":0,"url":"","address":"","description":"","source":"dji-flysafe","_raw":{"color":"#DE4329","height":0,"level":2,"lat":39.470355717682416,"lng":109.90926889742619,"radius":13417,"polygon_points":[[[110.00836205,39.3770744788],[110.058190942,39.4337796416],[109.958199544,39.4687633466],[109.961037388,39.4860660154],[109.95798144,39.5024958741],[109.936215174,39.5308027883],[109.91898457,39.5407482237],[109.853889893,39.5645917273],[109.832361911,39.5643254926],[109.793195252,39.5512341431],[109.928418198,39.4353886769],[110.00836205,39.3770744788]]],"shape":1}},"geometry":{"type":"Polygon","coordinates":[[[110.00836,39.37707],[110.05819,39.43378],[109.9582,39.46876],[109.96104,39.48607],[109.95798,39.5025],[109.93622,39.5308],[109.91898,39.54075],[109.85389,39.56459],[109.83236,39.56433],[109.7932,39.55123],[109.92842,39.43539],[110.00836,39.37707]]]}},{"type":"Feature","properties":{"id":"960003586","area_id":960003586,"name":"禁飞区-1","level":2,"level_name":"Restricted Zones","type":"restricted","zone_type_id":29,"zone_type":"Temporary Flight Restriction","country":"CN","city":"","color":"#DE4329","height":0,"radius":101218,"shape":1,"begin_at":1764518400,"end_at":1827590400,"url":"","address":"","description":"","source":"dji-flysafe","_raw":{"level":2,"lat":40.33492744700221,"lng":116.05127235348837,"radius":101218,"polygon_points":[[[116.66666657412568,41.11667097046953],[116.28333056297794,40.96666591550333],[116.2166698549795,40.8500028038805],[115.6666645630688,40.51666496246824],[115.84999776097754,40.28333096379605],[115.38332896203269,40.06666650605109],[115.33333461737695,39.78333153773309],[115.45000283777655,39.54999758196635],[115.8166634653902,39.44999677009372],[116.11666378675784,39.49999580202514],[116.66666657412568,41.11667097046953]]],"color":"#DE4329","height":0,"shape":1}},"geometry":{"type":"Polygon","coordinates":[[[116.66667,41.11667],[116.28333,40.96667],[116.21667,40.85],[115.66666,40.51666],[115.85,40.28333],[115.38333,40.06667],[115.33333,39.78333],[115.45,39.55],[115.81666,39.45],[116.11666,39.5],[116.66667,41.11667]]]}},{"type":"Feature","properties":{"id":"7681_0","area_id":7681,"name":"Tangshan Sannühe Airport","level":2,"level_name":"Restricted Zones","type":"restricted","zone_type_id":10,"zone_type":"Airport","country":"CN","city":"Tangshan","color":"#DE4329","height":0,"radius":13117,"shape":1,"begin_at":0,"end_at":0,"url":"","address":"","description":"","source":"dji-flysafe","_raw":{"color":"#DE4329","height":0,"level":2,"lat":39.721108327268475,"lng":117.94603646134924,"radius":13117,"polygon_points":[[[117.910751358,39.7426715713],[117.80249402,39.7627478439],[117.79732652,39.6923408552],[117.905630713,39.7023586784],[117.925467217,39.6754628599],[117.942258565,39.6650489013],[117.961975193,39.6583318905],[118.014930943,39.6507689182],[118.049830639,39.6558103431],[118.068403151,39.6642406446],[118.094132429,39.6905292172],[117.910751358,39.7426715713]]],"shape":1}},"geometry":{"type":"Polygon","coordinates":[[[117.91075,39.74267],[117.80249,39.76275],[117.79733,39.69234],[117.90563,39.70236],[117.92547,39.67546],[117.94226,39.66505],[117.96198,39.65833],[118.01493,39.65077],[118.04983,39.65581],[118.0684,39.66424],[118.09413,39.69053],[117.91075,39.74267]]]}},{"type":"Feature","properties":{"id":"7681_1","area_id":7681,"name":"Tangshan Sannühe Airport","level":2,"level_name":"Restricted Zones","type":"restricted","zone_type_id":10,"zone_type":"Airport","country":"CN","city":"Tangshan","color":"#DE4329","height":0,"radius":13224,"shape":1,"begin_at":0,"end_at":0,"url":"","address":"","description":"","source":"dji-flysafe","_raw":{"color":"#DE4329","height":0,"level":2,"lat":39.71167243864728,"lng":118.060040170955,"radius":13224,"polygon_points":[[[118.205863642,39.6722640726],[118.209331348,39.7426648152],[118.097651842,39.7360056066],[118.081241712,39.7601019586],[118.065321741,39.7713159563],[118.046163767,39.7789777584],[117.991725758,39.7842315078],[117.95368365,39.7784338441],[117.935427205,39.7695670193],[117.910751358,39.7426715713],[118.094132429,39.6905292172],[118.205863642,39.6722640726]]],"shape":1}},"geometry":{"type":"Polygon","coordinates":[[[118.20586,39.67226],[118.20933,39.74266],[118.09765,39.73601],[118.08124,39.7601],[118.06532,39.77132],[118.04616,39.77898],[117.99173,39.78423],[117.95368,39.77843],[117.93543,39.76957],[117.91075,39.74267],[118.09413,39.69053],[118.20586,39.67226]]]}},{"type":"Feature","properties":{"id":"960003587","area_id":960003587,"name":"禁飞区-2","level":2,"level_name":"Restricted Zones","type":"restricted","zone_type_id":29,"zone_type":"Temporary Flight Restriction","country":"CN","city":"","color":"#DE4329","height":0,"radius":65933,"shape":1,"begin_at":1764518400,"end_at":1827590400,"url":"","address":"","description":"","source":"dji-flysafe","_raw":{"level":2,"lat":40.56703334363697,"lng":116.96072956430389,"radius":65933,"polygon_points":[[[116.66666648852464,41.11667176601925],[116.91666236572294,39.983335006727245],[117.24999862851126,40.016661470499],[117.4833364321322,40.18333571010814],[117.33333114325005,40.43333542738354],[117.60000463937428,40.68332778286769],[116.9833294734379,40.816669605219246],[116.66666648852464,41.11667176601925]]],"color":"#DE4329","height":0,"shape":1}},"geometry":{"type":"Polygon","coordinates":[[[116.66667,41.11667],[116.91666,39.98334],[117.25,40.01666],[117.48334,40.18334],[117.33333,40.43334],[117.6,40.68333],[116.98333,40.81667],[116.66667,41.11667]]]}},{"type":"Feature","properties":{"id":"960003588","area_id":960003588,"name":"禁飞区-3","level":2,"level_name":"Restricted Zones","type":"restricted","zone_type_id":29,"zone_type":"Temporary Flight Restriction","country":"CN","city":"","color":"#DE4329","height":0,"radius":96876,"shape":1,"begin_at":1764518400,"end_at":1827590400,"url":"","address":"","description":"","source":"dji-flysafe","_raw":{"level":2,"lat":40.25006240673785,"lng":116.54850610063272,"radius":96876,"polygon_points":[[[116.66666648852464,41.11667176601925],[116.11666314650643,39.49999496303896],[116.4333338353616,39.38333591688394],[116.58333459742096,39.55000239437766],[116.86666545263016,39.56666969013078],[117.05000083047389,39.79999629281534],[116.91666236572294,39.983335006727245],[116.66666648852464,41.11667176601925]]],"color":"#DE4329","height":0,"shape":1}},"geometry":{"type":"Polygon","coordinates":[[[116.66667,41.11667],[116.11666,39.49999],[116.43333,39.38334],[116.58333,39.55],[116.86667,39.56667],[117.05,39.8],[116.91666,39.98334],[116.66667,41.11667]]]}},{"type":"Feature","properties":{"id":"40000062_0","area_id":40000062,"name":"Daxing International airport","level":2,"level_name":"Restricted Zones","type":"restricted","zone_type_id":10,"zone_type":"Airport","country":"CN","city":"","color":"#DE4329","height":0,"radius":11845,"shape":1,"begin_at":0,"end_at":0,"url":"","address":"","description":"","source":"dji-flysafe","_raw":{"color":"#DE4329","height":0,"level":2,"lat":39.51232458363364,"lng":116.54712416161918,"radius":11845,"polygon_points":[[[116.547088756,39.4743880119],[116.651080156,39.4422558812],[116.670903609,39.5065151324],[116.559325971,39.5140391356],[116.555688831,39.5318627533],[116.546726983,39.5469536785],[116.51544547,39.5693497352],[116.4429584055872,39.58230051663433],[116.547088756,39.4743880119]]],"shape":1}},"geometry":{"type":"Polygon","coordinates":[[[116.54709,39.47439],[116.65108,39.44226],[116.6709,39.50652],[116.55933,39.51404],[116.55569,39.53186],[116.54673,39.54695],[116.51545,39.56935],[116.44296,39.5823],[116.54709,39.47439]]]}},{"type":"Feature","properties":{"id":"40000062_1","area_id":40000062,"name":"Daxing International airport","level":2,"level_name":"Restricted Zones","type":"restricted","zone_type_id":10,"zone_type":"Airport","country":"CN","city":"","color":"#DE4329","height":0,"radius":15302,"shape":1,"begin_at":0,"end_at":0,"url":"","address":"","description":"","source":"dji-flysafe","_raw":{"color":"#DE4329","height":0,"level":2,"lat":39.447357244309714,"lng":116.40798029406659,"radius":15302,"polygon_points":[[[116.4429584055872,39.58230051663433],[116.358395627,39.4023028038],[116.355362519,39.3158894995],[116.41287165089976,39.32124640747934],[116.412842078,39.3202193017],[116.49758383,39.3284369147],[116.49001260297698,39.3494658186825],[116.500322841,39.3519949317],[116.4742023575843,39.39337840131824],[116.467602524,39.411709283],[116.487926609,39.4205796059],[116.513807477,39.4467264333],[116.51470080036361,39.44931727063865],[116.518221772,39.450169412],[116.534717644,39.4608125462],[116.547088756,39.4743880119],[116.4429584055872,39.58230051663433]]],"shape":1}},"geometry":{"type":"Polygon","coordinates":[[[116.44296,39.5823],[116.3584,39.4023],[116.35536,39.31589],[116.41287,39.32125],[116.41284,39.32022],[116.49758,39.32844],[116.49001,39.34947],[116.50032,39.35199],[116.4742,39.39338],[116.4676,39.41171],[116.48793,39.42058],[116.51381,39.44673],[116.5147,39.44932],[116.51822,39.45017],[116.53472,39.46081],[116.54709,39.47439],[116.44296,39.5823]]]}},{"type":"Feature","properties":{"id":"40000062_2","area_id":40000062,"name":"Daxing International airport","level":2,"level_name":"Restricted Zones","type":"restricted","zone_type_id":10,"zone_type":"Airport","country":"CN","city":"","color":"#DE4329","height":0,"radius":9761,"shape":1,"begin_at":0,"end_at":0,"url":"","address":"","description":"","source":"dji-flysafe","_raw":{"color":"#DE4329","height":0,"level":2,"lat":39.498884249534626,"lng":116.28638537924367,"radius":9761,"polygon_points":[[[116.32402972148381,39.5613199545154],[116.253710972,39.5829737485],[116.233925793,39.518710279],[116.28436144187216,39.515391759656794],[116.281798778,39.5079982734],[116.287011688,39.4583421827],[116.292905202,39.4408154625],[116.31898082,39.4147856272],[116.32402972148381,39.5613199545154]]],"shape":1}},"geometry":{"type":"Polygon","coordinates":[[[116.32403,39.56132],[116.25371,39.58297],[116.23393,39.51871],[116.28436,39.51539],[116.2818,39.508],[116.28701,39.45834],[116.29291,39.44082],[116.31898,39.41479],[116.32403,39.56132]]]}},{"type":"Feature","properties":{"id":"40000062_3","area_id":40000062,"name":"Daxing International airport","level":2,"level_name":"Restricted Zones","type":"restricted","zone_type_id":10,"zone_type":"Airport","country":"CN","city":"","color":"#DE4329","height":0,"radius":14944,"shape":1,"begin_at":0,"end_at":0,"url":"","address":"","description":"","source":"dji-flysafe","_raw":{"color":"#DE4329","height":0,"level":2,"lat":39.53543061782632,"lng":116.38226278846014,"radius":14944,"polygon_points":[[[116.40563422660986,39.6491955311697],[116.406221668,39.6685535322],[116.37098093557353,39.66517499114933],[116.37025512,39.6686353065],[116.34648450350923,39.66282650984302],[116.321092257,39.6603921465],[116.32234376916566,39.656927267936254],[116.288494629,39.6486555947],[116.3191724847598,39.60034848683243],[116.33150206862405,39.565675593372326],[116.33146143711711,39.56564135515534],[116.32402972148381,39.5613199545154],[116.31898082,39.4147856272],[116.358395627,39.4023028038],[116.4429584055872,39.58230051663433],[116.445016956,39.6529995708],[116.40563422660986,39.6491955311697]]],"shape":1}},"geometry":{"type":"Polygon","coordinates":[[[116.40563,39.6492],[116.40622,39.66855],[116.37098,39.66517],[116.37026,39.66864],[116.34648,39.66283],[116.32109,39.66039],[116.32234,39.65693],[116.28849,39.64866],[116.31917,39.60035],[116.3315,39.56568],[116.33146,39.56564],[116.32403,39.56132],[116.31898,39.41479],[116.3584,39.4023],[116.44296,39.5823],[116.44502,39.653],[116.40563,39.6492]]]}},{"type":"Feature","properties":{"id":"9371","area_id":9371,"name":"Beijing","level":2,"level_name":"Restricted Zones","type":"restricted","zone_type_id":1,"zone_type":"Special Zone","country":"CN","city":"NULL","color":"#DE4329","height":0,"radius":30000,"shape":0,"begin_at":0,"end_at":0,"url":"","address":"","description":"","source":"dji-flysafe","_raw":{"color":"#DE4329","height":0,"level":2,"lat":39.90748,"lng":116.391372,"radius":30000,"polygon_points":null,"shape":0}},"geometry":{"type":"Polygon","coordinates":[[[116.39137,40.17728],[116.42598,40.17597],[116.46026,40.17207],[116.49386,40.16561],[116.52646,40.15666],[116.55775,40.1453],[116.58742,40.13164],[116.61518,40.11582],[116.64077,40.09799],[116.66393,40.07832],[116.68446,40.057],[116.70214,40.03425],[116.71681,40.01027],[116.72833,39.98531],[116.7366,39.9596],[116.74153,39.9334],[116.74309,39.90695],[116.74126,39.88051],[116.73607,39.85433],[116.72756,39.82868],[116.71583,39.80378],[116.70098,39.77989],[116.68318,39.75722],[116.66258,39.73601],[116.63938,39.71644],[116.61382,39.69871],[116.58614,39.68299],[116.5566,39.66942],[116.52548,39.65814],[116.49309,39.64926],[116.45973,39.64285],[116.42571,39.63898],[116.39137,39.63768],[116.35703,39.63898],[116.32302,39.64285],[116.28966,39.64926],[116.25726,39.65814],[116.22615,39.66942],[116.19661,39.68299],[116.16892,39.69871],[116.14336,39.71644],[116.12017,39.73601],[116.09957,39.75722],[116.08176,39.77989],[116.06692,39.80378],[116.05518,39.82868],[116.04668,39.85433],[116.04148,39.88051],[116.03966,39.90695],[116.04121,39.9334],[116.04615,39.9596],[116.05442,39.98531],[116.06594,40.01027],[116.08061,40.03425],[116.09829,40.057],[116.11881,40.07832],[116.14198,40.09799],[116.16756,40.11582],[116.19532,40.13164],[116.225,40.1453],[116.25628,40.15666],[116.28889,40.16561],[116.32249,40.17207],[116.35676,40.17597],[116.39137,40.17728]]]}},{"type":"Feature","properties":{"id":"33200_0","area_id":33200,"name":"北戴河","level":2,"level_name":"Restricted Zones","type":"restricted","zone_type_id":10,"zone_type":"Airport","country":"CN","city":"秦皇岛","color":"#DE4329","height":0,"radius":13135,"shape":1,"begin_at":0,"end_at":0,"url":"","address":"","description":"","source":"dji-flysafe","_raw":{"color":"#DE4329","height":0,"level":2,"lat":39.68084708123082,"lng":119.1145016605532,"radius":13135,"polygon_points":[[[119.267930998,39.6775343906],[119.243840501,39.7445304691],[119.145541873,39.7061880304],[119.11438875,39.7272456839],[119.094014576,39.7327212532],[119.051287198,39.7308506835],[118.990659295,39.7107596104],[118.976243495,39.6984106715],[118.962025281,39.6673703832],[119.15702473,39.6495783318],[119.161297749,39.6658473085],[119.267930998,39.6775343906]]],"shape":1}},"geometry":{"type":"Polygon","coordinates":[[[119.26793,39.67753],[119.24384,39.74453],[119.14554,39.70619],[119.11439,39.72725],[119.09401,39.73272],[119.05129,39.73085],[118.99066,39.71076],[118.97624,39.69841],[118.96203,39.66737],[119.15702,39.64958],[119.1613,39.66585],[119.26793,39.67753]]]}},{"type":"Feature","properties":{"id":"33200_1","area_id":33200,"name":"北戴河","level":2,"level_name":"Restricted Zones","type":"restricted","zone_type_id":10,"zone_type":"Airport","country":"CN","city":"秦皇岛","color":"#DE4329","height":0,"radius":13057,"shape":1,"begin_at":0,"end_at":0,"url":"","address":"","description":"","source":"dji-flysafe","_raw":{"color":"#DE4329","height":0,"level":2,"lat":39.65109750534987,"lng":119.00452570621344,"radius":13057,"polygon_points":[[[118.962025281,39.6673703832],[118.85202042,39.6524172513],[118.87949733,39.5904686864],[118.977772098,39.6238174877],[119.008872105,39.6045030178],[119.029430249,39.5995431396],[119.050952897,39.598848038],[119.102023477,39.6091437202],[119.133174418,39.6222677446],[119.147431579,39.6347145652],[119.15702473,39.6495783318],[118.962025281,39.6673703832]]],"shape":1}},"geometry":{"type":"Polygon","coordinates":[[[118.96203,39.66737],[118.85202,39.65242],[118.8795,39.59047],[118.97777,39.62382],[119.00887,39.6045],[119.02943,39.59954],[119.05095,39.59885],[119.10202,39.60914],[119.13317,39.62227],[119.14743,39.63471],[119.15702,39.64958],[118.96203,39.66737]]]}},{"type":"Feature","properties":{"id":"40047701_0","area_id":40047701,"name":"阿拉尔塔里木机场","level":2,"level_name":"Restricted Zones","type":"restricted","zone_type_id":10,"zone_type":"Airport","country":"CN","city":"","color":"#DE4329","height":0,"radius":13427,"shape":1,"begin_at":0,"end_at":0,"url":"","address":"","description":"","source":"dji-flysafe","_raw":{"color":"#DE4329","height":0,"level":2,"lat":40.45885009195418,"lng":81.31086626222863,"radius":13427,"polygon_points":[[[81.359153353,40.4585785612],[81.4624817956,40.4946506485],[81.4150578249,40.5499889824],[81.3299051242,40.492736807],[81.2896376433,40.5083601938],[81.2678553517,40.5094686849],[81.2268527467,40.4989213561],[81.1811653792,40.4733493668],[81.1691260632,40.4595071164],[81.1622098424,40.4437653515],[81.1652371112,40.410933648],[81.359153353,40.4585785612]]],"shape":1}},"geometry":{"type":"Polygon","coordinates":[[[81.35915,40.45858],[81.46248,40.49465],[81.41506,40.54999],[81.32991,40.49274],[81.28964,40.50836],[81.26786,40.50947],[81.22685,40.49892],[81.18117,40.47335],[81.16913,40.45951],[81.16221,40.44377],[81.16524,40.41093],[81.35915,40.45858]]]}},{"type":"Feature","properties":{"id":"40047701_1","area_id":40047701,"name":"阿拉尔塔里木机场","level":2,"level_name":"Restricted Zones","type":"restricted","zone_type_id":10,"zone_type":"Airport","country":"CN","city":"","color":"#DE4329","height":0,"radius":13426,"shape":1,"begin_at":0,"end_at":0,"url":"","address":"","description":"","source":"dji-flysafe","_raw":{"color":"#DE4329","height":0,"level":2,"lat":40.41054687647869,"lng":81.21360857438931,"radius":13426,"polygon_points":[[[81.0621686152,40.3748230878],[81.1095275851,40.319494506],[81.1944033369,40.376883439],[81.2139573148,40.3666408399],[81.2563064756,40.3601596995],[81.2776806293,40.3633615982],[81.3249720053,40.3844243877],[81.3550538084,40.410015129],[81.3634351272,40.4423032706],[81.359153353,40.4585785612],[81.1652371112,40.410933648],[81.0621686152,40.3748230878]]],"shape":1}},"geometry":{"type":"Polygon","coordinates":[[[81.06217,40.37482],[81.10953,40.31949],[81.1944,40.37688],[81.21396,40.36664],[81.25631,40.36016],[81.27768,40.36336],[81.32497,40.38442],[81.35505,40.41002],[81.36344,40.4423],[81.35915,40.45858],[81.16524,40.41093],[81.06217,40.37482]]]}},{"type":"Feature","properties":{"id":"650_0","area_id":650,"name":"Dunhuang Airport","level":2,"level_name":"Restricted Zones","type":"restricted","zone_type_id":10,"zone_type":"Airport","country":"CN","city":"Dunhuang","color":"#DE4329","height":0,"radius":13269,"shape":1,"begin_at":0,"end_at":0,"url":"","address":"","description":"","source":"dji-flysafe","_raw":{"color":"#DE4329","height":0,"level":2,"lat":40.1530234278444,"lng":94.75171778968156,"radius":13269,"polygon_points":[[[94.7105468723,40.1758820291],[94.5989009032,40.1776047476],[94.6058343602,40.1105803803],[94.7174983761,40.1339147752],[94.7407434714,40.1111743147],[94.7592703299,40.1025309345],[94.8017793456,40.0974381089],[94.835132827,40.1007731026],[94.8701847565,40.1097396598],[94.8999121689,40.1335407514],[94.9077624644,40.1490161179],[94.7105468723,40.1758820291]]],"shape":1}},"geometry":{"type":"Polygon","coordinates":[[[94.71055,40.17588],[94.5989,40.1776],[94.60583,40.11058],[94.7175,40.13391],[94.74074,40.11117],[94.75927,40.10253],[94.80178,40.09744],[94.83513,40.10077],[94.87018,40.10974],[94.89991,40.13354],[94.90776,40.14902],[94.71055,40.17588]]]}},{"type":"Feature","properties":{"id":"650_1","area_id":650,"name":"Dunhuang Airport","level":2,"level_name":"Restricted Zones","type":"restricted","zone_type_id":10,"zone_type":"Airport","country":"CN","city":"Dunhuang","color":"#DE4329","height":0,"radius":13282,"shape":1,"begin_at":0,"end_at":0,"url":"","address":"","description":"","source":"dji-flysafe","_raw":{"color":"#DE4329","height":0,"level":2,"lat":40.16688854355645,"lng":94.86642845159909,"radius":13282,"polygon_points":[[[95.0193860413,40.1423650283],[95.0108034466,40.2127660998],[94.9024897574,40.1910908102],[94.878178782,40.2135735154],[94.859293187,40.2217915983],[94.8165232785,40.2258924731],[94.7495522328,40.214358573],[94.732249582,40.2043139214],[94.7189459261,40.1911897797],[94.7105468723,40.1758820291],[94.9077624644,40.1490161179],[95.0193860413,40.1423650283]]],"shape":1}},"geometry":{"type":"Polygon","coordinates":[[[95.01939,40.14237],[95.0108,40.21277],[94.90249,40.19109],[94.87818,40.21357],[94.85929,40.22179],[94.81652,40.22589],[94.74955,40.21436],[94.73225,40.20431],[94.71895,40.19119],[94.71055,40.17588],[94.90776,40.14902],[95.01939,40.14237]]]}},{"type":"Feature","properties":{"id":"3046_0","area_id":3046,"name":"Baotou Airport","level":2,"level_name":"Restricted Zones","type":"restricted","zone_type_id":10,"zone_type":"Airport","country":"CN","city":"Baotou","color":"#DE4329","height":0,"radius":13384,"shape":1,"begin_at":0,"end_at":0,"url":"","address":"","description":"","source":"dji-flysafe","_raw":{"color":"#DE4329","height":0,"level":2,"lat":40.58963077734159,"lng":109.95633244155005,"radius":13384,"polygon_points":[[[109.938337148,40.6229077915],[109.861737075,40.6862579177],[109.8084076,40.6329800315],[109.903413364,40.5879680633],[109.900268709,40.5571341284],[109.906708067,40.5412734616],[109.918325969,40.5272187122],[109.959276449,40.4992886181],[109.991744709,40.487486422],[110.013462973,40.4858561059],[110.054883296,40.4953923273],[109.938337148,40.6229077915]]],"shape":1}},"geometry":{"type":"Polygon","coordinates":[[[109.93834,40.62291],[109.86174,40.68626],[109.80841,40.63298],[109.90341,40.58797],[109.90027,40.55713],[109.90671,40.54127],[109.91833,40.52722],[109.95928,40.49929],[109.99174,40.48749],[110.01346,40.48586],[110.05488,40.49539],[109.93834,40.62291]]]}},{"type":"Feature","properties":{"id":"3046_1","area_id":3046,"name":"Baotou Airport","level":2,"level_name":"Restricted Zones","type":"restricted","zone_type_id":10,"zone_type":"Airport","country":"CN","city":"Baotou","color":"#DE4329","height":0,"radius":13434,"shape":1,"begin_at":0,"end_at":0,"url":"","address":"","description":"","source":"dji-flysafe","_raw":{"color":"#DE4329","height":0,"level":2,"lat":40.52899152399223,"lng":110.03841049340181,"radius":13434,"polygon_points":[[[110.133261611,40.4320754672],[110.186589905,40.4853506356],[110.09159199,40.5286811846],[110.095363577,40.5589482491],[110.089368903,40.5749095816],[110.078135948,40.589147593],[110.035708626,40.6190540652],[110.001458699,40.6314561126],[109.979667235,40.6328728116],[109.938337148,40.6229077915],[110.054883296,40.4953923273],[110.133261611,40.4320754672]]],"shape":1}},"geometry":{"type":"Polygon","coordinates":[[[110.13326,40.43208],[110.18659,40.48535],[110.09159,40.52868],[110.09536,40.55895],[110.08937,40.57491],[110.07814,40.58915],[110.03571,40.61905],[110.00146,40.63146],[109.97967,40.63287],[109.93834,40.62291],[110.05488,40.49539],[110.13326,40.43208]]]}},{"type":"Feature","properties":{"id":"497_0","area_id":497,"name":"Datong Airport","level":2,"level_name":"Restricted Zones","type":"restricted","zone_type_id":10,"zone_type":"Airport","country":"CN","city":"Datong","color":"#DE4329","height":0,"radius":13276,"shape":1,"begin_at":0,"end_at":0,"url":"","address":"","description":"","source":"dji-flysafe","_raw":{"color":"#DE4329","height":0,"level":2,"lat":40.09197443007075,"lng":113.43505360608671,"radius":13276,"polygon_points":[[[113.42684114,40.1262340175],[113.355194239,40.1945836106],[113.293397897,40.1413747198],[113.390071437,40.0946901091],[113.383686027,40.0688509042],[113.395700604,40.0372494046],[113.435887379,40.0059940052],[113.471720912,39.9898640645],[113.514672476,39.9893105751],[113.42684114,40.1262340175]]],"shape":1}},"geometry":{"type":"Polygon","coordinates":[[[113.42684,40.12623],[113.35519,40.19458],[113.2934,40.14137],[113.39007,40.09469],[113.38369,40.06885],[113.3957,40.03725],[113.43589,40.00599],[113.47172,39.98986],[113.51467,39.98931],[113.42684,40.12623]]]}},{"type":"Feature","properties":{"id":"497_1","area_id":497,"name":"Datong Airport","level":2,"level_name":"Restricted Zones","type":"restricted","zone_type_id":10,"zone_type":"Airport","country":"CN","city":"Datong","color":"#DE4329","height":0,"radius":13264,"shape":1,"begin_at":0,"end_at":0,"url":"","address":"","description":"","source":"dji-flysafe","_raw":{"color":"#DE4329","height":0,"level":2,"lat":40.03420953159281,"lng":113.52604116061606,"radius":13264,"polygon_points":[[[113.606487616,39.9320817913],[113.664940674,39.9802612272],[113.571613327,40.026909578],[113.577781308,40.0431126519],[113.578206844,40.0597076946],[113.56252664,40.0903551519],[113.547483782,40.1023169811],[113.520779395,40.1206734729],[113.489929563,40.1326648532],[113.468401298,40.1348082644],[113.42684114,40.1262340175],[113.514672476,39.9893105751],[113.534827772,39.9953981947],[113.606487616,39.9320817913]]],"shape":1}},"geometry":{"type":"Polygon","coordinates":[[[113.60649,39.93208],[113.66494,39.98026],[113.57161,40.02691],[113.57778,40.04311],[113.57821,40.05971],[113.56253,40.09036],[113.54748,40.10232],[113.52078,40.12067],[113.48993,40.13266],[113.4684,40.13481],[113.42684,40.12623],[113.51467,39.98931],[113.53483,39.9954],[113.60649,39.93208]]]}},{"type":"Feature","properties":{"id":"5803_0","area_id":5803,"name":"Beijing Capital International Airport","level":2,"level_name":"Restricted Zones","type":"restricted","zone_type_id":10,"zone_type":"Airport","country":"CN","city":"Beijing","color":"#DE4329","height":0,"radius":12998,"shape":1,"begin_at":0,"end_at":0,"url":"","address":"","description":"","source":"dji-flysafe","_raw":{"color":"#DE4329","height":0,"level":2,"lat":40.042646870970295,"lng":116.54740820777613,"radius":12998,"polygon_points":[[[116.5812988535668,39.9286734239874],[116.531887323,40.1589365693],[116.501807358,40.1402111079],[116.491004429,40.1258137412],[116.485446636,40.1097688773],[116.485509238,40.0931707072],[116.504197026,40.0378780032],[116.51778496,40.0249453024],[116.52834976037578,40.020515502264765],[116.530146019,40.0168743728],[116.54482453,40.0046635138],[116.55515280455059,40.00099394347831],[116.552131659,39.9258087679],[116.5812988535668,39.9286734239874]]],"shape":1}},"geometry":{"type":"Polygon","coordinates":[[[116.5813,39.92867],[116.53189,40.15894],[116.50181,40.14021],[116.491,40.12581],[116.48545,40.10977],[116.48551,40.09317],[116.5042,40.03788],[116.51778,40.02495],[116.52835,40.02052],[116.53015,40.01687],[116.54482,40.00466],[116.55515,40.00099],[116.55213,39.92581],[116.5813,39.92867]]]}},{"type":"Feature","properties":{"id":"5803_1","area_id":5803,"name":"Beijing Capital International Airport","level":2,"level_name":"Restricted Zones","type":"restricted","zone_type_id":10,"zone_type":"Airport","country":"CN","city":"Beijing","color":"#DE4329","height":0,"radius":19676,"shape":1,"begin_at":0,"end_at":0,"url":"","address":"","description":"","source":"dji-flysafe","_raw":{"color":"#DE4329","height":0,"level":2,"lat":40.081736154103275,"lng":116.59440571456548,"radius":19676,"polygon_points":[[[116.66765921511806,39.91731939897748],[116.686475069,39.9194473909],[116.653096442,39.9993790512],[116.688448291,40.0210059869],[116.703564066,40.051816582],[116.702842015,40.0684056186],[116.682696313,40.1288537117],[116.651507256,40.1515415703],[116.631241313,40.1575064069],[116.634575351,40.2408284607],[116.58898831779446,40.23812489537414],[116.589528167,40.2525347862],[116.501896493,40.2439516828],[116.531887323,40.1589365693],[116.5812988535668,39.9286734239874],[116.580446452,39.9074912434],[116.668122456,39.9160848651],[116.66765921511806,39.91731939897748]]],"shape":1}},"geometry":{"type":"Polygon","coordinates":[[[116.66766,39.91732],[116.68648,39.91945],[116.6531,39.99938],[116.68845,40.02101],[116.70356,40.05182],[116.70284,40.06841],[116.6827,40.12885],[116.65151,40.15154],[116.63124,40.15751],[116.63458,40.24083],[116.58899,40.23812],[116.58953,40.25253],[116.5019,40.24395],[116.53189,40.15894],[116.5813,39.92867],[116.58045,39.90749],[116.66812,39.91608],[116.66766,39.91732]]]}},{"type":"Feature","properties":{"id":"33365_0","area_id":33365,"name":"Yingkou Lanqi Airport","level":2,"level_name":"Restricted Zones","type":"restricted","zone_type_id":10,"zone_type":"Airport","country":"CN","city":"","color":"#DE4329","height":0,"radius":13230,"shape":1,"begin_at":0,"end_at":0,"url":"","address":"","description":"","source":"dji-flysafe","_raw":{"color":"#DE4329","height":0,"level":2,"lat":40.5033177103891,"lng":122.33311076161985,"radius":13230,"polygon_points":[[[122.290062142,40.4881568743],[122.221695242,40.4198251259],[122.299039345,40.387194687],[122.335677094,40.4705181347],[122.372544718,40.4708984597],[122.392914945,40.4768470446],[122.410571973,40.4866006166],[122.441025309,40.5195513549],[122.453319645,40.5514456776],[122.442969183,40.5834051858],[122.430020361,40.5967772154],[122.290062142,40.4881568743]]],"shape":1}},"geometry":{"type":"Polygon","coordinates":[[[122.29006,40.48816],[122.2217,40.41983],[122.29904,40.38719],[122.33568,40.47052],[122.37254,40.4709],[122.39291,40.47685],[122.41057,40.4866],[122.44103,40.51955],[122.45332,40.55145],[122.44297,40.58341],[122.43002,40.59678],[122.29006,40.48816]]]}},{"type":"Feature","properties":{"id":"33365_1","area_id":33365,"name":"Yingkou Lanqi Airport","level":2,"level_name":"Restricted Zones","type":"restricted","zone_type_id":10,"zone_type":"Airport","country":"CN","city":"","color":"#DE4329","height":0,"radius":13186,"shape":1,"begin_at":0,"end_at":0,"url":"","address":"","description":"","source":"dji-flysafe","_raw":{"color":"#DE4329","height":0,"level":2,"lat":40.58246234870193,"lng":122.38467376272098,"radius":13186,"polygon_points":[[[122.496643712,40.6651751526],[122.420972445,40.6978106403],[122.379272687,40.6144645381],[122.342410585,40.6140592025],[122.322006903,40.6080942066],[122.290606299,40.5854059904],[122.26994384,40.5498721547],[122.266687443,40.5334594257],[122.269131368,40.5169654698],[122.290062142,40.4881568743],[122.430020361,40.5967772154],[122.496643712,40.6651751526]]],"shape":1}},"geometry":{"type":"Polygon","coordinates":[[[122.49664,40.66518],[122.42097,40.69781],[122.37927,40.61446],[122.34241,40.61406],[122.32201,40.60809],[122.29061,40.58541],[122.26994,40.54987],[122.26669,40.53346],[122.26913,40.51697],[122.29006,40.48816],[122.43002,40.59678],[122.49664,40.66518]]]}},{"type":"Feature","properties":{"id":"40002548","area_id":40002548,"name":"边境限制区","level":2,"level_name":"Restricted Zones","type":"restricted","zone_type_id":1,"zone_type":"Special Zone","country":"CN","city":"","color":"#DE4329","height":0,"radius":18688,"shape":1,"begin_at":0,"end_at":0,"url":"","address":"","description":"","source":"dji-flysafe","_raw":{"color":"#DE4329","height":0,"level":2,"lat":40.121653255225254,"lng":124.43111326836593,"radius":18688,"polygon_points":[[[124.54270116568202,40.26649987460826],[124.43399992616858,40.17839847244555],[124.37909866360428,40.13059866136288],[124.36269903756833,40.124700337006644],[124.32130161737021,40.092201531840225],[124.30580093342681,40.06110131643847],[124.30839890902472,40.04419973071184],[124.3381,40.0208],[124.32,39.9767],[124.3521,39.9728],[124.3708,40.0117],[124.365,40.0808],[124.39549892275244,40.11490183378612],[124.40920108013869,40.13499985814775],[124.4294010169479,40.14050131636458],[124.45629892911627,40.17219919838496],[124.4839,40.1727],[124.51690002128251,40.219199759266374],[124.56529930955409,40.25090188733064],[124.54270116568202,40.26649987460826]]],"shape":1}},"geometry":{"type":"Polygon","coordinates":[[[124.5427,40.2665],[124.434,40.1784],[124.3791,40.1306],[124.3627,40.1247],[124.3213,40.0922],[124.3058,40.0611],[124.3084,40.0442],[124.3381,40.0208],[124.32,39.9767],[124.3521,39.9728],[124.3708,40.0117],[124.365,40.0808],[124.3955,40.1149],[124.4092,40.135],[124.4294,40.1405],[124.4563,40.1722],[124.4839,40.1727],[124.5169,40.2192],[124.5653,40.2509],[124.5427,40.2665]]]}},{"type":"Feature","properties":{"id":"527_0","area_id":527,"name":"Dandong Airport","level":2,"level_name":"Restricted Zones","type":"restricted","zone_type_id":10,"zone_type":"Airport","country":"CN","city":"Dandong","color":"#DE4329","height":0,"radius":13221,"shape":1,"begin_at":0,"end_at":0,"url":"","address":"","description":"","source":"dji-flysafe","_raw":{"color":"#DE4329","height":0,"level":2,"lat":39.98149628670951,"lng":124.28998386616078,"radius":13221,"polygon_points":[[[124.258683429,39.9509318525],[124.238634123,39.8693026916],[124.326301732,39.8659005482],[124.309645005,39.9509089421],[124.346178629,39.9668594085],[124.359563784,39.9799086532],[124.371173213,40.0115966621],[124.369507826,40.034988834],[124.360972457,40.0671322807],[124.348860546,40.0809018877],[124.313002757,40.0990868653],[124.258683429,39.9509318525]]],"shape":1}},"geometry":{"type":"Polygon","coordinates":[[[124.25868,39.95093],[124.23863,39.8693],[124.3263,39.8659],[124.30965,39.95091],[124.34618,39.96686],[124.35956,39.97991],[124.37117,40.0116],[124.36951,40.03499],[124.36097,40.06713],[124.34886,40.0809],[124.313,40.09909],[124.25868,39.95093]]]}},{"type":"Feature","properties":{"id":"527_1","area_id":527,"name":"Dandong Airport","level":2,"level_name":"Restricted Zones","type":"restricted","zone_type_id":10,"zone_type":"Airport","country":"CN","city":"Dandong","color":"#DE4329","height":0,"radius":13228,"shape":1,"begin_at":0,"end_at":0,"url":"","address":"","description":"","source":"dji-flysafe","_raw":{"color":"#DE4329","height":0,"level":2,"lat":40.06897215447707,"lng":124.27799630490418,"radius":13228,"polygon_points":[[[124.331350363,40.1807216659],[124.248742681,40.1858139823],[124.262028176,40.0974337604],[124.228007791,40.0816266123],[124.21484563,40.068433351],[124.206598534,40.0530821299],[124.200492569,40.0133458015],[124.20994549,39.9821222857],[124.222415267,39.9685507264],[124.258683429,39.9509318525],[124.313002757,40.0990868653],[124.331350363,40.1807216659]]],"shape":1}},"geometry":{"type":"Polygon","coordinates":[[[124.33135,40.18072],[124.24874,40.18581],[124.26203,40.09743],[124.22801,40.08163],[124.21485,40.06843],[124.2066,40.05308],[124.20049,40.01335],[124.20995,39.98212],[124.22242,39.96855],[124.25868,39.95093],[124.313,40.09909],[124.33135,40.18072]]]}},{"type":"Feature","properties":{"id":"32768_0","area_id":32768,"name":"天吉泰","level":2,"level_name":"Restricted Zones","type":"restricted","zone_type_id":10,"zone_type":"Airport","country":"CN","city":"","color":"#DE4329","height":0,"radius":13151,"shape":1,"begin_at":0,"end_at":0,"url":"","address":"","description":"","source":"dji-flysafe","_raw":{"color":"#DE4329","height":0,"level":2,"lat":40.9096536578804,"lng":107.79187152523903,"radius":13151,"polygon_points":[[[107.917091133,40.8387825913],[107.948060165,40.9023565038],[107.838030922,40.9223895707],[107.83142851,40.950061619],[107.820274206,40.9643634525],[107.804593062,40.9759959273],[107.75540541,40.9925123268],[107.715980326,40.996333215],[107.694628633,40.9923601258],[107.659522352,40.9728441528],[107.818708416,40.8837401028],[107.917091133,40.8387825913]]],"shape":1}},"geometry":{"type":"Polygon","coordinates":[[[107.91709,40.83878],[107.94806,40.90236],[107.83803,40.92239],[107.83143,40.95006],[107.82027,40.96436],[107.80459,40.976],[107.75541,40.99251],[107.71598,40.99633],[107.69463,40.99236],[107.65952,40.97284],[107.81871,40.88374],[107.91709,40.83878]]]}},{"type":"Feature","properties":{"id":"32768_1","area_id":32768,"name":"天吉泰","level":2,"level_name":"Restricted Zones","type":"restricted","zone_type_id":10,"zone_type":"Airport","country":"CN","city":"","color":"#DE4329","height":0,"radius":13083,"shape":1,"begin_at":0,"end_at":0,"url":"","address":"","description":"","source":"dji-flysafe","_raw":{"color":"#DE4329","height":0,"level":2,"lat":40.94011735591851,"lng":107.68204349363535,"radius":13083,"polygon_points":[[[107.659522352,40.9728441528],[107.557850998,41.0112052956],[107.526929984,40.9509870985],[107.64027648,40.9343055718],[107.641463296,40.9173680264],[107.660339504,40.887708608],[107.676699688,40.8766404737],[107.722907667,40.8608269403],[107.763972315,40.858147943],[107.784988784,40.862928683],[107.818708416,40.8837401028],[107.659522352,40.9728441528]]],"shape":1}},"geometry":{"type":"Polygon","coordinates":[[[107.65952,40.97284],[107.55785,41.01121],[107.52693,40.95099],[107.64028,40.93431],[107.64146,40.91737],[107.66034,40.88771],[107.6767,40.87664],[107.72291,40.86083],[107.76397,40.85815],[107.78499,40.86293],[107.81871,40.88374],[107.65952,40.97284]]]}},{"type":"Feature","properties":{"id":"1398_0","area_id":1398,"name":"Baita International Airport","level":2,"level_name":"Restricted Zones","type":"restricted","zone_type_id":10,"zone_type":"Airport","country":"CN","city":"Hohhot","color":"#DE4329","height":0,"radius":13612,"shape":1,"begin_at":0,"end_at":0,"url":"","address":"","description":"","source":"dji-flysafe","_raw":{"color":"#DE4329","height":0,"level":2,"lat":40.83718104442578,"lng":111.76715615835845,"radius":13612,"polygon_points":[[[111.716991254,40.8456831638],[111.605363046,40.8357825624],[111.634536205,40.7671242746],[111.736148223,40.8054703341],[111.762974507,40.7885979011],[111.783540995,40.7828522996],[111.805369035,40.7813288282],[111.868677644,40.7908059533],[111.902648143,40.8060908067],[111.916205155,40.8191376761],[111.927970172,40.8508235867],[111.716991254,40.8456831638]]],"shape":1}},"geometry":{"type":"Polygon","coordinates":[[[111.71699,40.84568],[111.60536,40.83578],[111.63454,40.76712],[111.73615,40.80547],[111.76297,40.7886],[111.78354,40.78285],[111.80537,40.78133],[111.86868,40.79081],[111.90265,40.80609],[111.91621,40.81914],[111.92797,40.85082],[111.71699,40.84568]]]}},{"type":"Feature","properties":{"id":"1398_1","area_id":1398,"name":"Baita International Airport","level":2,"level_name":"Restricted Zones","type":"restricted","zone_type_id":10,"zone_type":"Airport","country":"CN","city":"Hohhot","color":"#DE4329","height":0,"radius":13757,"shape":1,"begin_at":0,"end_at":0,"url":"","address":"","description":"","source":"dji-flysafe","_raw":{"color":"#DE4329","height":0,"level":2,"lat":40.856781026887994,"lng":111.87989496195684,"radius":13757,"polygon_points":[[[112.043033419,40.8659477104],[112.013850691,40.9278635025],[111.912193032,40.8911945184],[111.881997193,40.9123362366],[111.861509618,40.918320277],[111.817967142,40.9175226649],[111.75861132,40.9009301348],[111.741266592,40.8907514357],[111.72800344,40.8775244655],[111.716991254,40.8456831638],[111.927970172,40.8508235867],[112.043033419,40.8659477104]]],"shape":1}},"geometry":{"type":"Polygon","coordinates":[[[112.04303,40.86595],[112.01385,40.92786],[111.91219,40.89119],[111.882,40.91234],[111.86151,40.91832],[111.81797,40.91752],[111.75861,40.90093],[111.74127,40.89075],[111.728,40.87752],[111.71699,40.84568],[111.92797,40.85082],[112.04303,40.86595]]]}},{"type":"Feature","properties":{"id":"33246_0","area_id":33246,"name":"集宁","level":2,"level_name":"Restricted Zones","type":"restricted","zone_type_id":10,"zone_type":"Airport","country":"CN","city":"乌兰察布","color":"#DE4329","height":0,"radius":13418,"shape":1,"begin_at":0,"end_at":0,"url":"","address":"","description":"","source":"dji-flysafe","_raw":{"color":"#DE4329","height":0,"level":2,"lat":41.12372970023221,"lng":113.04769044195511,"radius":13418,"polygon_points":[[[113.00210804,41.1391419375],[112.888798464,41.1392087565],[112.900861725,41.075563486],[113.012539014,41.1005589964],[113.040419957,41.0760631601],[113.060004312,41.0684791289],[113.081522148,41.0649709689],[113.135168438,41.0691096891],[113.172726454,41.0798719668],[113.189072336,41.0909944456],[113.207833409,41.120716382],[113.00210804,41.1391419375]]],"shape":1}},"geometry":{"type":"Polygon","coordinates":[[[113.00211,41.13914],[112.8888,41.13921],[112.90086,41.07556],[113.01254,41.10056],[113.04042,41.07606],[113.06,41.06848],[113.08152,41.06497],[113.13517,41.06911],[113.17273,41.07987],[113.18907,41.09099],[113.20783,41.12072],[113.00211,41.13914]]]}},{"type":"Feature","properties":{"id":"33246_1","area_id":33246,"name":"集宁","level":2,"level_name":"Restricted Zones","type":"restricted","zone_type_id":10,"zone_type":"Airport","country":"CN","city":"乌兰察布","color":"#DE4329","height":0,"radius":13436,"shape":1,"begin_at":0,"end_at":0,"url":"","address":"","description":"","source":"dji-flysafe","_raw":{"color":"#DE4329","height":0,"level":2,"lat":41.13532795610432,"lng":113.1624755355933,"radius":13436,"polygon_points":[[[113.321120904,41.1173994575],[113.309122256,41.1844435929],[113.202469714,41.1627710663],[113.174999757,41.1850903421],[113.155147043,41.1923219591],[113.133480959,41.1954365063],[113.076474745,41.1908876488],[113.037222413,41.1799982036],[113.020857782,41.1688728569],[113.00210804,41.1391419375],[113.207833409,41.120716382],[113.321120904,41.1173994575]]],"shape":1}},"geometry":{"type":"Polygon","coordinates":[[[113.32112,41.1174],[113.30912,41.18444],[113.20247,41.16277],[113.175,41.18509],[113.15515,41.19232],[113.13348,41.19544],[113.07647,41.19089],[113.03722,41.18],[113.02086,41.16887],[113.00211,41.13914],[113.20783,41.12072],[113.32112,41.1174]]]}},{"type":"Feature","properties":{"id":"9723_0","area_id":9723,"name":"机场禁飞区","level":2,"level_name":"Restricted Zones","type":"restricted","zone_type_id":10,"zone_type":"Airport","country":"CN","city":"Zhangjiakou","color":"#DE4329","height":0,"radius":13336,"shape":1,"begin_at":0,"end_at":0,"url":"","address":"","description":"","source":"dji-flysafe","_raw":{"color":"#DE4329","height":0,"level":2,"lat":40.72311276877298,"lng":114.98485021012041,"radius":13336,"polygon_points":[[[115.010760576,40.6922552521],[115.108585106,40.648403364],[115.142453537,40.7123336667],[115.03184114,40.7320263027],[115.03142447,40.7492527737],[115.025260084,40.7651806767],[115.013858996,40.779356453],[114.978753096,40.7987669714],[114.928137486,40.8118614939],[114.885078552,40.8072704851],[114.850839466,40.7869877838],[115.010760576,40.6922552521]]],"shape":1}},"geometry":{"type":"Polygon","coordinates":[[[115.01076,40.69226],[115.10859,40.6484],[115.14245,40.71233],[115.03184,40.73203],[115.03142,40.74925],[115.02526,40.76518],[115.01386,40.77936],[114.97875,40.79877],[114.92814,40.81186],[114.88508,40.80727],[114.85084,40.78699],[115.01076,40.69226]]]}},{"type":"Feature","properties":{"id":"9723_1","area_id":9723,"name":"机场禁飞区","level":2,"level_name":"Restricted Zones","type":"restricted","zone_type_id":10,"zone_type":"Airport","country":"CN","city":"Zhangjiakou","color":"#DE4329","height":0,"radius":13335,"shape":1,"begin_at":0,"end_at":0,"url":"","address":"","description":"","source":"dji-flysafe","_raw":{"color":"#DE4329","height":0,"level":2,"lat":40.75595482540788,"lng":114.8766869009537,"radius":13335,"polygon_points":[[[114.752856873,40.8307433911],[114.719005873,40.7668061885],[114.829830466,40.7472925319],[114.830303378,40.729973568],[114.836528097,40.7140598737],[114.847970814,40.6999085596],[114.883083296,40.6805591352],[114.933541685,40.6674882678],[114.976518846,40.672032563],[115.010760576,40.6922552521],[114.850839466,40.7869877838],[114.752856873,40.8307433911]]],"shape":1}},"geometry":{"type":"Polygon","coordinates":[[[114.75286,40.83074],[114.71901,40.76681],[114.82983,40.74729],[114.8303,40.72997],[114.83653,40.71406],[114.84797,40.69991],[114.88308,40.68056],[114.93354,40.66749],[114.97652,40.67203],[115.01076,40.69226],[114.85084,40.78699],[114.75286,40.83074]]]}},{"type":"Feature","properties":{"id":"33363_0","area_id":33363,"name":"机场禁飞区","level":2,"level_name":"Restricted Zones","type":"restricted","zone_type_id":10,"zone_type":"Airport","country":"CN","city":"","color":"#DE4329","height":0,"radius":13423,"shape":1,"begin_at":0,"end_at":0,"url":"","address":"","description":"","source":"dji-flysafe","_raw":{"color":"#DE4329","height":0,"level":2,"lat":41.10632017656146,"lng":118.13151131778899,"radius":13423,"polygon_points":[[[118.160732453,41.0769762215],[118.261940157,41.0362786495],[118.291378992,41.0984210611],[118.178901064,41.1153124582],[118.177788565,41.1333547022],[118.170858022,41.1491109772],[118.15874383,41.162978514],[118.122559299,41.1814544136],[118.067567536,41.1936545052],[118.024672525,41.1872310065],[117.991811929,41.1655175524],[118.160732453,41.0769762215]]],"shape":1}},"geometry":{"type":"Polygon","coordinates":[[[118.16073,41.07698],[118.26194,41.03628],[118.29138,41.09842],[118.1789,41.11531],[118.17779,41.13335],[118.17086,41.14911],[118.15874,41.16298],[118.12256,41.18145],[118.06757,41.19365],[118.02467,41.18723],[117.99181,41.16552],[118.16073,41.07698]]]}},{"type":"Feature","properties":{"id":"33363_1","area_id":33363,"name":"机场禁飞区","level":2,"level_name":"Restricted Zones","type":"restricted","zone_type_id":10,"zone_type":"Airport","country":"CN","city":"","color":"#DE4329","height":0,"radius":13422,"shape":1,"begin_at":0,"end_at":0,"url":"","address":"","description":"","source":"dji-flysafe","_raw":{"color":"#DE4329","height":0,"level":2,"lat":41.135980212637946,"lng":118.02096964047247,"radius":13422,"polygon_points":[[[117.89045574,41.2061209678],[117.86103418,41.1439716256],[117.973707028,41.1272661351],[117.974881872,41.1091324563],[117.981871003,41.0933919377],[117.994023574,41.0795498669],[118.030206578,41.0611347936],[118.085038575,41.0489507234],[118.127856662,41.0553233242],[118.160732453,41.0769762215],[117.991811929,41.1655175524],[117.89045574,41.2061209678]]],"shape":1}},"geometry":{"type":"Polygon","coordinates":[[[117.89046,41.20612],[117.86103,41.14397],[117.97371,41.12727],[117.97488,41.10913],[117.98187,41.09339],[117.99402,41.07955],[118.03021,41.06113],[118.08504,41.04895],[118.12786,41.05532],[118.16073,41.07698],[117.99181,41.16552],[117.89046,41.20612]]]}},{"type":"Feature","properties":{"id":"40001829","area_id":40001829,"name":"辽宁营口西市区华能营口热点有限责任公司(petrochemical)","level":3,"level_name":"Enhanced Warning Zones","type":"warning","zone_type_id":42,"zone_type":"Special Zones","country":"CN","city":"","color":"#EE8815","height":0,"radius":8373,"shape":1,"begin_at":0,"end_at":0,"url":"","address":"","description":"","source":"dji-flysafe","_raw":{"color":"#EE8815","height":0,"level":3,"lat":40.596869298907436,"lng":122.23589417660976,"radius":8373,"polygon_points":[[[122.20743268421067,40.532125944214116],[122.22367767394496,40.557432382347955],[122.33101483301508,40.618214787114304],[122.16554823434417,40.61621622970263],[122.16609047384469,40.597957254046825],[122.14083435150303,40.575445833193356],[122.20743268421067,40.532125944214116]]],"shape":1}},"geometry":{"type":"Polygon","coordinates":[[[122.20743,40.53213],[122.22368,40.55743],[122.33101,40.61821],[122.16555,40.61622],[122.16609,40.59796],[122.14083,40.57545],[122.20743,40.53213]]]}},{"type":"Feature","properties":{"id":"40001888","area_id":40001888,"name":"辽宁锦州市太和区石化区(petrochemical)","level":3,"level_name":"Enhanced Warning Zones","type":"warning","zone_type_id":42,"zone_type":"Special Zones","country":"CN","city":"","color":"#EE8815","height":0,"radius":8617,"shape":1,"begin_at":0,"end_at":0,"url":"","address":"","description":"","source":"dji-flysafe","_raw":{"color":"#EE8815","height":0,"level":3,"lat":40.8206070551131,"lng":121.03537239317724,"radius":8617,"polygon_points":[[[121.07826696830966,40.84820971855133],[121.06880988034227,40.86931853107632],[121.05047616065079,40.879830762411196],[121.01903334482216,40.88580030722654],[121.01588618137555,40.88290930824651],[120.9999231776907,40.89331996282359],[120.9755427165733,40.84914619283151],[120.98088242693973,40.82708035628438],[120.97799894825404,40.77181368147524],[121.00727689605331,40.74657189528742],[121.06757775365129,40.74704482464389],[121.06892507065643,40.763738739976745],[121.12419277299907,40.78206531867781],[121.07826696830966,40.84820971855133]]],"shape":1}},"geometry":{"type":"Polygon","coordinates":[[[121.07827,40.84821],[121.06881,40.86932],[121.05048,40.87983],[121.01903,40.8858],[121.01589,40.88291],[120.99992,40.89332],[120.97554,40.84915],[120.98088,40.82708],[120.978,40.77181],[121.00728,40.74657],[121.06758,40.74704],[121.06893,40.76374],[121.12419,40.78207],[121.07827,40.84821]]]}},{"type":"Feature","properties":{"id":"1103_0","area_id":1103,"name":"Anshan Air Base Airport","level":2,"level_name":"Restricted Zones","type":"restricted","zone_type_id":10,"zone_type":"Airport","country":"CN","city":"Anshan","color":"#DE4329","height":0,"radius":13231,"shape":1,"begin_at":0,"end_at":0,"url":"","address":"","description":"","source":"dji-flysafe","_raw":{"color":"#DE4329","height":0,"level":2,"lat":41.15033919128174,"lng":122.8630050938247,"radius":13231,"polygon_points":[[[122.944882974,41.252144026],[122.860624361,41.2693189594],[122.850622899,41.1826505884],[122.812794223,41.1740161082],[122.795399956,41.1638155789],[122.773831864,41.1351891589],[122.76717912,41.1118958963],[122.765015889,41.0819972773],[122.77181853,41.0662111227],[122.800155137,41.0411787547],[122.903273414,41.1704170009],[122.944882974,41.252144026]]],"shape":1}},"geometry":{"type":"Polygon","coordinates":[[[122.94488,41.25214],[122.86062,41.26932],[122.85062,41.18265],[122.81279,41.17402],[122.7954,41.16382],[122.77383,41.13519],[122.76718,41.1119],[122.76502,41.082],[122.77182,41.06621],[122.80016,41.04118],[122.90327,41.17042],[122.94488,41.25214]]]}},{"type":"Feature","properties":{"id":"1103_1","area_id":1103,"name":"Anshan Air Base Airport","level":2,"level_name":"Restricted Zones","type":"restricted","zone_type_id":10,"zone_type":"Airport","country":"CN","city":"Anshan","color":"#DE4329","height":0,"radius":13236,"shape":1,"begin_at":0,"end_at":0,"url":"","address":"","description":"","source":"dji-flysafe","_raw":{"color":"#DE4329","height":0,"level":2,"lat":41.06443939286364,"lng":122.83130636217253,"radius":13236,"polygon_points":[[[122.800155137,41.0411787547],[122.75679633,40.9595121622],[122.842753773,40.9457122188],[122.854364264,41.0290098574],[122.893414751,41.0393528461],[122.910013928,41.0502512508],[122.922312805,41.0640169297],[122.939481528,41.0997547627],[122.940489792,41.1306321098],[122.932897734,41.1462144361],[122.903273414,41.1704170009],[122.800155137,41.0411787547]]],"shape":1}},"geometry":{"type":"Polygon","coordinates":[[[122.80016,41.04118],[122.7568,40.95951],[122.84275,40.94571],[122.85436,41.02901],[122.89341,41.03935],[122.91001,41.05025],[122.92231,41.06402],[122.93948,41.09975],[122.94049,41.13063],[122.9329,41.14621],[122.90327,41.17042],[122.80016,41.04118]]]}},{"type":"Feature","properties":{"id":"2694_0","area_id":2694,"name":"Jinzhou Airport","level":2,"level_name":"Restricted Zones","type":"restricted","zone_type_id":10,"zone_type":"Airport","country":"CN","city":"Jinzhou","color":"#DE4329","height":0,"radius":12756,"shape":1,"begin_at":0,"end_at":0,"url":"","address":"","description":"","source":"dji-flysafe","_raw":{"color":"#DE4329","height":0,"level":2,"lat":40.888686748892376,"lng":121.25138109922688,"radius":12756,"polygon_points":[[[121.203376505,40.8849028327],[121.131675038,40.8182321204],[121.205627077,40.7838339095],[121.252334457,40.8621800137],[121.285992882,40.8622064969],[121.306733944,40.8676347729],[121.324915264,40.8769347374],[121.359346686,40.9111951709],[121.36888836,40.9261571039],[121.372978527,40.9424651901],[121.37134212,40.9590173504],[121.203376505,40.8849028327]]],"shape":1}},"geometry":{"type":"Polygon","coordinates":[[[121.20338,40.8849],[121.13168,40.81823],[121.20563,40.78383],[121.25233,40.86218],[121.28599,40.86221],[121.30673,40.86763],[121.32492,40.87693],[121.35935,40.9112],[121.36889,40.92616],[121.37298,40.94247],[121.37134,40.95902],[121.20338,40.8849]]]}},{"type":"Feature","properties":{"id":"2694_1","area_id":2694,"name":"Jinzhou Airport","level":2,"level_name":"Restricted Zones","type":"restricted","zone_type_id":10,"zone_type":"Airport","country":"CN","city":"Jinzhou","color":"#DE4329","height":0,"radius":13096,"shape":1,"begin_at":0,"end_at":0,"url":"","address":"","description":"","source":"dji-flysafe","_raw":{"color":"#DE4329","height":0,"level":2,"lat":40.976116712793186,"lng":121.30200030934394,"radius":13096,"polygon_points":[[[121.421666799,41.0517391508],[121.344325943,41.089485337],[121.300981907,41.007814791],[121.263625608,41.0081304131],[121.242916488,41.0025390063],[121.210616366,40.9804295221],[121.183822953,40.9312683364],[121.184851784,40.9146883113],[121.203376505,40.8849028327],[121.37134212,40.9590173504],[121.351702877,40.9884004496],[121.421666799,41.0517391508]]],"shape":1}},"geometry":{"type":"Polygon","coordinates":[[[121.42167,41.05174],[121.34433,41.08949],[121.30098,41.00781],[121.26363,41.00813],[121.24292,41.00254],[121.21062,40.98043],[121.18382,40.93127],[121.18485,40.91469],[121.20338,40.8849],[121.37134,40.95902],[121.3517,40.9884],[121.42167,41.05174]]]}},{"type":"Feature","properties":{"id":"1015_0","area_id":1015,"name":"Aksu Airport","level":2,"level_name":"Restricted Zones","type":"restricted","zone_type_id":10,"zone_type":"Airport","country":"CN","city":"Aksu","color":"#DE4329","height":0,"radius":13252,"shape":1,"begin_at":0,"end_at":0,"url":"","address":"","description":"","source":"dji-flysafe","_raw":{"color":"#DE4329","height":0,"level":2,"lat":41.266981064728554,"lng":80.23068074111234,"radius":13252,"polygon_points":[[[80.1957433587,41.2876757925],[80.0824575392,41.3094068433],[80.0755609511,41.2423878378],[80.1923011047,41.2456752781],[80.2100359165,41.2219614914],[80.2267386239,41.2111151704],[80.2465993447,41.2038871368],[80.3015976043,41.1957688477],[80.3401805026,41.2015270192],[80.3588576866,41.2103616582],[80.3841786725,41.2372041738],[80.1957433587,41.2876757925]]],"shape":1}},"geometry":{"type":"Polygon","coordinates":[[[80.19574,41.28768],[80.08246,41.30941],[80.07556,41.24239],[80.1923,41.24568],[80.21004,41.22196],[80.22674,41.21112],[80.2466,41.20389],[80.3016,41.19577],[80.34018,41.20153],[80.35886,41.21036],[80.38418,41.2372],[80.19574,41.28768]]]}},{"type":"Feature","properties":{"id":"1015_1","area_id":1015,"name":"Aksu Airport","level":2,"level_name":"Restricted Zones","type":"restricted","zone_type_id":10,"zone_type":"Airport","country":"CN","city":"Aksu","color":"#DE4329","height":0,"radius":13262,"shape":1,"begin_at":0,"end_at":0,"url":"","address":"","description":"","source":"dji-flysafe","_raw":{"color":"#DE4329","height":0,"level":2,"lat":41.25904413592139,"lng":80.34980167964896,"radius":13262,"polygon_points":[[[80.4975049392,41.215576903],[80.5044015409,41.2859700025],[80.3910565013,41.2793104824],[80.3707382846,41.3074512169],[80.3536689484,41.3179926351],[80.3117384525,41.327564424],[80.2784042088,41.3292310787],[80.2396850377,41.3234326098],[80.2210004612,41.3145682134],[80.1957433587,41.2876757925],[80.3841786725,41.2372041738],[80.4975049392,41.215576903]]],"shape":1}},"geometry":{"type":"Polygon","coordinates":[[[80.4975,41.21558],[80.5044,41.28597],[80.39106,41.27931],[80.37074,41.30745],[80.35367,41.31799],[80.31174,41.32756],[80.2784,41.32923],[80.23969,41.32343],[80.221,41.31457],[80.19574,41.28768],[80.38418,41.2372],[80.4975,41.21558]]]}},{"type":"Feature","properties":{"id":"32766_0","area_id":32766,"name":"龟兹","level":2,"level_name":"Restricted Zones","type":"restricted","zone_type_id":10,"zone_type":"Airport","country":"CN","city":"","color":"#DE4329","height":0,"radius":13084,"shape":1,"begin_at":0,"end_at":0,"url":"","address":"","description":"","source":"dji-flysafe","_raw":{"color":"#DE4329","height":0,"level":2,"lat":41.67120824516179,"lng":82.81170120303767,"radius":13084,"polygon_points":[[[82.7738217199,41.6891860514],[82.6572020087,41.6942669116],[82.6675230083,41.6238962343],[82.7808268574,41.6505751362],[82.8057351461,41.6271009985],[82.8248720502,41.6186834407],[82.868467955,41.6141062843],[82.9001662632,41.6174426428],[82.9375083049,41.6273082493],[82.9670303741,41.651730663],[82.7738217199,41.6891860514]]],"shape":1}},"geometry":{"type":"Polygon","coordinates":[[[82.77382,41.68919],[82.6572,41.69427],[82.66752,41.6239],[82.78083,41.65058],[82.80574,41.6271],[82.82487,41.61868],[82.86847,41.61411],[82.90017,41.61744],[82.93751,41.62731],[82.96703,41.65173],[82.77382,41.68919]]]}},{"type":"Feature","properties":{"id":"32766_1","area_id":32766,"name":"龟兹","level":2,"level_name":"Restricted Zones","type":"restricted","zone_type_id":10,"zone_type":"Airport","country":"CN","city":"","color":"#DE4329","height":0,"radius":13073,"shape":1,"begin_at":0,"end_at":0,"url":"","address":"","description":"","source":"dji-flysafe","_raw":{"color":"#DE4329","height":0,"level":2,"lat":41.684611935138015,"lng":82.93114537931397,"radius":13073,"polygon_points":[[[83.0861365504,41.6640703199],[83.0758017414,41.7311077966],[82.9675063965,41.7060918693],[82.9397614979,41.7324343175],[82.898730726,41.7445108411],[82.8764880913,41.7442226852],[82.8107059978,41.7293102811],[82.7938038494,41.7185232088],[82.7812238453,41.7048370637],[82.7738217199,41.6891860514],[82.9670303741,41.651730663],[82.9744854424,41.667366505],[83.0861365504,41.6640703199]]],"shape":1}},"geometry":{"type":"Polygon","coordinates":[[[83.08614,41.66407],[83.0758,41.73111],[82.96751,41.70609],[82.93976,41.73243],[82.89873,41.74451],[82.87649,41.74422],[82.81071,41.72931],[82.7938,41.71852],[82.78122,41.70484],[82.77382,41.68919],[82.96703,41.65173],[82.97449,41.66737],[83.08614,41.66407]]]}},{"type":"Feature","properties":{"id":"5082_0","area_id":5082,"name":"Korla Airport","level":2,"level_name":"Restricted Zones","type":"restricted","zone_type_id":10,"zone_type":"Airport","country":"CN","city":"Korla","color":"#DE4329","height":0,"radius":13864,"shape":1,"begin_at":0,"end_at":0,"url":"","address":"","description":"","source":"dji-flysafe","_raw":{"color":"#DE4329","height":0,"level":2,"lat":41.64585736431405,"lng":86.1848095787186,"radius":13864,"polygon_points":[[[86.2392141543,41.653146168],[86.3341112301,41.7016156465],[86.2676814527,41.7541029192],[86.1974971853,41.6861475219],[86.1553527028,41.6948093008],[86.1332902168,41.6927845702],[86.0949434286,41.6765643268],[86.0631748757,41.6540922473],[86.039534847,41.6266185829],[86.0355460078,41.610290409],[86.0448073996,41.5781149842],[86.2392141543,41.653146168]]],"shape":1}},"geometry":{"type":"Polygon","coordinates":[[[86.23921,41.65315],[86.33411,41.70162],[86.26768,41.7541],[86.1975,41.68615],[86.15535,41.69481],[86.13329,41.69278],[86.09494,41.67656],[86.06317,41.65409],[86.03953,41.62662],[86.03555,41.61029],[86.04481,41.57811],[86.23921,41.65315]]]}},{"type":"Feature","properties":{"id":"5082_1","area_id":5082,"name":"Korla Airport","level":2,"level_name":"Restricted Zones","type":"restricted","zone_type_id":10,"zone_type":"Airport","country":"CN","city":"Korla","color":"#DE4329","height":0,"radius":13862,"shape":1,"begin_at":0,"end_at":0,"url":"","address":"","description":"","source":"dji-flysafe","_raw":{"color":"#DE4329","height":0,"level":2,"lat":41.585343421024774,"lng":86.09927199203825,"radius":13862,"polygon_points":[[[85.9502259427,41.5296379233],[86.0165131089,41.4771591757],[86.0864061553,41.5452175121],[86.1283856283,41.5365595265],[86.1503986221,41.5385604469],[86.17097302,41.5447540014],[86.2206060255,41.5772528163],[86.2442771454,41.6046299648],[86.248339188,41.6209479997],[86.2392141543,41.653146168],[86.0448073996,41.5781149842],[85.9502259427,41.5296379233]]],"shape":1}},"geometry":{"type":"Polygon","coordinates":[[[85.95023,41.52964],[86.01651,41.47716],[86.08641,41.54522],[86.12839,41.53656],[86.1504,41.53856],[86.17097,41.54475],[86.22061,41.57725],[86.24428,41.60463],[86.24834,41.62095],[86.23921,41.65315],[86.04481,41.57811],[85.95023,41.52964]]]}},{"type":"Feature","properties":{"id":"1806_0","area_id":1806,"name":"Chaoyang Airport","level":2,"level_name":"Restricted Zones","type":"restricted","zone_type_id":10,"zone_type":"Airport","country":"CN","city":"Chaoyang","color":"#DE4329","height":0,"radius":13205,"shape":1,"begin_at":0,"end_at":0,"url":"","address":"","description":"","source":"dji-flysafe","_raw":{"color":"#DE4329","height":0,"level":2,"lat":41.49924162727552,"lng":120.45190217917984,"radius":13205,"polygon_points":[[[120.427219897,41.4673963308],[120.442249562,41.3807054493],[120.526531655,41.394485221],[120.481532262,41.4728164817],[120.510884165,41.4952490555],[120.519415077,41.5105684019],[120.522363296,41.5270191992],[120.514494318,41.5685663616],[120.497021983,41.5949749306],[120.480725385,41.606244003],[120.439423218,41.6176307855],[120.427219897,41.4673963308]]],"shape":1}},"geometry":{"type":"Polygon","coordinates":[[[120.42722,41.4674],[120.44225,41.38071],[120.52653,41.39449],[120.48153,41.47282],[120.51088,41.49525],[120.51942,41.51057],[120.52236,41.52702],[120.51449,41.56857],[120.49702,41.59497],[120.48073,41.60624],[120.43942,41.61763],[120.42722,41.4674]]]}},{"type":"Feature","properties":{"id":"1806_1","area_id":1806,"name":"Chaoyang Airport","level":2,"level_name":"Restricted Zones","type":"restricted","zone_type_id":10,"zone_type":"Airport","country":"CN","city":"Chaoyang","color":"#DE4329","height":0,"radius":13079,"shape":1,"begin_at":0,"end_at":0,"url":"","address":"","description":"","source":"dji-flysafe","_raw":{"color":"#DE4329","height":0,"level":2,"lat":41.58501726726263,"lng":120.42561205959893,"radius":13079,"polygon_points":[[[120.427746805,41.7026335447],[120.34007882,41.6837563787],[120.383436694,41.6071344831],[120.365613119,41.5964916881],[120.34450287,41.5676145624],[120.345528206,41.5347110302],[120.355496988,41.5147958174],[120.370761293,41.4914584813],[120.386532006,41.4797997271],[120.427219897,41.4673963308],[120.439423218,41.6176307855],[120.427746805,41.7026335447]]],"shape":1}},"geometry":{"type":"Polygon","coordinates":[[[120.42775,41.70263],[120.34008,41.68376],[120.38344,41.60713],[120.36561,41.59649],[120.3445,41.56761],[120.34553,41.53471],[120.3555,41.5148],[120.37076,41.49146],[120.38653,41.4798],[120.42722,41.4674],[120.43942,41.61763],[120.42775,41.70263]]]}},{"type":"Feature","properties":{"id":"8277_0","area_id":8277,"name":"Taoxian Airport","level":2,"level_name":"Restricted Zones","type":"restricted","zone_type_id":10,"zone_type":"Airport","country":"CN","city":"Shenyang","color":"#DE4329","height":0,"radius":13538,"shape":1,"begin_at":0,"end_at":0,"url":"","address":"","description":"","source":"dji-flysafe","_raw":{"color":"#DE4329","height":0,"level":2,"lat":41.611173019890224,"lng":123.43628839862872,"radius":13538,"polygon_points":[[[123.385046921,41.6018626153],[123.291688503,41.5552649548],[123.351875159,41.5070840015],[123.421828371,41.570413442],[123.46028422,41.56304484],[123.482320007,41.5649588983],[123.502946142,41.5710712037],[123.555778691,41.5993146546],[123.578747996,41.6243332475],[123.583807697,41.6404949316],[123.576665494,41.6729719373],[123.385046921,41.6018626153]]],"shape":1}},"geometry":{"type":"Polygon","coordinates":[[[123.38505,41.60186],[123.29169,41.55526],[123.35188,41.50708],[123.42183,41.57041],[123.46028,41.56304],[123.48232,41.56496],[123.50295,41.57107],[123.55578,41.59931],[123.57875,41.62433],[123.58381,41.64049],[123.57667,41.67297],[123.38505,41.60186]]]}},{"type":"Feature","properties":{"id":"8277_1","area_id":8277,"name":"Taoxian Airport","level":2,"level_name":"Restricted Zones","type":"restricted","zone_type_id":10,"zone_type":"Airport","country":"CN","city":"Shenyang","color":"#DE4329","height":0,"radius":13716,"shape":1,"begin_at":0,"end_at":0,"url":"","address":"","description":"","source":"dji-flysafe","_raw":{"color":"#DE4329","height":0,"level":2,"lat":41.664058998297406,"lng":123.5275702844133,"radius":13716,"polygon_points":[[[123.67498046,41.7197284935],[123.613144488,41.7695844806],[123.541504955,41.7045865816],[123.504682193,41.7136209423],[123.482467789,41.712902918],[123.442513237,41.6989935009],[123.407531288,41.6756707441],[123.383667633,41.6505152685],[123.378375725,41.6343950299],[123.385046921,41.6018626153],[123.576665494,41.6729719373],[123.67498046,41.7197284935]]],"shape":1}},"geometry":{"type":"Polygon","coordinates":[[[123.67498,41.71973],[123.61314,41.76958],[123.5415,41.70459],[123.50468,41.71362],[123.48247,41.7129],[123.44251,41.69899],[123.40753,41.67567],[123.38367,41.65052],[123.37838,41.6344],[123.38505,41.60186],[123.57667,41.67297],[123.67498,41.71973]]]}},{"type":"Feature","properties":{"id":"40045018_0","area_id":40045018,"name":"阿拉善额济纳旗桃来机场","level":2,"level_name":"Restricted Zones","type":"restricted","zone_type_id":10,"zone_type":"Airport","country":"CN","city":"","color":"#DE4329","height":0,"radius":13031,"shape":1,"begin_at":0,"end_at":0,"url":"","address":"","description":"","source":"dji-flysafe","_raw":{"color":"#DE4329","height":0,"level":2,"lat":42.036132213323846,"lng":100.94782676704028,"radius":13031,"polygon_points":[[[100.92866824,42.0668140046],[100.834866925,42.1180115335],[100.793219139,42.0596441891],[100.903039863,42.0308780874],[100.90070588,42.0128053302],[100.904672021,41.9964708408],[100.914188396,41.9814551696],[100.946934737,41.9593085126],[100.990901987,41.9446981956],[101.035097694,41.9463316706],[101.072291288,41.964169122],[100.92866824,42.0668140046]]],"shape":1}},"geometry":{"type":"Polygon","coordinates":[[[100.92867,42.06681],[100.83487,42.11801],[100.79322,42.05964],[100.90304,42.03088],[100.90071,42.01281],[100.90467,41.99647],[100.91419,41.98146],[100.94693,41.95931],[100.9909,41.9447],[101.0351,41.94633],[101.07229,41.96417],[100.92867,42.06681]]]}},{"type":"Feature","properties":{"id":"40045018_1","area_id":40045018,"name":"阿拉善额济纳旗桃来机场","level":2,"level_name":"Restricted Zones","type":"restricted","zone_type_id":10,"zone_type":"Airport","country":"CN","city":"","color":"#DE4329","height":0,"radius":13032,"shape":1,"begin_at":0,"end_at":0,"url":"","address":"","description":"","source":"dji-flysafe","_raw":{"color":"#DE4329","height":0,"level":2,"lat":41.99467425774784,"lng":101.05302752108894,"radius":13032,"polygon_points":[[[101.165893485,41.9128731568],[101.207512451,41.9712305633],[101.097980119,42.000174576],[101.100363822,42.0181377681],[101.096472339,42.0344823441],[101.087014774,42.0495212669],[101.054305754,42.071736145],[101.010169053,42.0863884126],[100.965878769,42.0847130094],[100.92866824,42.0668140046],[101.072291288,41.964169122],[101.165893485,41.9128731568]]],"shape":1}},"geometry":{"type":"Polygon","coordinates":[[[101.16589,41.91287],[101.20751,41.97123],[101.09798,42.00017],[101.10036,42.01814],[101.09647,42.03448],[101.08701,42.04952],[101.05431,42.07174],[101.01017,42.08639],[100.96588,42.08471],[100.92867,42.06681],[101.07229,41.96417],[101.16589,41.91287]]]}},{"type":"Feature","properties":{"id":"1829_0","area_id":1829,"name":"Chifeng Airport","level":2,"level_name":"Restricted Zones","type":"restricted","zone_type_id":10,"zone_type":"Airport","country":"CN","city":"Chifeng","color":"#DE4329","height":0,"radius":13104,"shape":1,"begin_at":0,"end_at":0,"url":"","address":"","description":"","source":"dji-flysafe","_raw":{"color":"#DE4329","height":0,"level":2,"lat":42.203225774044455,"lng":118.85430851067564,"radius":13104,"polygon_points":[[[118.905031455,42.2169253962],[118.961670424,42.2902413999],[118.880825082,42.3194278562],[118.852443008,42.2360726983],[118.810980955,42.229880862],[118.792221015,42.2207969567],[118.767178868,42.1936095042],[118.755545037,42.1720098222],[118.749190571,42.1432661842],[118.753628022,42.1269974068],[118.77838971,42.0996876685],[118.905031455,42.2169253962]]],"shape":1}},"geometry":{"type":"Polygon","coordinates":[[[118.90503,42.21693],[118.96167,42.29024],[118.88083,42.31943],[118.85244,42.23607],[118.81098,42.22988],[118.79222,42.2208],[118.76718,42.19361],[118.75555,42.17201],[118.74919,42.14327],[118.75363,42.127],[118.77839,42.09969],[118.90503,42.21693]]]}},{"type":"Feature","properties":{"id":"1829_1","area_id":1829,"name":"Chifeng Airport","level":2,"level_name":"Restricted Zones","type":"restricted","zone_type_id":10,"zone_type":"Airport","country":"CN","city":"Chifeng","color":"#DE4329","height":0,"radius":13140,"shape":1,"begin_at":0,"end_at":0,"url":"","address":"","description":"","source":"dji-flysafe","_raw":{"color":"#DE4329","height":0,"level":2,"lat":42.120172674913746,"lng":118.81348818640288,"radius":13140,"polygon_points":[[[118.716691759,42.0263532575],[118.802590552,42.0022779395],[118.827551529,42.0855924387],[118.868559508,42.0894021451],[118.888203497,42.0973403974],[118.916089698,42.1229383532],[118.92779418,42.146335115],[118.933556411,42.1730900645],[118.919657512,42.2043499137],[118.905031455,42.2169253962],[118.77838971,42.0996876685],[118.716691759,42.0263532575]]],"shape":1}},"geometry":{"type":"Polygon","coordinates":[[[118.71669,42.02635],[118.80259,42.00228],[118.82755,42.08559],[118.86856,42.0894],[118.8882,42.09734],[118.91609,42.12294],[118.92779,42.14634],[118.93356,42.17309],[118.91966,42.20435],[118.90503,42.21693],[118.77839,42.09969],[118.71669,42.02635]]]}},{"type":"Feature","properties":{"id":"33565_0","area_id":33565,"name":"通化三源浦机场","level":2,"level_name":"Restricted Zones","type":"restricted","zone_type_id":10,"zone_type":"Airport","country":"CN","city":"","color":"#DE4329","height":0,"radius":13175,"shape":1,"begin_at":0,"end_at":0,"url":"","address":"","description":"","source":"dji-flysafe","_raw":{"color":"#DE4329","height":0,"level":2,"lat":42.01575834962144,"lng":125.69436457070165,"radius":13175,"polygon_points":[[[125.651678706,42.005015715],[125.569973332,41.9416666378],[125.642178467,41.9038001106],[125.697137437,41.9771237112],[125.736295124,41.9745553985],[125.757786616,41.9790535591],[125.776984441,41.987530238],[125.80928283,42.0161085097],[125.828398824,42.0456230865],[125.829675105,42.0621942508],[125.815069425,42.0932700748],[125.651678706,42.005015715]]],"shape":1}},"geometry":{"type":"Polygon","coordinates":[[[125.65168,42.00502],[125.56997,41.94167],[125.64218,41.9038],[125.69714,41.97712],[125.7363,41.97456],[125.75779,41.97905],[125.77698,41.98753],[125.80928,42.01611],[125.8284,42.04562],[125.82968,42.06219],[125.81507,42.09327],[125.65168,42.00502]]]}},{"type":"Feature","properties":{"id":"33565_1","area_id":33565,"name":"通化三源浦机场","level":2,"level_name":"Restricted Zones","type":"restricted","zone_type_id":10,"zone_type":"Airport","country":"CN","city":"","color":"#DE4329","height":0,"radius":13019,"shape":1,"begin_at":0,"end_at":0,"url":"","address":"","description":"","source":"dji-flysafe","_raw":{"color":"#DE4329","height":0,"level":2,"lat":42.08508088284622,"lng":125.76672610879582,"radius":13019,"polygon_points":[[[125.895030332,42.1532901349],[125.822818975,42.1945330737],[125.767857495,42.1195416375],[125.72967082,42.1212645016],[125.708264022,42.1164300992],[125.674009561,42.0955164481],[125.641638942,42.0531044664],[125.639232571,42.0366027059],[125.642658386,42.0202006986],[125.651678706,42.005015715],[125.815069425,42.0932700748],[125.895030332,42.1532901349]]],"shape":1}},"geometry":{"type":"Polygon","coordinates":[[[125.89503,42.15329],[125.82282,42.19453],[125.76786,42.11954],[125.72967,42.12126],[125.70826,42.11643],[125.67401,42.09552],[125.64164,42.0531],[125.63923,42.0366],[125.64266,42.0202],[125.65168,42.00502],[125.81507,42.09327],[125.89503,42.15329]]]}},{"type":"Feature","properties":{"id":"4152_0","area_id":4152,"name":"Changbaishan Airport","level":2,"level_name":"Restricted Zones","type":"restricted","zone_type_id":10,"zone_type":"Airport","country":"CN","city":"Baishan","color":"#DE4329","height":0,"radius":13194,"shape":1,"begin_at":0,"end_at":0,"url":"","address":"","description":"","source":"dji-flysafe","_raw":{"color":"#DE4329","height":0,"level":2,"lat":42.02299898939172,"lng":127.60447542451776,"radius":13194,"polygon_points":[[[127.566922292,41.9976631676],[127.540184454,41.9143928291],[127.629581045,41.9058164211],[127.622932606,41.9908300637],[127.660486077,42.0067874337],[127.674274622,42.0198467919],[127.683048793,42.0351118372],[127.691094849,42.0890115421],[127.673651222,42.1192727108],[127.638128734,42.1390005418],[127.566922292,41.9976631676]]],"shape":1}},"geometry":{"type":"Polygon","coordinates":[[[127.56692,41.99766],[127.54018,41.91439],[127.62958,41.90582],[127.62293,41.99083],[127.66049,42.00679],[127.67427,42.01985],[127.68305,42.03511],[127.69109,42.08901],[127.67365,42.11927],[127.63813,42.139],[127.56692,41.99766]]]}},{"type":"Feature","properties":{"id":"4152_1","area_id":4152,"name":"Changbaishan Airport","level":2,"level_name":"Restricted Zones","type":"restricted","zone_type_id":10,"zone_type":"Airport","country":"CN","city":"Baishan","color":"#DE4329","height":0,"radius":13129,"shape":1,"begin_at":0,"end_at":0,"url":"","address":"","description":"","source":"dji-flysafe","_raw":{"color":"#DE4329","height":0,"level":2,"lat":42.110737194373385,"lng":127.61273516787044,"radius":13129,"polygon_points":[[[127.664769024,42.2223410722],[127.57703684,42.2258145483],[127.583737682,42.1425087685],[127.546284099,42.1275355181],[127.531963938,42.1147808434],[127.522587221,42.0997107201],[127.518790067,42.0833534066],[127.51712485,42.0600612919],[127.522303679,42.0332892753],[127.532776298,42.0186270459],[127.566922292,41.9976631676],[127.638128734,42.1390005418],[127.664769024,42.2223410722]]],"shape":1}},"geometry":{"type":"Polygon","coordinates":[[[127.66477,42.22234],[127.57704,42.22581],[127.58374,42.14251],[127.54628,42.12754],[127.53196,42.11478],[127.52259,42.09971],[127.51879,42.08335],[127.51712,42.06006],[127.5223,42.03329],[127.53278,42.01863],[127.56692,41.99766],[127.63813,42.139],[127.66477,42.22234]]]}},{"type":"Feature","properties":{"id":"40025588_0","area_id":40025588,"name":"昭苏天马机场","level":2,"level_name":"Restricted Zones","type":"restricted","zone_type_id":10,"zone_type":"Airport","country":"CN","city":"","color":"#DE4329","height":0,"radius":13099,"shape":1,"begin_at":0,"end_at":0,"url":"","address":"","description":"","source":"dji-flysafe","_raw":{"color":"#DE4329","height":0,"level":2,"lat":43.11093787318165,"lng":81.2848644907055,"radius":13099,"polygon_points":[[[81.3305825292,43.1034201433],[81.4449218392,43.1260827403],[81.4086429762,43.1865947444],[81.3082010356,43.1407774256],[81.2703357217,43.1612216318],[81.2481906671,43.1650411278],[81.2036519087,43.159768279],[81.1585048299,43.1426833925],[81.143009028,43.1305327605],[81.1323562858,43.1158682958],[81.1280923983,43.0831034025],[81.3305825292,43.1034201433]]],"shape":1}},"geometry":{"type":"Polygon","coordinates":[[[81.33058,43.10342],[81.44492,43.12608],[81.40864,43.18659],[81.3082,43.14078],[81.27034,43.16122],[81.24819,43.16504],[81.20365,43.15977],[81.1585,43.14268],[81.14301,43.13053],[81.13236,43.11587],[81.12809,43.0831],[81.33058,43.10342]]]}},{"type":"Feature","properties":{"id":"40025588_1","area_id":40025588,"name":"昭苏天马机场","level":2,"level_name":"Restricted Zones","type":"restricted","zone_type_id":10,"zone_type":"Airport","country":"CN","city":"","color":"#DE4329","height":0,"radius":13098,"shape":1,"begin_at":0,"end_at":0,"url":"","address":"","description":"","source":"dji-flysafe","_raw":{"color":"#DE4329","height":0,"level":2,"lat":43.07542522169204,"lng":81.17390482280621,"radius":13098,"polygon_points":[[[81.0139841711,43.0603732158],[81.0502610302,42.9998702792],[81.1504259802,43.0458749542],[81.168243472,43.0333211705],[81.2103334364,43.0216375391],[81.2330269346,43.0221256022],[81.2787634468,43.0345569728],[81.3154322565,43.0560314178],[81.331316675,43.0868305637],[81.3305825292,43.1034201433],[81.1280923983,43.0831034025],[81.0139841711,43.0603732158]]],"shape":1}},"geometry":{"type":"Polygon","coordinates":[[[81.01398,43.06037],[81.05026,42.99987],[81.15043,43.04587],[81.16824,43.03332],[81.21033,43.02164],[81.23303,43.02213],[81.27876,43.03456],[81.31543,43.05603],[81.33132,43.08683],[81.33058,43.10342],[81.12809,43.0831],[81.01398,43.06037]]]}},{"type":"Feature","properties":{"id":"40047703_0","area_id":40047703,"name":"和静巴音布鲁克机场","level":2,"level_name":"Restricted Zones","type":"restricted","zone_type_id":10,"zone_type":"Airport","country":"CN","city":"","color":"#DE4329","height":0,"radius":13580,"shape":1,"begin_at":0,"end_at":0,"url":"","address":"","description":"","source":"dji-flysafe","_raw":{"color":"#DE4329","height":0,"level":2,"lat":42.99361009502684,"lng":84.0526188385111,"radius":13580,"polygon_points":[[[84.1037049478,42.9871216747],[84.2184362088,43.0080690253],[84.1839393152,43.0691134526],[84.0824236855,43.0248077481],[84.0452211532,43.045810841],[84.0232302572,43.049962698],[83.9786355257,43.0453611138],[83.9218907495,43.0255645186],[83.9060848576,43.0136498123],[83.895040927,42.9991488851],[83.8898623435,42.9664551706],[84.1037049478,42.9871216747]]],"shape":1}},"geometry":{"type":"Polygon","coordinates":[[[84.1037,42.98712],[84.21844,43.00807],[84.18394,43.06911],[84.08242,43.02481],[84.04522,43.04581],[84.02323,43.04996],[83.97864,43.04536],[83.92189,43.02556],[83.90608,43.01365],[83.89504,42.99915],[83.88986,42.96646],[84.1037,42.98712]]]}},{"type":"Feature","properties":{"id":"40047703_1","area_id":40047703,"name":"和静巴音布鲁克机场","level":2,"level_name":"Restricted Zones","type":"restricted","zone_type_id":10,"zone_type":"Airport","country":"CN","city":"","color":"#DE4329","height":0,"radius":13578,"shape":1,"begin_at":0,"end_at":0,"url":"","address":"","description":"","source":"dji-flysafe","_raw":{"color":"#DE4329","height":0,"level":2,"lat":42.95979910871098,"lng":83.9410383683332,"radius":13578,"polygon_points":[[[83.7753531419,42.9454482702],[83.8098513205,42.8844118675],[83.9111002715,42.9288982159],[83.9285285033,42.9160779266],[83.9702010299,42.90376376],[83.9928599404,42.9039104507],[84.0500604035,42.9190452175],[84.0872609743,42.939969382],[84.1039733002,42.9705245967],[84.1037049478,42.9871216747],[83.8898623435,42.9664551706],[83.7753531419,42.9454482702]]],"shape":1}},"geometry":{"type":"Polygon","coordinates":[[[83.77535,42.94545],[83.80985,42.88441],[83.9111,42.9289],[83.92853,42.91608],[83.9702,42.90376],[83.99286,42.90391],[84.05006,42.91905],[84.08726,42.93997],[84.10397,42.97052],[84.1037,42.98712],[83.88986,42.96646],[83.77535,42.94545]]]}},{"type":"Feature","properties":{"id":"32782_0","area_id":32782,"name":"交河","level":2,"level_name":"Restricted Zones","type":"restricted","zone_type_id":10,"zone_type":"Airport","country":"CN","city":"","color":"#DE4329","height":0,"radius":13208,"shape":1,"begin_at":0,"end_at":0,"url":"","address":"","description":"","source":"dji-flysafe","_raw":{"color":"#DE4329","height":0,"level":2,"lat":43.03072065617409,"lng":89.15911764976234,"radius":13208,"polygon_points":[[[89.3143218428,42.9956358974],[89.3143130623,43.0660358039],[89.1976553878,43.0510311094],[89.1789355254,43.0740008278],[89.1614211574,43.0845767203],[89.1183365497,43.0942325711],[89.08,43.0942326549],[89.0427704257,43.0876295603],[89.0239032413,43.0783767189],[88.9989700471,43.050964739],[89.1976128417,43.0089046091],[89.3143218428,42.9956358974]]],"shape":1}},"geometry":{"type":"Polygon","coordinates":[[[89.31432,42.99564],[89.31431,43.06604],[89.19766,43.05103],[89.17894,43.074],[89.16142,43.08458],[89.11834,43.09423],[89.08,43.09423],[89.04277,43.08763],[89.0239,43.07838],[88.99897,43.05096],[89.19761,43.0089],[89.31432,42.99564]]]}},{"type":"Feature","properties":{"id":"32782_1","area_id":32782,"name":"交河","level":2,"level_name":"Restricted Zones","type":"restricted","zone_type_id":10,"zone_type":"Airport","country":"CN","city":"","color":"#DE4329","height":0,"radius":13156,"shape":1,"begin_at":0,"end_at":0,"url":"","address":"","description":"","source":"dji-flysafe","_raw":{"color":"#DE4329","height":0,"level":2,"lat":43.030721560408786,"lng":89.03855556570493,"radius":13156,"polygon_points":[[[88.9989700471,43.050964739],[88.8840298096,43.0660405849],[88.8840210226,42.9956310423],[88.9990105222,43.0089696176],[89.018711657,42.9863403714],[89.0366274921,42.9761564103],[89.0575309031,42.9697082169],[89.1183333333,42.9674340117],[89.1523742162,42.973222971],[89.1715787759,42.9820596444],[89.1976128417,43.0089046091],[88.9989700471,43.050964739]]],"shape":1}},"geometry":{"type":"Polygon","coordinates":[[[88.99897,43.05096],[88.88403,43.06604],[88.88402,42.99563],[88.99901,43.00897],[89.01871,42.98634],[89.03663,42.97616],[89.05753,42.96971],[89.11833,42.96743],[89.15237,42.97322],[89.17158,42.98206],[89.19761,43.0089],[88.99897,43.05096]]]}},{"type":"Feature","properties":{"id":"1489_0","area_id":1489,"name":"Hami Airport","level":2,"level_name":"Restricted Zones","type":"restricted","zone_type_id":10,"zone_type":"Airport","country":"CN","city":"Hami","color":"#DE4329","height":0,"radius":13863,"shape":1,"begin_at":0,"end_at":0,"url":"","address":"","description":"","source":"dji-flysafe","_raw":{"color":"#DE4329","height":0,"level":2,"lat":42.82461726012961,"lng":93.72727050443945,"radius":13863,"polygon_points":[[[93.7605730404,42.7920025393],[93.8620554609,42.7487232187],[93.8965272927,42.8131692279],[93.7820547301,42.8321373704],[93.7814116186,42.8492517291],[93.7748602261,42.8651400102],[93.7629173675,42.8792429716],[93.7463948726,42.8905980022],[93.6617495634,42.9147658924],[93.6172889249,42.9099809085],[93.5820719503,42.8895433898],[93.7605730404,42.7920025393]]],"shape":1}},"geometry":{"type":"Polygon","coordinates":[[[93.76057,42.792],[93.86206,42.74872],[93.89653,42.81317],[93.78205,42.83214],[93.78141,42.84925],[93.77486,42.86514],[93.76292,42.87924],[93.74639,42.8906],[93.66175,42.91477],[93.61729,42.90998],[93.58207,42.88954],[93.76057,42.792]]]}},{"type":"Feature","properties":{"id":"1489_1","area_id":1489,"name":"Hami Airport","level":2,"level_name":"Restricted Zones","type":"restricted","zone_type_id":10,"zone_type":"Airport","country":"CN","city":"Hami","color":"#DE4329","height":0,"radius":13862,"shape":1,"begin_at":0,"end_at":0,"url":"","address":"","description":"","source":"dji-flysafe","_raw":{"color":"#DE4329","height":0,"level":2,"lat":42.85673548928168,"lng":93.61531181293651,"radius":13862,"polygon_points":[[[93.4804175489,42.932728898],[93.4459651047,42.8682763245],[93.5606702684,42.8494907906],[93.5613746419,42.8322713613],[93.5679917539,42.8163985107],[93.5799796305,42.8023216593],[93.616483941,42.7831993032],[93.6809906365,42.7668871008],[93.725357591,42.77162598],[93.7605730404,42.7920025393],[93.5820719503,42.8895433898],[93.4804175489,42.932728898]]],"shape":1}},"geometry":{"type":"Polygon","coordinates":[[[93.48042,42.93273],[93.44597,42.86828],[93.56067,42.84949],[93.56137,42.83227],[93.56799,42.8164],[93.57998,42.80232],[93.61648,42.7832],[93.68099,42.76689],[93.72536,42.77163],[93.76057,42.792],[93.58207,42.88954],[93.48042,42.93273]]]}},{"type":"Feature","properties":{"id":"9110_0","area_id":9110,"name":"Yanji Chaoyangchuan Airport","level":2,"level_name":"Restricted Zones","type":"restricted","zone_type_id":10,"zone_type":"Airport","country":"CN","city":"Yanji","color":"#DE4329","height":0,"radius":13170,"shape":1,"begin_at":0,"end_at":0,"url":"","address":"","description":"","source":"dji-flysafe","_raw":{"color":"#DE4329","height":0,"level":2,"lat":42.87175629925182,"lng":129.39295205131722,"radius":13170,"polygon_points":[[[129.350494299,42.8942028566],[129.233821825,42.8925832575],[129.24418619,42.8255580821],[129.359240267,42.8505375153],[129.383014848,42.8290868947],[129.402441752,42.820573067],[129.446832127,42.8157757574],[129.518360449,42.83325903],[129.547531956,42.8582745765],[129.554545953,42.8740566225],[129.350494299,42.8942028566]]],"shape":1}},"geometry":{"type":"Polygon","coordinates":[[[129.35049,42.8942],[129.23382,42.89258],[129.24419,42.82556],[129.35924,42.85054],[129.38301,42.82909],[129.40244,42.82057],[129.44683,42.81578],[129.51836,42.83326],[129.54753,42.85827],[129.55455,42.87406],[129.35049,42.8942]]]}},{"type":"Feature","properties":{"id":"9110_1","area_id":9110,"name":"Yanji Chaoyangchuan Airport","level":2,"level_name":"Restricted Zones","type":"restricted","zone_type_id":10,"zone_type":"Airport","country":"CN","city":"Yanji","color":"#DE4329","height":0,"radius":13133,"shape":1,"begin_at":0,"end_at":0,"url":"","address":"","description":"","source":"dji-flysafe","_raw":{"color":"#DE4329","height":0,"level":2,"lat":42.885360810218764,"lng":129.51125745834204,"radius":13133,"polygon_points":[[[129.671208094,42.8707715211],[129.655770283,42.9377923649],[129.544148785,42.9127750519],[129.517691775,42.9359318961],[129.49782957,42.943936625],[129.475810633,42.947901233],[129.421490994,42.9442234133],[129.387679148,42.9345327386],[129.370561128,42.9236512742],[129.357878661,42.9098949658],[129.350494299,42.8942028566],[129.554545953,42.8740566225],[129.671208094,42.8707715211]]],"shape":1}},"geometry":{"type":"Polygon","coordinates":[[[129.67121,42.87077],[129.65577,42.93779],[129.54415,42.91278],[129.51769,42.93593],[129.49783,42.94394],[129.47581,42.9479],[129.42149,42.94422],[129.38768,42.93453],[129.37056,42.92365],[129.35788,42.90989],[129.35049,42.8942],[129.55455,42.87406],[129.67121,42.87077]]]}},{"type":"Feature","properties":{"id":"32778_0","area_id":32778,"name":"那拉提","level":2,"level_name":"Restricted Zones","type":"restricted","zone_type_id":10,"zone_type":"Airport","country":"CN","city":"","color":"#DE4329","height":0,"radius":12951,"shape":1,"begin_at":0,"end_at":0,"url":"","address":"","description":"","source":"dji-flysafe","_raw":{"color":"#DE4329","height":0,"level":2,"lat":43.42852455945964,"lng":83.31647170325938,"radius":12951,"polygon_points":[[[83.2788804453,43.4459113438],[83.1605750412,43.4559784053],[83.1674393256,43.385588204],[83.2823978843,43.4072734417],[83.3054646928,43.3823628881],[83.3241886018,43.372860925],[83.3684001445,43.3657686912],[83.4363566084,43.3781311647],[83.4677541367,43.4018512484],[83.4760913329,43.4173050078],[83.2788804453,43.4459113438]]],"shape":1}},"geometry":{"type":"Polygon","coordinates":[[[83.27888,43.44591],[83.16058,43.45598],[83.16744,43.38559],[83.2824,43.40727],[83.30546,43.38236],[83.32419,43.37286],[83.3684,43.36577],[83.43636,43.37813],[83.46775,43.40185],[83.47609,43.41731],[83.27888,43.44591]]]}},{"type":"Feature","properties":{"id":"32778_1","area_id":32778,"name":"那拉提","level":2,"level_name":"Restricted Zones","type":"restricted","zone_type_id":10,"zone_type":"Airport","country":"CN","city":"","color":"#DE4329","height":0,"radius":12950,"shape":1,"begin_at":0,"end_at":0,"url":"","address":"","description":"","source":"dji-flysafe","_raw":{"color":"#DE4329","height":0,"level":2,"lat":43.434628133132506,"lng":83.4385225841319,"radius":12950,"polygon_points":[[[83.5944060004,43.4073444234],[83.587561005,43.4777455731],[83.4725765516,43.4594052496],[83.4503171262,43.4807208418],[83.4311718884,43.4898063094],[83.3865878797,43.495897427],[83.3582624495,43.4942311836],[83.3185269526,43.4851560221],[83.3006855425,43.4747683979],[83.2871633479,43.4613822064],[83.2788804453,43.4459113438],[83.4760913329,43.4173050078],[83.5944060004,43.4073444234]]],"shape":1}},"geometry":{"type":"Polygon","coordinates":[[[83.59441,43.40734],[83.58756,43.47775],[83.47258,43.45941],[83.45032,43.48072],[83.43117,43.48981],[83.38659,43.4959],[83.35826,43.49423],[83.31853,43.48516],[83.30069,43.47477],[83.28716,43.46138],[83.27888,43.44591],[83.47609,43.41731],[83.59441,43.40734]]]}},{"type":"Feature","properties":{"id":"32773_0","area_id":32773,"name":"赛乌素","level":2,"level_name":"Restricted Zones","type":"restricted","zone_type_id":10,"zone_type":"Airport","country":"CN","city":"","color":"#DE4329","height":0,"radius":13356,"shape":1,"begin_at":0,"end_at":0,"url":"","address":"","description":"","source":"dji-flysafe","_raw":{"color":"#DE4329","height":0,"level":2,"lat":43.44113233898583,"lng":112.03554989928236,"radius":13356,"polygon_points":[[[112.002808627,43.4678359826],[111.899492094,43.5095372905],[111.870247714,43.4459428419],[111.985218267,43.4309746629],[111.992714961,43.4026641467],[112.004645023,43.3885094666],[112.02120418,43.3770786661],[112.076244022,43.3574881421],[112.116688546,43.353732749],[112.138868517,43.3576590022],[112.175420084,43.3770799664],[112.002808627,43.4678359826]]],"shape":1}},"geometry":{"type":"Polygon","coordinates":[[[112.00281,43.46784],[111.89949,43.50954],[111.87025,43.44594],[111.98522,43.43097],[111.99271,43.40266],[112.00465,43.38851],[112.0212,43.37708],[112.07624,43.35749],[112.11669,43.35373],[112.13887,43.35766],[112.17542,43.37708],[112.00281,43.46784]]]}},{"type":"Feature","properties":{"id":"32773_1","area_id":32773,"name":"赛乌素","level":2,"level_name":"Restricted Zones","type":"restricted","zone_type_id":10,"zone_type":"Airport","country":"CN","city":"","color":"#DE4329","height":0,"radius":13174,"shape":1,"begin_at":0,"end_at":0,"url":"","address":"","description":"","source":"dji-flysafe","_raw":{"color":"#DE4329","height":0,"level":2,"lat":43.410149846564934,"lng":112.14533749677473,"radius":13174,"polygon_points":[[[112.275453607,43.3387849413],[112.308075188,43.4024001098],[112.193087343,43.4173879937],[112.185664883,43.4456046574],[112.173759975,43.4597754924],[112.137120209,43.4791701041],[112.102099947,43.487509257],[112.061603755,43.4912457752],[112.039380364,43.4873029531],[112.002808627,43.4678359826],[112.175420084,43.3770799664],[112.275453607,43.3387849413]]],"shape":1}},"geometry":{"type":"Polygon","coordinates":[[[112.27545,43.33878],[112.30808,43.4024],[112.19309,43.41739],[112.18566,43.4456],[112.17376,43.45978],[112.13712,43.47917],[112.1021,43.48751],[112.0616,43.49125],[112.03938,43.4873],[112.00281,43.46784],[112.17542,43.37708],[112.27545,43.33878]]]}},{"type":"Feature","properties":{"id":"7372_0","area_id":7372,"name":"Tongliao Airport","level":2,"level_name":"Restricted Zones","type":"restricted","zone_type_id":10,"zone_type":"Airport","country":"CN","city":"Tongliao","color":"#DE4329","height":0,"radius":13425,"shape":1,"begin_at":0,"end_at":0,"url":"","address":"","description":"","source":"dji-flysafe","_raw":{"color":"#DE4329","height":0,"level":2,"lat":43.51479866106008,"lng":122.18129075197831,"radius":13425,"polygon_points":[[[122.139088906,43.4924386823],[122.086660255,43.4155006028],[122.181153605,43.3940620604],[122.198369429,43.4790136904],[122.242100451,43.4867701564],[122.260586675,43.4965496747],[122.27496029,43.5094650007],[122.294448814,43.5482309829],[122.29725839,43.5808612019],[122.289862192,43.5965711599],[122.259836462,43.6212810602],[122.139088906,43.4924386823]]],"shape":1}},"geometry":{"type":"Polygon","coordinates":[[[122.13909,43.49244],[122.08666,43.4155],[122.18115,43.39406],[122.19837,43.47901],[122.2421,43.48677],[122.26059,43.49655],[122.27496,43.50947],[122.29445,43.54823],[122.29726,43.58086],[122.28986,43.59657],[122.25984,43.62128],[122.13909,43.49244]]]}},{"type":"Feature","properties":{"id":"7372_1","area_id":7372,"name":"Tongliao Airport","level":2,"level_name":"Restricted Zones","type":"restricted","zone_type_id":10,"zone_type":"Airport","country":"CN","city":"Tongliao","color":"#DE4329","height":0,"radius":13426,"shape":1,"begin_at":0,"end_at":0,"url":"","address":"","description":"","source":"dji-flysafe","_raw":{"color":"#DE4329","height":0,"level":2,"lat":43.59893714298385,"lng":122.21759157941281,"radius":13426,"polygon_points":[[[122.31252599,43.6982389444],[122.217639296,43.7196831951],[122.200345305,43.6347497171],[122.156368033,43.626914002],[122.137886705,43.6170900389],[122.11434482,43.5889366478],[122.104256966,43.565466937],[122.101569197,43.5327840852],[122.109024771,43.5170908272],[122.139088906,43.4924386823],[122.259836462,43.6212810602],[122.31252599,43.6982389444]]],"shape":1}},"geometry":{"type":"Polygon","coordinates":[[[122.31253,43.69824],[122.21764,43.71968],[122.20035,43.63475],[122.15637,43.62691],[122.13789,43.61709],[122.11434,43.58894],[122.10426,43.56547],[122.10157,43.53278],[122.10902,43.51709],[122.13909,43.49244],[122.25984,43.62128],[122.31253,43.69824]]]}},{"type":"Feature","properties":{"id":"9026_0","area_id":9026,"name":"Yining Airport","level":2,"level_name":"Restricted Zones","type":"restricted","zone_type_id":10,"zone_type":"Airport","country":"CN","city":"Yining","color":"#DE4329","height":0,"radius":13140,"shape":1,"begin_at":0,"end_at":0,"url":"","address":"","description":"","source":"dji-flysafe","_raw":{"color":"#DE4329","height":0,"level":2,"lat":43.93643855891383,"lng":81.27628791009141,"radius":13140,"polygon_points":[[[81.2300871221,43.9387804264],[81.1167450068,43.9088584744],[81.1614293771,43.8520859652],[81.2564616917,43.9020829751],[81.2957151895,43.8875862604],[81.3186514581,43.8860872],[81.3413458663,43.8889130855],[81.3855935173,43.9042088521],[81.4175017872,43.9237207247],[81.428489519,43.9383112847],[81.4332512834,43.9710447605],[81.2300871221,43.9387804264]]],"shape":1}},"geometry":{"type":"Polygon","coordinates":[[[81.23009,43.93878],[81.11675,43.90886],[81.16143,43.85209],[81.25646,43.90208],[81.29572,43.88759],[81.31865,43.88609],[81.34135,43.88891],[81.38559,43.90421],[81.4175,43.92372],[81.42849,43.93831],[81.43325,43.97104],[81.23009,43.93878]]]}},{"type":"Feature","properties":{"id":"9026_1","area_id":9026,"name":"Yining Airport","level":2,"level_name":"Restricted Zones","type":"restricted","zone_type_id":10,"zone_type":"Airport","country":"CN","city":"Yining","color":"#DE4329","height":0,"radius":13039,"shape":1,"begin_at":0,"end_at":0,"url":"","address":"","description":"","source":"dji-flysafe","_raw":{"color":"#DE4329","height":0,"level":2,"lat":43.9787962820811,"lng":81.3832173212383,"radius":13039,"polygon_points":[[[81.5432341474,44.0011064033],[81.4968340367,44.0629199594],[81.4052452404,44.0079132998],[81.3666205667,44.0245291769],[81.3437970594,44.0270170862],[81.2993664243,44.0191090202],[81.2437704911,43.9864368748],[81.2334143226,43.9716056342],[81.2287487122,43.9553506696],[81.2300871221,43.9387804264],[81.4332512834,43.9710447605],[81.5432341474,44.0011064033]]],"shape":1}},"geometry":{"type":"Polygon","coordinates":[[[81.54323,44.00111],[81.49683,44.06292],[81.40525,44.00791],[81.36662,44.02453],[81.3438,44.02702],[81.29937,44.01911],[81.24377,43.98644],[81.23341,43.97161],[81.22875,43.95535],[81.23009,43.93878],[81.43325,43.97104],[81.54323,44.00111]]]}},{"type":"Feature","properties":{"id":"33234_0","area_id":33234,"name":"花园","level":2,"level_name":"Restricted Zones","type":"restricted","zone_type_id":10,"zone_type":"Airport","country":"CN","city":"石河子","color":"#DE4329","height":0,"radius":13106,"shape":1,"begin_at":0,"end_at":0,"url":"","address":"","description":"","source":"dji-flysafe","_raw":{"color":"#DE4329","height":0,"level":2,"lat":44.244258427406045,"lng":85.95148928250859,"radius":13106,"polygon_points":[[[86.1042665929,44.2006000934],[86.1127896799,44.2676354282],[85.9910901603,44.2576543793],[85.9714539732,44.2833190222],[85.9538132179,44.2940912314],[85.9328731716,44.3012245531],[85.8800591012,44.3058983265],[85.8406674087,44.3023229956],[85.8201267791,44.2946173243],[85.7906861504,44.269338972],[85.9875742801,44.2155442893],[86.1042665929,44.2006000934]]],"shape":1}},"geometry":{"type":"Polygon","coordinates":[[[86.10427,44.2006],[86.11279,44.26764],[85.99109,44.25765],[85.97145,44.28332],[85.95381,44.29409],[85.93287,44.30122],[85.88006,44.3059],[85.84067,44.30232],[85.82013,44.29462],[85.79069,44.26934],[85.98757,44.21554],[86.10427,44.2006]]]}},{"type":"Feature","properties":{"id":"33234_1","area_id":33234,"name":"花园","level":2,"level_name":"Restricted Zones","type":"restricted","zone_type_id":10,"zone_type":"Airport","country":"CN","city":"石河子","color":"#DE4329","height":0,"radius":13104,"shape":1,"begin_at":0,"end_at":0,"url":"","address":"","description":"","source":"dji-flysafe","_raw":{"color":"#DE4329","height":0,"level":2,"lat":44.244896899599254,"lng":85.82827842697097,"radius":13104,"polygon_points":[[[85.7906861504,44.269338972],[85.6740701196,44.286068685],[85.6689400307,44.2156626391],[85.7905761983,44.2240128049],[85.810299768,44.1982973633],[85.8279368666,44.1875462353],[85.848848404,44.1804308832],[85.9016075672,44.1757683445],[85.9400425767,44.1808038334],[85.9599736216,44.1892435366],[85.9875742801,44.2155442893],[85.7906861504,44.269338972]]],"shape":1}},"geometry":{"type":"Polygon","coordinates":[[[85.79069,44.26934],[85.67407,44.28607],[85.66894,44.21566],[85.79058,44.22401],[85.8103,44.1983],[85.82794,44.18755],[85.84885,44.18043],[85.90161,44.17577],[85.94004,44.1808],[85.95997,44.18924],[85.98757,44.21554],[85.79069,44.26934]]]}},{"type":"Feature","properties":{"id":"1466_0","area_id":1466,"name":"乌鲁木齐地窝堡国际机场","level":2,"level_name":"Restricted Zones","type":"restricted","zone_type_id":10,"zone_type":"Airport","country":"CN","city":"Hailar","color":"#DE4329","height":0,"radius":13691,"shape":1,"begin_at":0,"end_at":0,"url":"","address":"","description":"","source":"dji-flysafe","_raw":{"color":"#DE4329","height":0,"level":2,"lat":43.899538376134686,"lng":87.41416883753851,"radius":13691,"polygon_points":[[[87.3619538764,43.9040374738],[87.2435792604,43.8923994242],[87.2727748654,43.8304738117],[87.3777410655,43.8671488981],[87.409978326,43.8448130645],[87.4313619771,43.8386787255],[87.4769876871,43.8391309062],[87.5203543743,43.8491377541],[87.556064181,43.8634275094],[87.5806658504,43.8911539139],[87.5847104087,43.9074942977],[87.3619538764,43.9040374738]]],"shape":1}},"geometry":{"type":"Polygon","coordinates":[[[87.36195,43.90404],[87.24358,43.8924],[87.27277,43.83047],[87.37774,43.86715],[87.40998,43.84481],[87.43136,43.83868],[87.47699,43.83913],[87.52035,43.84914],[87.55606,43.86343],[87.58067,43.89115],[87.58471,43.90749],[87.36195,43.90404]]]}},{"type":"Feature","properties":{"id":"1466_1","area_id":1466,"name":"乌鲁木齐地窝堡国际机场","level":2,"level_name":"Restricted Zones","type":"restricted","zone_type_id":10,"zone_type":"Airport","country":"CN","city":"Hailar","color":"#DE4329","height":0,"radius":13651,"shape":1,"begin_at":0,"end_at":0,"url":"","address":"","description":"","source":"dji-flysafe","_raw":{"color":"#DE4329","height":0,"level":2,"lat":43.91939373211563,"lng":87.53102917060416,"radius":13651,"polygon_points":[[[87.7014116326,43.9225907672],[87.6755860704,43.9845196631],[87.5672407536,43.9478559376],[87.5368676001,43.9674505537],[87.5153365908,43.9733987289],[87.4923980095,43.9751291637],[87.4263210023,43.9658642224],[87.3871830432,43.9491813167],[87.3733328082,43.9359130297],[87.3619538764,43.9040374738],[87.5847104087,43.9074942977],[87.7014116326,43.9225907672]]],"shape":1}},"geometry":{"type":"Polygon","coordinates":[[[87.70141,43.92259],[87.67559,43.98452],[87.56724,43.94786],[87.53687,43.96745],[87.51534,43.9734],[87.4924,43.97513],[87.42632,43.96586],[87.38718,43.94918],[87.37333,43.93591],[87.36195,43.90404],[87.58471,43.90749],[87.70141,43.92259]]]}},{"type":"Feature","properties":{"id":"40045020_0","area_id":40045020,"name":"奇台江布拉克机场","level":2,"level_name":"Restricted Zones","type":"restricted","zone_type_id":10,"zone_type":"Airport","country":"CN","city":"","color":"#DE4329","height":0,"radius":13474,"shape":1,"begin_at":0,"end_at":0,"url":"","address":"","description":"","source":"dji-flysafe","_raw":{"color":"#DE4329","height":0,"level":2,"lat":44.16592233506809,"lng":89.49154328771915,"radius":13474,"polygon_points":[[[89.4481815889,44.1863714526],[89.3289750414,44.1989922104],[89.3290316761,44.1329394922],[89.4482181262,44.1457258539],[89.457863152,44.128960073],[89.4906288986,44.1059405204],[89.5350200443,44.0977515526],[89.5962381984,44.1001371],[89.6356385072,44.1169564269],[89.649484887,44.1302495944],[89.6580715908,44.1456614937],[89.4481815889,44.1863714526]]],"shape":1}},"geometry":{"type":"Polygon","coordinates":[[[89.44818,44.18637],[89.32898,44.19899],[89.32903,44.13294],[89.44822,44.14573],[89.45786,44.12896],[89.49063,44.10594],[89.53502,44.09775],[89.59624,44.10014],[89.63564,44.11696],[89.64948,44.13025],[89.65807,44.14566],[89.44818,44.18637]]]}},{"type":"Feature","properties":{"id":"40045020_1","area_id":40045020,"name":"奇台江布拉克机场","level":2,"level_name":"Restricted Zones","type":"restricted","zone_type_id":10,"zone_type":"Airport","country":"CN","city":"","color":"#DE4329","height":0,"radius":13476,"shape":1,"begin_at":0,"end_at":0,"url":"","address":"","description":"","source":"dji-flysafe","_raw":{"color":"#DE4329","height":0,"level":2,"lat":44.16588363743685,"lng":89.61473480674634,"radius":13476,"polygon_points":[[[89.777284688,44.1329422646],[89.777308592,44.1989949837],[89.6580832798,44.1864359233],[89.64850904,44.20315872],[89.6157537488,44.2262254283],[89.5712780331,44.2344484341],[89.5099148112,44.232028725],[89.4705017224,44.2151323371],[89.4566980473,44.2018057149],[89.4481815889,44.1863714526],[89.6580715908,44.1456614937],[89.777284688,44.1329422646]]],"shape":1}},"geometry":{"type":"Polygon","coordinates":[[[89.77728,44.13294],[89.77731,44.19899],[89.65808,44.18644],[89.64851,44.20316],[89.61575,44.22623],[89.57128,44.23445],[89.50991,44.23203],[89.4705,44.21513],[89.4567,44.20181],[89.44818,44.18637],[89.65807,44.14566],[89.77728,44.13294]]]}},{"type":"Feature","properties":{"id":"7772_0","area_id":7772,"name":"Xilinhot Airport","level":2,"level_name":"Restricted Zones","type":"restricted","zone_type_id":10,"zone_type":"Airport","country":"CN","city":"Xilinhot","color":"#DE4329","height":0,"radius":13326,"shape":1,"begin_at":0,"end_at":0,"url":"","address":"","description":"","source":"dji-flysafe","_raw":{"color":"#DE4329","height":0,"level":2,"lat":43.8727716109,"lng":115.93190687843617,"radius":13326,"polygon_points":[[[115.886657473,43.8547625447],[115.816606814,43.7864887264],[115.897431168,43.7555351668],[115.934057054,43.835520942],[115.95711141,43.8347784176],[116.000006291,43.8460041416],[116.016997243,43.8572010395],[116.046086003,43.8912236493],[116.058394329,43.9210857511],[116.05633077,43.9376173226],[116.035118446,43.9667724758],[115.886657473,43.8547625447]]],"shape":1}},"geometry":{"type":"Polygon","coordinates":[[[115.88666,43.85476],[115.81661,43.78649],[115.89743,43.75554],[115.93406,43.83552],[115.95711,43.83478],[116.00001,43.846],[116.017,43.8572],[116.04609,43.89122],[116.05839,43.92109],[116.05633,43.93762],[116.03512,43.96677],[115.88666,43.85476]]]}},{"type":"Feature","properties":{"id":"7772_1","area_id":7772,"name":"Xilinhot Airport","level":2,"level_name":"Restricted Zones","type":"restricted","zone_type_id":10,"zone_type":"Airport","country":"CN","city":"Xilinhot","color":"#DE4329","height":0,"radius":13378,"shape":1,"begin_at":0,"end_at":0,"url":"","address":"","description":"","source":"dji-flysafe","_raw":{"color":"#DE4329","height":0,"level":2,"lat":43.953297419270285,"lng":115.98248988054229,"radius":13378,"polygon_points":[[[116.105072298,44.0351492993],[116.025956511,44.0694843558],[115.984265477,43.9861427578],[115.942221464,43.9852929875],[115.920972,43.9788345681],[115.888873438,43.9553930958],[115.863070536,43.916029848],[115.860269567,43.8995547362],[115.863481659,43.8831187031],[115.886657473,43.8547625447],[116.035118446,43.9667724758],[116.105072298,44.0351492993]]],"shape":1}},"geometry":{"type":"Polygon","coordinates":[[[116.10507,44.03515],[116.02596,44.06948],[115.98427,43.98614],[115.94222,43.98529],[115.92097,43.97883],[115.88887,43.95539],[115.86307,43.91603],[115.86027,43.89955],[115.86348,43.88312],[115.88666,43.85476],[116.03512,43.96677],[116.10507,44.03515]]]}},{"type":"Feature","properties":{"id":"1793_0","area_id":1793,"name":"Longjia Airport","level":2,"level_name":"Restricted Zones","type":"restricted","zone_type_id":10,"zone_type":"Airport","country":"CN","city":"Changchun Shi","color":"#DE4329","height":0,"radius":13562,"shape":1,"begin_at":0,"end_at":0,"url":"","address":"","description":"","source":"dji-flysafe","_raw":{"color":"#DE4329","height":0,"level":2,"lat":43.969382466436215,"lng":125.63901119583566,"radius":13562,"polygon_points":[[[125.588328566,43.9618827082],[125.484970018,43.9186359462],[125.546812857,43.8670787021],[125.623475015,43.9320784242],[125.663636227,43.9232475356],[125.686617318,43.9244800885],[125.708375727,43.929950476],[125.757471519,43.9559788526],[125.785684262,43.9826671915],[125.791249055,44.0153353237],[125.78507479,44.0313287933],[125.588328566,43.9618827082]]],"shape":1}},"geometry":{"type":"Polygon","coordinates":[[[125.58833,43.96188],[125.48497,43.91864],[125.54681,43.86708],[125.62348,43.93208],[125.66364,43.92325],[125.68662,43.92448],[125.70838,43.92995],[125.75747,43.95598],[125.78568,43.98267],[125.79125,44.01534],[125.78507,44.03133],[125.58833,43.96188]]]}},{"type":"Feature","properties":{"id":"1793_1","area_id":1793,"name":"Longjia Airport","level":2,"level_name":"Restricted Zones","type":"restricted","zone_type_id":10,"zone_type":"Airport","country":"CN","city":"Changchun Shi","color":"#DE4329","height":0,"radius":13545,"shape":1,"begin_at":0,"end_at":0,"url":"","address":"","description":"","source":"dji-flysafe","_raw":{"color":"#DE4329","height":0,"level":2,"lat":44.02572634013472,"lng":125.73254447671886,"radius":13545,"polygon_points":[[[125.886702169,44.0763669565],[125.824841766,44.1279205834],[125.746547035,44.0629227787],[125.704508886,44.0721922345],[125.681489444,44.0707892122],[125.659763212,44.0651491938],[125.610853856,44.0373502947],[125.585067801,44.0104896959],[125.580178146,43.9942683836],[125.588328566,43.9618827082],[125.78507479,44.0313287933],[125.886702169,44.0763669565]]],"shape":1}},"geometry":{"type":"Polygon","coordinates":[[[125.8867,44.07637],[125.82484,44.12792],[125.74655,44.06292],[125.70451,44.07219],[125.68149,44.07079],[125.65976,44.06515],[125.61085,44.03735],[125.58507,44.01049],[125.58018,43.99427],[125.58833,43.96188],[125.78507,44.03133],[125.8867,44.07637]]]}},{"type":"Feature","properties":{"id":"32772_0","area_id":32772,"name":"阿拉山口","level":2,"level_name":"Restricted Zones","type":"restricted","zone_type_id":10,"zone_type":"Airport","country":"CN","city":"","color":"#DE4329","height":0,"radius":13145,"shape":1,"begin_at":0,"end_at":0,"url":"","address":"","description":"","source":"dji-flysafe","_raw":{"color":"#DE4329","height":0,"level":2,"lat":44.906532005328515,"lng":82.2413593900333,"radius":13145,"polygon_points":[[[82.2042074332,44.9310912335],[82.090883773,44.957797281],[82.0753792219,44.8941320136],[82.1953625147,44.8874780709],[82.2105390388,44.8589507669],[82.2262110731,44.8466193377],[82.2681041382,44.8324488898],[82.3014424244,44.8307815176],[82.3376028194,44.831066831],[82.3596314123,44.836676207],[82.3940036037,44.8587978664],[82.2042074332,44.9310912335]]],"shape":1}},"geometry":{"type":"Polygon","coordinates":[[[82.20421,44.93109],[82.09088,44.9578],[82.07538,44.89413],[82.19536,44.88748],[82.21054,44.85895],[82.22621,44.84662],[82.2681,44.83245],[82.30144,44.83078],[82.3376,44.83107],[82.35963,44.83668],[82.394,44.8588],[82.20421,44.93109]]]}},{"type":"Feature","properties":{"id":"32772_1","area_id":32772,"name":"阿拉山口","level":2,"level_name":"Restricted Zones","type":"restricted","zone_type_id":10,"zone_type":"Airport","country":"CN","city":"","color":"#DE4329","height":0,"radius":13166,"shape":1,"begin_at":0,"end_at":0,"url":"","address":"","description":"","source":"dji-flysafe","_raw":{"color":"#DE4329","height":0,"level":2,"lat":44.88738205983564,"lng":82.3595966924481,"radius":13166,"polygon_points":[[[82.5073890165,44.8321832073],[82.5263144806,44.8958474221],[82.4079606451,44.9025298911],[82.3919094201,44.9317948761],[82.356010786,44.9527132043],[82.3335736377,44.9575499906],[82.2599221967,44.9596064145],[82.2380038241,44.9536962076],[82.2190000073,44.9439696201],[82.2042074332,44.9310912335],[82.3940036037,44.8587978664],[82.5073890165,44.8321832073]]],"shape":1}},"geometry":{"type":"Polygon","coordinates":[[[82.50739,44.83218],[82.52631,44.89585],[82.40796,44.90253],[82.39191,44.93179],[82.35601,44.95271],[82.33357,44.95755],[82.25992,44.95961],[82.238,44.9537],[82.219,44.94397],[82.20421,44.93109],[82.394,44.8588],[82.50739,44.83218]]]}},{"type":"Feature","properties":{"id":"6286_0","area_id":6286,"name":"Mudanjiang Hailang International Airport","level":2,"level_name":"Restricted Zones","type":"restricted","zone_type_id":10,"zone_type":"Airport","country":"CN","city":"Mudanjiang Shi","color":"#DE4329","height":0,"radius":13092,"shape":1,"begin_at":0,"end_at":0,"url":"","address":"","description":"","source":"dji-flysafe","_raw":{"color":"#DE4329","height":0,"level":2,"lat":44.56717968747633,"lng":129.59275478777386,"radius":13092,"polygon_points":[[[129.710089177,44.65015775],[129.624169826,44.6827787776],[129.585837773,44.6011121533],[129.541933012,44.5965412263],[129.521793834,44.5881852226],[129.493822959,44.5619889557],[129.482210401,44.5437435108],[129.472894808,44.514449342],[129.476291468,44.4980288222],[129.499969823,44.4697826],[129.65558329,44.5684964438],[129.641783883,44.5818709678],[129.710089177,44.65015775]]],"shape":1}},"geometry":{"type":"Polygon","coordinates":[[[129.71009,44.65016],[129.62417,44.68278],[129.58584,44.60111],[129.54193,44.59654],[129.52179,44.58819],[129.49382,44.56199],[129.48221,44.54374],[129.47289,44.51445],[129.47629,44.49803],[129.49997,44.46978],[129.65558,44.5685],[129.64178,44.58187],[129.71009,44.65016]]]}},{"type":"Feature","properties":{"id":"6286_1","area_id":6286,"name":"Mudanjiang Hailang International Airport","level":2,"level_name":"Restricted Zones","type":"restricted","zone_type_id":10,"zone_type":"Airport","country":"CN","city":"Mudanjiang Shi","color":"#DE4329","height":0,"radius":13055,"shape":1,"begin_at":0,"end_at":0,"url":"","address":"","description":"","source":"dji-flysafe","_raw":{"color":"#DE4329","height":0,"level":2,"lat":44.48252723374147,"lng":129.5434254401845,"radius":13055,"polygon_points":[[[129.499969823,44.4697826],[129.431597862,44.3964485889],[129.514126425,44.3672091579],[129.552483745,44.4488842112],[129.593712778,44.4519964219],[129.614436922,44.45952484],[129.644418441,44.4845348956],[129.666604639,44.5365347869],[129.66404792,44.5530327021],[129.65558329,44.5684964438],[129.499969823,44.4697826]]],"shape":1}},"geometry":{"type":"Polygon","coordinates":[[[129.49997,44.46978],[129.4316,44.39645],[129.51413,44.36721],[129.55248,44.44888],[129.59371,44.452],[129.61444,44.45952],[129.64442,44.48453],[129.6666,44.53653],[129.66405,44.55303],[129.65558,44.5685],[129.49997,44.46978]]]}},{"type":"Feature","properties":{"id":"40047709_0","area_id":40047709,"name":"绥芬河东宁机场","level":2,"level_name":"Restricted Zones","type":"restricted","zone_type_id":10,"zone_type":"Airport","country":"CN","city":"","color":"#DE4329","height":0,"radius":13338,"shape":1,"begin_at":0,"end_at":0,"url":"","address":"","description":"","source":"dji-flysafe","_raw":{"color":"#DE4329","height":0,"level":2,"lat":44.430507202928375,"lng":130.89602215860285,"radius":13338,"polygon_points":[[[130.916365775,44.3975268254],[131.008411586,44.3414047341],[131.05744033,44.3974028464],[130.946635809,44.4320755397],[130.950901487,44.4498425655],[130.94850227,44.4663522289],[130.940194505,44.4818557318],[130.908469502,44.505753468],[130.857346908,44.5257240915],[130.811191563,44.5263968079],[130.770765137,44.5105113305],[130.916365775,44.3975268254]]],"shape":1}},"geometry":{"type":"Polygon","coordinates":[[[130.91637,44.39753],[131.00841,44.3414],[131.05744,44.3974],[130.94664,44.43208],[130.9509,44.44984],[130.9485,44.46635],[130.94019,44.48186],[130.90847,44.50575],[130.85735,44.52572],[130.81119,44.5264],[130.77077,44.51051],[130.91637,44.39753]]]}},{"type":"Feature","properties":{"id":"40047709_1","area_id":40047709,"name":"绥芬河东宁机场","level":2,"level_name":"Restricted Zones","type":"restricted","zone_type_id":10,"zone_type":"Airport","country":"CN","city":"","color":"#DE4329","height":0,"radius":13337,"shape":1,"begin_at":0,"end_at":0,"url":"","address":"","description":"","source":"dji-flysafe","_raw":{"color":"#DE4329","height":0,"level":2,"lat":44.47734910025854,"lng":130.79097367474353,"radius":13337,"polygon_points":[[[130.678478903,44.5665367216],[130.629380794,44.510527415],[130.740553797,44.4760284541],[130.736328528,44.4581290032],[130.738817386,44.4416261288],[130.747200999,44.4261450226],[130.778992016,44.4023214005],[130.82994105,44.3824093291],[130.875981707,44.3817020971],[130.916365775,44.3975268254],[130.770765137,44.5105113305],[130.678478903,44.5665367216]]],"shape":1}},"geometry":{"type":"Polygon","coordinates":[[[130.67848,44.56654],[130.62938,44.51053],[130.74055,44.47603],[130.73633,44.45813],[130.73882,44.44163],[130.7472,44.42615],[130.77899,44.40232],[130.82994,44.38241],[130.87598,44.3817],[130.91637,44.39753],[130.77077,44.51051],[130.67848,44.56654]]]}},{"type":"Feature","properties":{"id":"5095_0","area_id":5095,"name":"Karamay Airport","level":2,"level_name":"Restricted Zones","type":"restricted","zone_type_id":10,"zone_type":"Airport","country":"CN","city":"Karamay","color":"#DE4329","height":0,"radius":13154,"shape":1,"begin_at":0,"end_at":0,"url":"","address":"","description":"","source":"dji-flysafe","_raw":{"color":"#DE4329","height":0,"level":2,"lat":45.49889513891765,"lng":84.91146263502414,"radius":13154,"polygon_points":[[[84.9070256894,45.5345508208],[84.8404175007,45.6062247026],[84.7682111997,45.5615375695],[84.8598782459,45.5065472422],[84.8499932238,45.4800109626],[84.8521891013,45.4634843082],[84.8740798839,45.4343744709],[84.8973792169,45.4160664788],[84.9319432345,45.3985479431],[84.9784399494,45.3943984048],[85.0012471547,45.3987593139],[84.9070256894,45.5345508208]]],"shape":1}},"geometry":{"type":"Polygon","coordinates":[[[84.90703,45.53455],[84.84042,45.60622],[84.76821,45.56154],[84.85988,45.50655],[84.84999,45.48001],[84.85219,45.46348],[84.87408,45.43437],[84.89738,45.41607],[84.93194,45.39855],[84.97844,45.3944],[85.00125,45.39876],[84.90703,45.53455]]]}},{"type":"Feature","properties":{"id":"5095_1","area_id":5095,"name":"Karamay Airport","level":2,"level_name":"Restricted Zones","type":"restricted","zone_type_id":10,"zone_type":"Airport","country":"CN","city":"Karamay","color":"#DE4329","height":0,"radius":13296,"shape":1,"begin_at":0,"end_at":0,"url":"","address":"","description":"","source":"dji-flysafe","_raw":{"color":"#DE4329","height":0,"level":2,"lat":45.429185188591525,"lng":84.98766284881908,"radius":13296,"polygon_points":[[[85.0679994319,45.3237630305],[85.1367770363,45.3718302723],[85.0434516892,45.4267923051],[85.0567908102,45.4561809174],[85.0551944407,45.4727413522],[85.0475377085,45.4884474178],[85.0343382181,45.5022276367],[84.9764971915,45.5347284832],[84.9535876235,45.5389705138],[84.9070256894,45.5345508208],[85.0012471547,45.3987593139],[85.0679994319,45.3237630305]]],"shape":1}},"geometry":{"type":"Polygon","coordinates":[[[85.068,45.32376],[85.13678,45.37183],[85.04345,45.42679],[85.05679,45.45618],[85.05519,45.47274],[85.04754,45.48845],[85.03434,45.50223],[84.9765,45.53473],[84.95359,45.53897],[84.90703,45.53455],[85.00125,45.39876],[85.068,45.32376]]]}},{"type":"Feature","properties":{"id":"33206_0","area_id":33206,"name":"长安","level":2,"level_name":"Restricted Zones","type":"restricted","zone_type_id":10,"zone_type":"Airport","country":"CN","city":"白城","color":"#DE4329","height":0,"radius":13008,"shape":1,"begin_at":0,"end_at":0,"url":"","address":"","description":"","source":"dji-flysafe","_raw":{"color":"#DE4329","height":0,"level":2,"lat":45.477088240041034,"lng":122.97017943287202,"radius":13008,"polygon_points":[[[122.91836775,45.4854224398],[122.808334067,45.4488015934],[122.858221955,45.3904100483],[122.951582823,45.450408991],[122.986932681,45.4375975163],[123.01040265,45.4355289979],[123.033836845,45.4377886148],[123.085704637,45.45591535],[123.114035612,45.477780263],[123.122651312,45.4932403854],[123.12170355,45.5261461612],[122.91836775,45.4854224398]]],"shape":1}},"geometry":{"type":"Polygon","coordinates":[[[122.91837,45.48542],[122.80833,45.4488],[122.85822,45.39041],[122.95158,45.45041],[122.98693,45.4376],[123.0104,45.43553],[123.03384,45.43779],[123.0857,45.45592],[123.11404,45.47778],[123.12265,45.49324],[123.1217,45.52615],[122.91837,45.48542]]]}},{"type":"Feature","properties":{"id":"33206_1","area_id":33206,"name":"长安","level":2,"level_name":"Restricted Zones","type":"restricted","zone_type_id":10,"zone_type":"Airport","country":"CN","city":"白城","color":"#DE4329","height":0,"radius":12931,"shape":1,"begin_at":0,"end_at":0,"url":"","address":"","description":"","source":"dji-flysafe","_raw":{"color":"#DE4329","height":0,"level":2,"lat":45.52971133755508,"lng":123.07181336325544,"radius":12931,"polygon_points":[[[123.231671441,45.5612022056],[123.180087044,45.617924244],[123.088373938,45.5612587292],[123.052638186,45.5727805152],[123.029005878,45.5741399084],[123.00567777,45.5711666962],[122.957645374,45.5524260712],[122.93054084,45.5333324485],[122.920491896,45.5183012284],[122.91836775,45.4854224398],[123.12170355,45.5261461612],[123.231671441,45.5612022056]]],"shape":1}},"geometry":{"type":"Polygon","coordinates":[[[123.23167,45.5612],[123.18009,45.61792],[123.08837,45.56126],[123.05264,45.57278],[123.02901,45.57414],[123.00568,45.57117],[122.95765,45.55243],[122.93054,45.53333],[122.92049,45.5183],[122.91837,45.48542],[123.1217,45.52615],[123.23167,45.5612]]]}},{"type":"Feature","properties":{"id":"32770_0","area_id":32770,"name":"兴凯湖","level":2,"level_name":"Restricted Zones","type":"restricted","zone_type_id":10,"zone_type":"Airport","country":"CN","city":"","color":"#DE4329","height":0,"radius":12954,"shape":1,"begin_at":0,"end_at":0,"url":"","address":"","description":"","source":"dji-flysafe","_raw":{"color":"#DE4329","height":0,"level":2,"lat":45.3064266238262,"lng":131.13193207275367,"radius":12954,"polygon_points":[[[131.10948907,45.3361731602],[131.002896957,45.3795545027],[130.966827651,45.3159853567],[131.086821083,45.2993264143],[131.095259741,45.2703592926],[131.107937965,45.2563638761],[131.125323748,45.2451526454],[131.174575823,45.227485081],[131.21828004,45.2248657757],[131.2408564,45.2296278195],[131.277103405,45.2504079141],[131.10948907,45.3361731602]]],"shape":1}},"geometry":{"type":"Polygon","coordinates":[[[131.10949,45.33617],[131.0029,45.37955],[130.96683,45.31599],[131.08682,45.29933],[131.09526,45.27036],[131.10794,45.25636],[131.12532,45.24515],[131.17458,45.22749],[131.21828,45.22487],[131.24086,45.22963],[131.2771,45.25041],[131.10949,45.33617]]]}},{"type":"Feature","properties":{"id":"32770_1","area_id":32770,"name":"兴凯湖","level":2,"level_name":"Restricted Zones","type":"restricted","zone_type_id":10,"zone_type":"Airport","country":"CN","city":"","color":"#DE4329","height":0,"radius":12952,"shape":1,"begin_at":0,"end_at":0,"url":"","address":"","description":"","source":"dji-flysafe","_raw":{"color":"#DE4329","height":0,"level":2,"lat":45.280098035092074,"lng":131.25465843744834,"radius":12952,"polygon_points":[[[131.385468225,45.2087849316],[131.419824052,45.2723628255],[131.299817972,45.2873696409],[131.297986703,45.3054811318],[131.289998904,45.321099965],[131.258492578,45.3454450012],[131.23712019,45.3525085793],[131.170179622,45.3596004117],[131.147236608,45.3556512287],[131.10948907,45.3361731602],[131.277103405,45.2504079141],[131.385468225,45.2087849316]]],"shape":1}},"geometry":{"type":"Polygon","coordinates":[[[131.38547,45.20878],[131.41982,45.27236],[131.29982,45.28737],[131.29799,45.30548],[131.29,45.3211],[131.25849,45.34545],[131.23712,45.35251],[131.17018,45.3596],[131.14724,45.35565],[131.10949,45.33617],[131.2771,45.25041],[131.38547,45.20878]]]}},{"type":"Feature","properties":{"id":"1469_0","area_id":1469,"name":"Ulanhot Airport","level":2,"level_name":"Restricted Zones","type":"restricted","zone_type_id":10,"zone_type":"Airport","country":"CN","city":"Hinggan","color":"#DE4329","height":0,"radius":13045,"shape":1,"begin_at":0,"end_at":0,"url":"","address":"","description":"","source":"dji-flysafe","_raw":{"color":"#DE4329","height":0,"level":2,"lat":46.17652702368325,"lng":122.04969694580001,"radius":13045,"polygon_points":[[[122.153303751,46.083741117],[122.210050514,46.138744955],[122.103389834,46.1754017973],[122.106231953,46.2043453264],[122.099299223,46.2202351598],[122.086653604,46.2343408323],[122.040739519,46.2624065164],[121.997322926,46.2735676961],[121.973320626,46.2730723274],[121.929907244,46.259562633],[122.068281339,46.1437115896],[122.153303751,46.083741117]]],"shape":1}},"geometry":{"type":"Polygon","coordinates":[[[122.1533,46.08374],[122.21005,46.13874],[122.10339,46.1754],[122.10623,46.20435],[122.0993,46.22024],[122.08665,46.23434],[122.04074,46.26241],[121.99732,46.27357],[121.97332,46.27307],[121.92991,46.25956],[122.06828,46.14371],[122.1533,46.08374]]]}},{"type":"Feature","properties":{"id":"1469_1","area_id":1469,"name":"Ulanhot Airport","level":2,"level_name":"Restricted Zones","type":"restricted","zone_type_id":10,"zone_type":"Airport","country":"CN","city":"Hinggan","color":"#DE4329","height":0,"radius":13101,"shape":1,"begin_at":0,"end_at":0,"url":"","address":"","description":"","source":"dji-flysafe","_raw":{"color":"#DE4329","height":0,"level":2,"lat":46.22517703255137,"lng":121.94532621637607,"radius":13101,"polygon_points":[[[121.929907244,46.259562633],[121.843347969,46.319592343],[121.786585806,46.267978578],[121.89494108,46.2279330967],[121.890323992,46.2106683105],[121.900575513,46.178529939],[121.914303655,46.164923923],[121.957562646,46.1409430454],[122.001009848,46.1297410204],[122.02494975,46.130233176],[122.068281339,46.1437115896],[121.929907244,46.259562633]]],"shape":1}},"geometry":{"type":"Polygon","coordinates":[[[121.92991,46.25956],[121.84335,46.31959],[121.78659,46.26798],[121.89494,46.22793],[121.89032,46.21067],[121.90058,46.17853],[121.9143,46.16492],[121.95756,46.14094],[122.00101,46.12974],[122.02495,46.13023],[122.06828,46.14371],[121.92991,46.25956]]]}},{"type":"Feature","properties":{"id":"31514_0","area_id":31514,"name":"Harbin Taiping International Airport","level":2,"level_name":"Restricted Zones","type":"restricted","zone_type_id":10,"zone_type":"Airport","country":"CN","city":"Harbin","color":"#DE4329","height":0,"radius":18383,"shape":1,"begin_at":0,"end_at":0,"url":"","address":"","description":"","source":"dji-flysafe","_raw":{"color":"#DE4329","height":0,"level":2,"lat":45.62333837336653,"lng":126.25056535693004,"radius":18383,"polygon_points":[[[126.08130935723057,45.51074095690119],[126.39589553449925,45.70451089095264],[126.433180055,45.7284737469],[126.359577664,45.7699865512],[126.296690229,45.6955442173],[126.248050082,45.7009474947],[126.22500938,45.6968805904],[126.187237193,45.6772090662],[126.148293807,45.6395898862],[126.14467495121971,45.630467815317274],[126.132254733,45.6198365468],[126.112196813,45.5884350917],[126.111832858,45.5718388074],[126.12262425801056,45.55276821375144],[126.068635241,45.5179131416],[126.08130935723057,45.51074095690119]]],"shape":1}},"geometry":{"type":"Polygon","coordinates":[[[126.08131,45.51074],[126.3959,45.70451],[126.43318,45.72847],[126.35958,45.76999],[126.29669,45.69554],[126.24805,45.70095],[126.22501,45.69688],[126.18724,45.67721],[126.14829,45.63959],[126.14467,45.63047],[126.13225,45.61984],[126.1122,45.58844],[126.11183,45.57184],[126.12262,45.55277],[126.06864,45.51791],[126.08131,45.51074]]]}},{"type":"Feature","properties":{"id":"31514_1","area_id":31514,"name":"Harbin Taiping International Airport","level":2,"level_name":"Restricted Zones","type":"restricted","zone_type_id":10,"zone_type":"Airport","country":"CN","city":"Harbin","color":"#DE4329","height":0,"radius":18711,"shape":1,"begin_at":0,"end_at":0,"url":"","address":"","description":"","source":"dji-flysafe","_raw":{"color":"#DE4329","height":0,"level":2,"lat":45.58982282030558,"lng":126.22367533841454,"radius":18711,"polygon_points":[[[126.1411703982388,45.476866055127886],[126.141971954,45.4764124609],[126.17468256927847,45.515379557359864],[126.198747967,45.5102447025],[126.245439211,45.5138050886],[126.266220227,45.521772441],[126.314642307,45.559953396],[126.33018924771966,45.584108116915026],[126.339359157,45.5913515696],[126.35923917,45.6227554484],[126.353683651,45.655437914],[126.35067387686499,45.659188733265964],[126.409671137,45.6966368521],[126.39589553449925,45.70451089095264],[126.08130935723057,45.51074095690119],[126.037938578,45.48308938],[126.110857498,45.4412674821],[126.1411703982388,45.476866055127886]]],"shape":1}},"geometry":{"type":"Polygon","coordinates":[[[126.14117,45.47687],[126.14197,45.47641],[126.17468,45.51538],[126.19875,45.51024],[126.24544,45.51381],[126.26622,45.52177],[126.31464,45.55995],[126.33019,45.58411],[126.33936,45.59135],[126.35924,45.62276],[126.35368,45.65544],[126.35067,45.65919],[126.40967,45.69664],[126.3959,45.70451],[126.08131,45.51074],[126.03794,45.48309],[126.11086,45.44127],[126.14117,45.47687]]]}},{"type":"Feature","properties":{"id":"7290_0","area_id":7290,"name":"Tacheng Airport","level":2,"level_name":"Restricted Zones","type":"restricted","zone_type_id":10,"zone_type":"Airport","country":"CN","city":"Tacheng","color":"#DE4329","height":0,"radius":13076,"shape":1,"begin_at":0,"end_at":0,"url":"","address":"","description":"","source":"dji-flysafe","_raw":{"color":"#DE4329","height":0,"level":2,"lat":46.69266714780781,"lng":83.29195293226057,"radius":13076,"polygon_points":[[[83.2748873888,46.7295662175],[83.184939718,46.7845917067],[83.1299372415,46.7312423072],[83.2432676427,46.6945835922],[83.2409344502,46.6651498829],[83.2483224686,46.649345199],[83.2614122672,46.6353903097],[83.3075918364,46.6125921582],[83.3477064907,46.6009566164],[83.3953746646,46.6042164652],[83.4166759816,46.6120495486],[83.2748873888,46.7295662175]]],"shape":1}},"geometry":{"type":"Polygon","coordinates":[[[83.27489,46.72957],[83.18494,46.78459],[83.12994,46.73124],[83.24327,46.69458],[83.24093,46.66515],[83.24832,46.64935],[83.26141,46.63539],[83.30759,46.61259],[83.34771,46.60096],[83.39537,46.60422],[83.41668,46.61205],[83.27489,46.72957]]]}},{"type":"Feature","properties":{"id":"7290_1","area_id":7290,"name":"Tacheng Airport","level":2,"level_name":"Restricted Zones","type":"restricted","zone_type_id":10,"zone_type":"Airport","country":"CN","city":"Tacheng","color":"#DE4329","height":0,"radius":13081,"shape":1,"begin_at":0,"end_at":0,"url":"","address":"","description":"","source":"dji-flysafe","_raw":{"color":"#DE4329","height":0,"level":2,"lat":46.64903010645211,"lng":83.39989998368074,"radius":13081,"polygon_points":[[[83.5066962989,46.557074448],[83.5617253732,46.6104246986],[83.4517344821,46.6470758341],[83.452927728,46.6774151136],[83.4447459151,46.6930355594],[83.4309430378,46.706669739],[83.3840749018,46.7290752224],[83.3440163571,46.7406733192],[83.3198081494,46.741201261],[83.2748873888,46.7295662175],[83.4166759816,46.6120495486],[83.5066962989,46.557074448]]],"shape":1}},"geometry":{"type":"Polygon","coordinates":[[[83.5067,46.55707],[83.56173,46.61042],[83.45173,46.64708],[83.45293,46.67742],[83.44475,46.69304],[83.43094,46.70667],[83.38407,46.72908],[83.34402,46.74067],[83.31981,46.7412],[83.27489,46.72957],[83.41668,46.61205],[83.5067,46.55707]]]}},{"type":"Feature","properties":{"id":"8664_0","area_id":8664,"name":"Fuyun Koktokay Airport","level":2,"level_name":"Restricted Zones","type":"restricted","zone_type_id":10,"zone_type":"Airport","country":"CN","city":"Fuyun","color":"#DE4329","height":0,"radius":13246,"shape":1,"begin_at":0,"end_at":0,"url":"","address":"","description":"","source":"dji-flysafe","_raw":{"color":"#DE4329","height":0,"level":2,"lat":46.82441477700096,"lng":89.45578493075828,"radius":13246,"polygon_points":[[[89.4364445888,46.8578847528],[89.3364934377,46.9112534765],[89.286651641,46.8528209213],[89.4033340465,46.8211321801],[89.4056032572,46.7942064883],[89.4150913347,46.7789324911],[89.430022689,46.7658588114],[89.481006852,46.7408892836],[89.5232775536,46.7323065836],[89.5474123621,46.733672046],[89.5901302553,46.7487134333],[89.4364445888,46.8578847528]]],"shape":1}},"geometry":{"type":"Polygon","coordinates":[[[89.43644,46.85788],[89.33649,46.91125],[89.28665,46.85282],[89.40333,46.82113],[89.4056,46.79421],[89.41509,46.77893],[89.43002,46.76586],[89.48101,46.74089],[89.52328,46.73231],[89.54741,46.73367],[89.59013,46.74871],[89.43644,46.85788]]]}},{"type":"Feature","properties":{"id":"8664_1","area_id":8664,"name":"Fuyun Koktokay Airport","level":2,"level_name":"Restricted Zones","type":"restricted","zone_type_id":10,"zone_type":"Airport","country":"CN","city":"Fuyun","color":"#DE4329","height":0,"radius":13055,"shape":1,"begin_at":0,"end_at":0,"url":"","address":"","description":"","source":"dji-flysafe","_raw":{"color":"#DE4329","height":0,"level":2,"lat":46.783460615683374,"lng":89.56914465222573,"radius":13055,"polygon_points":[[[89.6851745309,46.6970799862],[89.73501241,46.7538449891],[89.6183194128,46.7872185359],[89.6172845174,46.8129380001],[89.6086888752,46.8284591241],[89.5945088394,46.8419276373],[89.5456686327,46.8674411358],[89.5028439428,46.8754130894],[89.4787005809,46.873650241],[89.4364445888,46.8578847528],[89.5901302553,46.7487134333],[89.6851745309,46.6970799862]]],"shape":1}},"geometry":{"type":"Polygon","coordinates":[[[89.68517,46.69708],[89.73501,46.75384],[89.61832,46.78722],[89.61728,46.81294],[89.60869,46.82846],[89.59451,46.84193],[89.54567,46.86744],[89.50284,46.87541],[89.4787,46.87365],[89.43644,46.85788],[89.59013,46.74871],[89.68517,46.69708]]]}},{"type":"Feature","properties":{"id":"693_0","area_id":693,"name":"Saertu Airport","level":2,"level_name":"Restricted Zones","type":"restricted","zone_type_id":10,"zone_type":"Airport","country":"CN","city":"Daqing Shi","color":"#DE4329","height":0,"radius":13377,"shape":1,"begin_at":0,"end_at":0,"url":"","address":"","description":"","source":"dji-flysafe","_raw":{"color":"#DE4329","height":0,"level":2,"lat":46.791470243968774,"lng":125.11330488317186,"radius":13377,"polygon_points":[[[125.124280364,46.8277419699],[125.094294152,46.9110744216],[125.003207328,46.885289882],[125.066539908,46.8086134664],[125.041864861,46.7849306222],[125.035688517,46.7688803815],[125.035789328,46.7522822861],[125.042154762,46.7362674513],[125.067191832,46.7015068188],[125.103572556,46.680047841],[125.150704549,46.6739240786],[125.124280364,46.8277419699]]],"shape":1}},"geometry":{"type":"Polygon","coordinates":[[[125.12428,46.82774],[125.09429,46.91107],[125.00321,46.88529],[125.06654,46.80861],[125.04186,46.78493],[125.03569,46.76888],[125.03579,46.75228],[125.04215,46.73627],[125.06719,46.70151],[125.10357,46.68005],[125.1507,46.67392],[125.12428,46.82774]]]}},{"type":"Feature","properties":{"id":"693_1","area_id":693,"name":"Saertu Airport","level":2,"level_name":"Restricted Zones","type":"restricted","zone_type_id":10,"zone_type":"Airport","country":"CN","city":"Daqing Shi","color":"#DE4329","height":0,"radius":13227,"shape":1,"begin_at":0,"end_at":0,"url":"","address":"","description":"","source":"dji-flysafe","_raw":{"color":"#DE4329","height":0,"level":2,"lat":46.71268262880177,"lng":125.16839991412292,"radius":13227,"polygon_points":[[[125.179002166,46.5939440334],[125.270107442,46.6163500755],[125.206782963,46.6930339706],[125.229881348,46.714933524],[125.23660309,46.7308793213],[125.237076754,46.747474386],[125.219550901,46.7853371996],[125.20826157,46.8005497471],[125.171605609,46.8218534609],[125.124280364,46.8277419699],[125.150704549,46.6739240786],[125.179002166,46.5939440334]]],"shape":1}},"geometry":{"type":"Polygon","coordinates":[[[125.179,46.59394],[125.27011,46.61635],[125.20678,46.69303],[125.22988,46.71493],[125.2366,46.73088],[125.23708,46.74747],[125.21955,46.78534],[125.20826,46.80055],[125.17161,46.82185],[125.12428,46.82774],[125.1507,46.67392],[125.179,46.59394]]]}},{"type":"Feature","properties":{"id":"2683_0","area_id":2683,"name":"Jiamusi Airport","level":2,"level_name":"Restricted Zones","type":"restricted","zone_type_id":10,"zone_type":"Airport","country":"CN","city":"Jiamusi","color":"#DE4329","height":0,"radius":13107,"shape":1,"begin_at":0,"end_at":0,"url":"","address":"","description":"","source":"dji-flysafe","_raw":{"color":"#DE4329","height":0,"level":2,"lat":46.81578888022561,"lng":130.41711526145954,"radius":13107,"polygon_points":[[[130.364909195,46.8101993226],[130.261543696,46.7652870793],[130.32687307,46.7154155945],[130.408551611,46.7787498545],[130.450921103,46.7706001216],[130.475043739,46.7721906394],[130.517489347,46.7876291824],[130.566490212,46.8293827922],[130.571783867,46.8455811943],[130.570768807,46.8621649117],[130.563508534,46.87800363],[130.364909195,46.8101993226]]],"shape":1}},"geometry":{"type":"Polygon","coordinates":[[[130.36491,46.8102],[130.26154,46.76529],[130.32687,46.71542],[130.40855,46.77875],[130.45092,46.7706],[130.47504,46.77219],[130.51749,46.78763],[130.56649,46.82938],[130.57178,46.84558],[130.57077,46.86216],[130.56351,46.878],[130.36491,46.8102]]]}},{"type":"Feature","properties":{"id":"2683_1","area_id":2683,"name":"Jiamusi Airport","level":2,"level_name":"Restricted Zones","type":"restricted","zone_type_id":10,"zone_type":"Airport","country":"CN","city":"Jiamusi","color":"#DE4329","height":0,"radius":13196,"shape":1,"begin_at":0,"end_at":0,"url":"","address":"","description":"","source":"dji-flysafe","_raw":{"color":"#DE4329","height":0,"level":2,"lat":46.87007242942489,"lng":130.51471133089484,"radius":13196,"polygon_points":[[[130.670129192,46.9230490342],[130.601431945,46.9729154883],[130.524840716,46.9095876724],[130.482461537,46.9177160518],[130.458274252,46.9161199711],[130.435520027,46.9102975946],[130.389122498,46.8856701444],[130.361743258,46.8588146779],[130.356512597,46.8426065081],[130.364909195,46.8101993226],[130.563508534,46.87800363],[130.670129192,46.9230490342]]],"shape":1}},"geometry":{"type":"Polygon","coordinates":[[[130.67013,46.92305],[130.60143,46.97292],[130.52484,46.90959],[130.48246,46.91772],[130.45827,46.91612],[130.43552,46.9103],[130.38912,46.88567],[130.36174,46.85881],[130.35651,46.84261],[130.36491,46.8102],[130.56351,46.878],[130.67013,46.92305]]]}},{"type":"Feature","properties":{"id":"32776_0","area_id":32776,"name":"伊尔施","level":2,"level_name":"Restricted Zones","type":"restricted","zone_type_id":10,"zone_type":"Airport","country":"CN","city":"","color":"#DE4329","height":0,"radius":13037,"shape":1,"begin_at":0,"end_at":0,"url":"","address":"","description":"","source":"dji-flysafe","_raw":{"color":"#DE4329","height":0,"level":2,"lat":47.297209686698416,"lng":119.85141007825241,"radius":13037,"polygon_points":[[[119.800200465,47.3107036192],[119.678527066,47.2974330387],[119.706070777,47.2338077337],[119.819375892,47.2704809704],[119.852453715,47.2496282205],[119.875208269,47.2435538609],[119.923681362,47.2441322319],[119.994232345,47.2662932644],[120.009547808,47.2792360063],[120.019410605,47.2944262183],[120.023144675,47.3108301708],[119.800200465,47.3107036192]]],"shape":1}},"geometry":{"type":"Polygon","coordinates":[[[119.8002,47.3107],[119.67853,47.29743],[119.70607,47.23381],[119.81938,47.27048],[119.85245,47.24963],[119.87521,47.24355],[119.92368,47.24413],[119.99423,47.26629],[120.00955,47.27924],[120.01941,47.29443],[120.02314,47.31083],[119.8002,47.3107]]]}},{"type":"Feature","properties":{"id":"32776_1","area_id":32776,"name":"伊尔施","level":2,"level_name":"Restricted Zones","type":"restricted","zone_type_id":10,"zone_type":"Airport","country":"CN","city":"","color":"#DE4329","height":0,"radius":13149,"shape":1,"begin_at":0,"end_at":0,"url":"","address":"","description":"","source":"dji-flysafe","_raw":{"color":"#DE4329","height":0,"level":2,"lat":47.32213841091127,"lng":119.97381505101696,"radius":13149,"polygon_points":[[[120.148182069,47.3259385712],[120.118936459,47.3878576603],[120.002253779,47.3511945639],[119.972663722,47.3686857819],[119.949862684,47.3747729621],[119.901269704,47.3741918039],[119.832403464,47.354198413],[119.816121883,47.3417964816],[119.805139232,47.3269606763],[119.800200465,47.3107036192],[120.023144675,47.3108301708],[120.148182069,47.3259385712]]],"shape":1}},"geometry":{"type":"Polygon","coordinates":[[[120.14818,47.32594],[120.11894,47.38786],[120.00225,47.35119],[119.97266,47.36869],[119.94986,47.37477],[119.90127,47.37419],[119.8324,47.3542],[119.81612,47.3418],[119.80514,47.32696],[119.8002,47.3107],[120.02314,47.31083],[120.14818,47.32594]]]}},{"type":"Feature","properties":{"id":"4177_0","area_id":4177,"name":"Qiqihar Sanjiazi Airport","level":2,"level_name":"Restricted Zones","type":"restricted","zone_type_id":10,"zone_type":"Airport","country":"CN","city":"Qiqihar","color":"#DE4329","height":0,"radius":13092,"shape":1,"begin_at":0,"end_at":0,"url":"","address":"","description":"","source":"dji-flysafe","_raw":{"color":"#DE4329","height":0,"level":2,"lat":47.28013586667,"lng":123.88708661017817,"radius":13092,"polygon_points":[[[123.905973475,47.314400536],[123.877708924,47.3977094774],[123.784878244,47.3753441193],[123.848204474,47.3019870265],[123.822673125,47.2765660003],[123.817272609,47.2603773537],[123.818231207,47.243791873],[123.83543554,47.2063361294],[123.859940851,47.182029174],[123.88001523,47.1725787679],[123.927328743,47.1656064382],[123.905973475,47.314400536]]],"shape":1}},"geometry":{"type":"Polygon","coordinates":[[[123.90597,47.3144],[123.87771,47.39771],[123.78488,47.37534],[123.8482,47.30199],[123.82267,47.27657],[123.81727,47.26038],[123.81823,47.24379],[123.83544,47.20634],[123.85994,47.18203],[123.88002,47.17258],[123.92733,47.16561],[123.90597,47.3144]]]}},{"type":"Feature","properties":{"id":"4177_1","area_id":4177,"name":"Qiqihar Sanjiazi Airport","level":2,"level_name":"Restricted Zones","type":"restricted","zone_type_id":10,"zone_type":"Airport","country":"CN","city":"Qiqihar","color":"#DE4329","height":0,"radius":13035,"shape":1,"begin_at":0,"end_at":0,"url":"","address":"","description":"","source":"dji-flysafe","_raw":{"color":"#DE4329","height":0,"level":2,"lat":47.20114722696549,"lng":123.95056948903756,"radius":13035,"polygon_points":[[[123.955604967,47.0839691861],[124.048441683,47.1046457332],[123.985115509,47.1779901707],[124.002166469,47.1903220328],[124.019200084,47.2211330361],[124.018385966,47.237722066],[124.001231577,47.2753324981],[123.974520778,47.2999858852],[123.953818985,47.3088423825],[123.905973475,47.314400536],[123.927328743,47.1656064382],[123.955604967,47.0839691861]]],"shape":1}},"geometry":{"type":"Polygon","coordinates":[[[123.9556,47.08397],[124.04844,47.10465],[123.98512,47.17799],[124.00217,47.19032],[124.0192,47.22113],[124.01839,47.23772],[124.00123,47.27533],[123.97452,47.29999],[123.95382,47.30884],[123.90597,47.3144],[123.92733,47.16561],[123.9556,47.08397]]]}},{"type":"Feature","properties":{"id":"960003078","area_id":960003078,"name":"建三江湿地机场1","level":2,"level_name":"Restricted Zones","type":"restricted","zone_type_id":29,"zone_type":"Temporary Flight Restriction","country":"CN","city":"","color":"#DE4329","height":0,"radius":6602,"shape":1,"begin_at":1753124400,"end_at":1830268800,"url":"","address":"","description":"","source":"dji-flysafe","_raw":{"level":2,"lat":47.099328301650665,"lng":132.67013896792267,"radius":6602,"polygon_points":[[[132.6043591847311,47.138344823917436],[132.71892967390727,47.112301779947714],[132.72207741477916,47.09841752933847],[132.71718900015637,47.084792276790495],[132.71081732379804,47.07886495170855],[132.7393253151246,47.06318608737179],[132.71718881003244,47.04933689853554],[132.69665510899313,47.07000534244962],[132.6043591847311,47.138344823917436]]],"color":"#DE4329","height":0,"shape":1}},"geometry":{"type":"Polygon","coordinates":[[[132.60436,47.13834],[132.71893,47.1123],[132.72208,47.09842],[132.71719,47.08479],[132.71082,47.07886],[132.73933,47.06319],[132.71719,47.04934],[132.69666,47.07001],[132.60436,47.13834]]]}},{"type":"Feature","properties":{"id":"960003080","area_id":960003080,"name":"建三江湿地机场3","level":2,"level_name":"Restricted Zones","type":"restricted","zone_type_id":29,"zone_type":"Temporary Flight Restriction","country":"CN","city":"","color":"#DE4329","height":0,"radius":5889,"shape":1,"begin_at":1753124400,"end_at":1830268800,"url":"","address":"","description":"","source":"dji-flysafe","_raw":{"level":2,"lat":47.13317672979016,"lng":132.6473937316535,"radius":5889,"polygon_points":[[[132.60435966617234,47.138343940224715],[132.5758019355027,47.154008092694866],[132.5979554875197,47.16786132653418],[132.61853493107157,47.1471957440023],[132.62774958890478,47.151015114622325],[132.6481391589905,47.15318767135527],[132.6682028716352,47.149868669198455],[132.6848687350865,47.14158147167694],[132.7082161917111,47.124280853969836],[132.7189294035469,47.11230079835518],[132.60435966617234,47.138343940224715]]],"color":"#DE4329","height":0,"shape":1}},"geometry":{"type":"Polygon","coordinates":[[[132.60436,47.13834],[132.5758,47.15401],[132.59796,47.16786],[132.61853,47.1472],[132.62775,47.15102],[132.64814,47.15319],[132.6682,47.14987],[132.68487,47.14158],[132.70822,47.12428],[132.71893,47.1123],[132.60436,47.13834]]]}},{"type":"Feature","properties":{"id":"32767_0","area_id":32767,"name":"阿勒泰","level":2,"level_name":"Restricted Zones","type":"restricted","zone_type_id":10,"zone_type":"Airport","country":"CN","city":"","color":"#DE4329","height":0,"radius":13013,"shape":1,"begin_at":0,"end_at":0,"url":"","address":"","description":"","source":"dji-flysafe","_raw":{"color":"#DE4329","height":0,"level":2,"lat":47.77348430433027,"lng":88.02967740138885,"radius":13013,"polygon_points":[[[88.0080635493,47.8012141011],[87.9064671993,47.856251916],[87.8583207464,47.7944409032],[87.9749499952,47.7678294687],[87.9779702967,47.7382005531],[87.98836866,47.7231478468],[88.0041974749,47.7104164525],[88.0527052683,47.6875395921],[88.0967033316,47.6801785974],[88.1211513832,47.6823181739],[88.1635455725,47.6987154408],[88.0080635493,47.8012141011]]],"shape":1}},"geometry":{"type":"Polygon","coordinates":[[[88.00806,47.80121],[87.90647,47.85625],[87.85832,47.79444],[87.97495,47.76783],[87.97797,47.7382],[87.98837,47.72315],[88.0042,47.71042],[88.05271,47.68754],[88.0967,47.68018],[88.12115,47.68232],[88.16355,47.69872],[88.00806,47.80121]]]}},{"type":"Feature","properties":{"id":"32767_1","area_id":32767,"name":"阿勒泰","level":2,"level_name":"Restricted Zones","type":"restricted","zone_type_id":10,"zone_type":"Airport","country":"CN","city":"","color":"#DE4329","height":0,"radius":12820,"shape":1,"begin_at":0,"end_at":0,"url":"","address":"","description":"","source":"dji-flysafe","_raw":{"color":"#DE4329","height":0,"level":2,"lat":47.73022149803648,"lng":88.14321464984494,"radius":12820,"polygon_points":[[[88.261874855,47.6470821194],[88.310037652,47.7038526754],[88.1933513002,47.7338823405],[88.1897346815,47.7639823231],[88.178962104,47.7789182513],[88.1627973059,47.7914694756],[88.1190038013,47.8107784792],[88.0756919698,47.8186865202],[88.0511100259,47.8169441496],[88.0080635493,47.8012141011],[88.1635455725,47.6987154408],[88.261874855,47.6470821194]]],"shape":1}},"geometry":{"type":"Polygon","coordinates":[[[88.26187,47.64708],[88.31004,47.70385],[88.19335,47.73388],[88.18973,47.76398],[88.17896,47.77892],[88.1628,47.79147],[88.119,47.81078],[88.07569,47.81869],[88.05111,47.81694],[88.00806,47.80121],[88.16355,47.69872],[88.26187,47.64708]]]}},{"type":"Feature","properties":{"id":"33204_0","area_id":33204,"name":"成吉思汗","level":2,"level_name":"Restricted Zones","type":"restricted","zone_type_id":10,"zone_type":"Airport","country":"CN","city":"扎兰屯","color":"#DE4329","height":0,"radius":13140,"shape":1,"begin_at":0,"end_at":0,"url":"","address":"","description":"","source":"dji-flysafe","_raw":{"color":"#DE4329","height":0,"level":2,"lat":47.908925681593324,"lng":122.78724014418866,"radius":13140,"polygon_points":[[[122.81839712,47.9355441923],[122.863367443,48.0155392915],[122.761993157,48.0258842145],[122.758714699,47.9425853008],[122.712321149,47.9302823226],[122.694611802,47.9186775367],[122.681995388,47.9043950564],[122.67532879,47.8884099805],[122.672527257,47.8405881295],[122.681340425,47.8250800801],[122.714993118,47.8011532354],[122.81839712,47.9355441923]]],"shape":1}},"geometry":{"type":"Polygon","coordinates":[[[122.8184,47.93554],[122.86337,48.01554],[122.76199,48.02588],[122.75871,47.94259],[122.71232,47.93028],[122.69461,47.91868],[122.682,47.9044],[122.67533,47.88841],[122.67253,47.84059],[122.68134,47.82508],[122.71499,47.80115],[122.8184,47.93554]]]}},{"type":"Feature","properties":{"id":"33204_1","area_id":33204,"name":"成吉思汗","level":2,"level_name":"Restricted Zones","type":"restricted","zone_type_id":10,"zone_type":"Airport","country":"CN","city":"扎兰屯","color":"#DE4329","height":0,"radius":13236,"shape":1,"begin_at":0,"end_at":0,"url":"","address":"","description":"","source":"dji-flysafe","_raw":{"color":"#DE4329","height":0,"level":2,"lat":47.82289906035728,"lng":122.76102524236816,"radius":13236,"polygon_points":[[[122.67328485,47.719496246],[122.771247306,47.7040615707],[122.779617737,47.7924164649],[122.816244254,47.8016045665],[122.835210031,47.8122462204],[122.849436365,47.8258200553],[122.86632153,47.8665157048],[122.864328323,47.8978544611],[122.854167697,47.9129907931],[122.81839712,47.9355441923],[122.714993118,47.8011532354],[122.67328485,47.719496246]]],"shape":1}},"geometry":{"type":"Polygon","coordinates":[[[122.67328,47.7195],[122.77125,47.70406],[122.77962,47.79242],[122.81624,47.8016],[122.83521,47.81225],[122.84944,47.82582],[122.86632,47.86652],[122.86433,47.89785],[122.85417,47.91299],[122.8184,47.93554],[122.71499,47.80115],[122.67328,47.7195]]]}},{"type":"Feature","properties":{"id":"32777_0","area_id":32777,"name":"林都","level":2,"level_name":"Restricted Zones","type":"restricted","zone_type_id":10,"zone_type":"Airport","country":"CN","city":"","color":"#DE4329","height":0,"radius":12987,"shape":1,"begin_at":0,"end_at":0,"url":"","address":"","description":"","source":"dji-flysafe","_raw":{"color":"#DE4329","height":0,"level":2,"lat":47.76472719879759,"lng":128.95720593858877,"radius":12987,"polygon_points":[[[128.925962721,47.7894559589],[128.809345807,47.8261799554],[128.783539492,47.7608784361],[128.910263023,47.7491666307],[128.921565721,47.7245366334],[128.936184154,47.7111659962],[128.955440396,47.7007936066],[129.011341028,47.6857944721],[129.052028138,47.6851691969],[129.075395653,47.6904662762],[129.112254778,47.7120970768],[128.925962721,47.7894559589]]],"shape":1}},"geometry":{"type":"Polygon","coordinates":[[[128.92596,47.78946],[128.80935,47.82618],[128.78354,47.76088],[128.91026,47.74917],[128.92157,47.72454],[128.93618,47.71117],[128.95544,47.70079],[129.01134,47.68579],[129.05203,47.68517],[129.0754,47.69047],[129.11225,47.7121],[128.92596,47.78946]]]}},{"type":"Feature","properties":{"id":"32777_1","area_id":32777,"name":"林都","level":2,"level_name":"Restricted Zones","type":"restricted","zone_type_id":10,"zone_type":"Airport","country":"CN","city":"","color":"#DE4329","height":0,"radius":12999,"shape":1,"begin_at":0,"end_at":0,"url":"","address":"","description":"","source":"dji-flysafe","_raw":{"color":"#DE4329","height":0,"level":2,"lat":47.73667545707557,"lng":129.08114891345352,"radius":12999,"polygon_points":[[[129.230685476,47.6771619254],[129.254776441,47.7424688155],[129.128099573,47.7524772639],[129.115822861,47.7826150222],[129.100938961,47.7958628031],[129.081451035,47.8060681081],[129.02700748,47.8192030504],[128.983957251,47.8186244451],[128.961009597,47.8124568205],[128.925962721,47.7894559589],[129.112254778,47.7120970768],[129.230685476,47.6771619254]]],"shape":1}},"geometry":{"type":"Polygon","coordinates":[[[129.23069,47.67716],[129.25478,47.74247],[129.1281,47.75248],[129.11582,47.78262],[129.10094,47.79586],[129.08145,47.80607],[129.02701,47.8192],[128.98396,47.81862],[128.96101,47.81246],[128.92596,47.78946],[129.11225,47.7121],[129.23069,47.67716]]]}},{"type":"Feature","properties":{"id":"32779_0","area_id":32779,"name":"喀纳斯","level":2,"level_name":"Restricted Zones","type":"restricted","zone_type_id":10,"zone_type":"Airport","country":"CN","city":"","color":"#DE4329","height":0,"radius":13219,"shape":1,"begin_at":0,"end_at":0,"url":"","address":"","description":"","source":"dji-flysafe","_raw":{"color":"#DE4329","height":0,"level":2,"lat":48.2481989555141,"lng":86.94465654639583,"radius":13219,"polygon_points":[[[86.9266539397,48.28456993],[86.8366662677,48.3429257169],[86.7781911914,48.2912967273],[86.8915102821,48.2513325224],[86.8864406787,48.2215521613],[86.8927459337,48.2054944983],[86.9050669943,48.1910704308],[86.9491895596,48.1626146137],[86.9938905985,48.1492558949],[87.0187563779,48.1487439671],[87.0649045658,48.1603809911],[86.9266539397,48.28456993]]],"shape":1}},"geometry":{"type":"Polygon","coordinates":[[[86.92665,48.28457],[86.83667,48.34293],[86.77819,48.2913],[86.89151,48.25133],[86.88644,48.22155],[86.89275,48.20549],[86.90507,48.19107],[86.94919,48.16261],[86.99389,48.14926],[87.01876,48.14874],[87.0649,48.16038],[86.92665,48.28457]]]}},{"type":"Feature","properties":{"id":"32779_1","area_id":32779,"name":"喀纳斯","level":2,"level_name":"Restricted Zones","type":"restricted","zone_type_id":10,"zone_type":"Airport","country":"CN","city":"","color":"#DE4329","height":0,"radius":13166,"shape":1,"begin_at":0,"end_at":0,"url":"","address":"","description":"","source":"dji-flysafe","_raw":{"color":"#DE4329","height":0,"level":2,"lat":48.19885845724486,"lng":87.04932539161571,"radius":13166,"polygon_points":[[[87.1515785323,48.1020756595],[87.2134729116,48.1536982324],[87.1034599953,48.1970619671],[87.1073967807,48.2275384287],[87.100319089,48.2434531222],[87.0872918896,48.2576042663],[87.069200172,48.2690256621],[86.9987923291,48.2925826036],[86.9739609982,48.2941851497],[86.9266539397,48.28456993],[87.0649045658,48.1603809911],[87.1515785323,48.1020756595]]],"shape":1}},"geometry":{"type":"Polygon","coordinates":[[[87.15158,48.10208],[87.21347,48.1537],[87.10346,48.19706],[87.1074,48.22754],[87.10032,48.24345],[87.08729,48.2576],[87.0692,48.26903],[86.99879,48.29258],[86.97396,48.29419],[86.92665,48.28457],[87.0649,48.16038],[87.15158,48.10208]]]}},{"type":"Feature","properties":{"id":"40002562_0","area_id":40002562,"name":"五大连池德都机场","level":2,"level_name":"Restricted Zones","type":"restricted","zone_type_id":10,"zone_type":"Airport","country":"CN","city":"","color":"#DE4329","height":0,"radius":13342,"shape":1,"begin_at":0,"end_at":0,"url":"","address":"","description":"","source":"dji-flysafe","_raw":{"color":"#DE4329","height":0,"level":2,"lat":48.455861275603034,"lng":126.19157833388564,"radius":13342,"polygon_points":[[[126.244216719,48.4468412574],[126.372143479,48.4636861206],[126.338616397,48.525883002],[126.223527634,48.4852517314],[126.184087424,48.507551273],[126.135126695,48.5131328442],[126.110690813,48.5094658143],[126.052939889,48.4931746701],[126.034658993,48.4818301804],[126.021438753,48.4677345195],[126.013364465,48.4352606537],[126.244216719,48.4468412574]]],"shape":1}},"geometry":{"type":"Polygon","coordinates":[[[126.24422,48.44684],[126.37214,48.46369],[126.33862,48.52588],[126.22353,48.48525],[126.18409,48.50755],[126.13513,48.51313],[126.11069,48.50947],[126.05294,48.49317],[126.03466,48.48183],[126.02144,48.46773],[126.01336,48.43526],[126.24422,48.44684]]]}},{"type":"Feature","properties":{"id":"40002562_1","area_id":40002562,"name":"五大连池德都机场","level":2,"level_name":"Restricted Zones","type":"restricted","zone_type_id":10,"zone_type":"Airport","country":"CN","city":"","color":"#DE4329","height":0,"radius":13340,"shape":1,"begin_at":0,"end_at":0,"url":"","address":"","description":"","source":"dji-flysafe","_raw":{"color":"#DE4329","height":0,"level":2,"lat":48.426028886968496,"lng":126.06611826866302,"radius":13340,"polygon_points":[[[125.885701392,48.4183313965],[125.919254631,48.3561435931],[126.034013647,48.3970082812],[126.052280538,48.3835850226],[126.097282098,48.3698105703],[126.12224768,48.3691539487],[126.180139201,48.3807656283],[126.22263256,48.4003334413],[126.243288709,48.4302544403],[126.244216719,48.4468412574],[126.013364465,48.4352606537],[125.885701392,48.4183313965]]],"shape":1}},"geometry":{"type":"Polygon","coordinates":[[[125.8857,48.41833],[125.91925,48.35614],[126.03401,48.39701],[126.05228,48.38359],[126.09728,48.36981],[126.12225,48.36915],[126.18014,48.38077],[126.22263,48.40033],[126.24329,48.43025],[126.24422,48.44684],[126.01336,48.43526],[125.8857,48.41833]]]}},{"type":"Feature","properties":{"id":"33208_0","area_id":33208,"name":"东极","level":2,"level_name":"Restricted Zones","type":"restricted","zone_type_id":10,"zone_type":"Airport","country":"CN","city":"抚远","color":"#DE4329","height":0,"radius":13215,"shape":1,"begin_at":0,"end_at":0,"url":"","address":"","description":"","source":"dji-flysafe","_raw":{"color":"#DE4329","height":0,"level":2,"lat":48.16942302992511,"lng":134.31362726421278,"radius":13215,"polygon_points":[[[134.259882802,48.168592667],[134.14819464,48.1253646528],[134.215153735,48.0704118142],[134.300141746,48.1337445087],[134.341763553,48.1253006978],[134.366576213,48.1263913269],[134.439183193,48.1526352545],[134.468650194,48.1776253945],[134.475603819,48.1935630208],[134.470201249,48.2262779888],[134.259882802,48.168592667]]],"shape":1}},"geometry":{"type":"Polygon","coordinates":[[[134.25988,48.16859],[134.14819,48.12536],[134.21515,48.07041],[134.30014,48.13374],[134.34176,48.1253],[134.36658,48.12639],[134.43918,48.15264],[134.46865,48.17763],[134.4756,48.19356],[134.4702,48.22628],[134.25988,48.16859]]]}},{"type":"Feature","properties":{"id":"33208_1","area_id":33208,"name":"东极","level":2,"level_name":"Restricted Zones","type":"restricted","zone_type_id":10,"zone_type":"Airport","country":"CN","city":"抚远","color":"#DE4329","height":0,"radius":13067,"shape":1,"begin_at":0,"end_at":0,"url":"","address":"","description":"","source":"dji-flysafe","_raw":{"color":"#DE4329","height":0,"level":2,"lat":48.224305290542084,"lng":134.41510670203286,"radius":13067,"polygon_points":[[[134.576827066,48.27134061],[134.514882124,48.321256608],[134.429901767,48.2612573507],[134.384505465,48.2705354722],[134.35965845,48.2691314881],[134.336208278,48.2634898915],[134.287466222,48.2390227158],[134.262687026,48.217220325],[134.255321943,48.2013643688],[134.254367556,48.1847783273],[134.259882802,48.168592667],[134.470201249,48.2262779888],[134.576827066,48.27134061]]],"shape":1}},"geometry":{"type":"Polygon","coordinates":[[[134.57683,48.27134],[134.51488,48.32126],[134.4299,48.26126],[134.38451,48.27054],[134.35966,48.26913],[134.33621,48.26349],[134.28747,48.23902],[134.26269,48.21722],[134.25532,48.20136],[134.25437,48.18478],[134.25988,48.16859],[134.4702,48.22628],[134.57683,48.27134]]]}},{"type":"Feature","properties":{"id":"33244_0","area_id":33244,"name":"海拉尔","level":2,"level_name":"Restricted Zones","type":"restricted","zone_type_id":10,"zone_type":"Airport","country":"CN","city":"呼伦贝尔","color":"#DE4329","height":0,"radius":13111,"shape":1,"begin_at":0,"end_at":0,"url":"","address":"","description":"","source":"dji-flysafe","_raw":{"color":"#DE4329","height":0,"level":2,"lat":49.19860033297469,"lng":119.76095729419507,"radius":13111,"polygon_points":[[[119.713713275,49.2175402528],[119.583739793,49.2209527367],[119.594049309,49.1539051914],[119.717380686,49.1755724305],[119.745250421,49.1524455946],[119.767025915,49.1439235377],[119.816793717,49.1391043694],[119.899112579,49.153872788],[119.918406432,49.1646571851],[119.932782898,49.1783376408],[119.941259934,49.193983825],[119.713713275,49.2175402528]]],"shape":1}},"geometry":{"type":"Polygon","coordinates":[[[119.71371,49.21754],[119.58374,49.22095],[119.59405,49.15391],[119.71738,49.17557],[119.74525,49.15245],[119.76703,49.14392],[119.81679,49.1391],[119.89911,49.15387],[119.91841,49.16466],[119.93278,49.17834],[119.94126,49.19398],[119.71371,49.21754]]]}},{"type":"Feature","properties":{"id":"33244_1","area_id":33244,"name":"海拉尔","level":2,"level_name":"Restricted Zones","type":"restricted","zone_type_id":10,"zone_type":"Airport","country":"CN","city":"呼伦贝尔","color":"#DE4329","height":0,"radius":13221,"shape":1,"begin_at":0,"end_at":0,"url":"","address":"","description":"","source":"dji-flysafe","_raw":{"color":"#DE4329","height":0,"level":2,"lat":49.20573105106211,"lng":119.89483260043772,"radius":13221,"polygon_points":[[[120.074620195,49.1873964171],[120.060948291,49.254429736],[119.93425477,49.2361059934],[119.9065132,49.2591592826],[119.884711716,49.2677083557],[119.834821339,49.2725585013],[119.755729016,49.2577344253],[119.736443872,49.2469157156],[119.722113894,49.2332055595],[119.713713275,49.2175402528],[119.941259934,49.193983825],[120.074620195,49.1873964171]]],"shape":1}},"geometry":{"type":"Polygon","coordinates":[[[120.07462,49.1874],[120.06095,49.25443],[119.93425,49.23611],[119.90651,49.25916],[119.88471,49.26771],[119.83482,49.27256],[119.75573,49.25773],[119.73644,49.24692],[119.72211,49.23321],[119.71371,49.21754],[119.94126,49.19398],[120.07462,49.1874]]]}},{"type":"Feature","properties":{"id":"32764_0","area_id":32764,"name":"西郊","level":2,"level_name":"Restricted Zones","type":"restricted","zone_type_id":10,"zone_type":"Airport","country":"CN","city":"","color":"#DE4329","height":0,"radius":13284,"shape":1,"begin_at":0,"end_at":0,"url":"","address":"","description":"","source":"dji-flysafe","_raw":{"color":"#DE4329","height":0,"level":2,"lat":49.58154230481697,"lng":117.26769991993129,"radius":13284,"polygon_points":[[[117.229295458,49.607799505],[117.111021222,49.6445209893],[117.083445149,49.5825790271],[117.210099099,49.5675906],[117.223359919,49.5369920712],[117.238987213,49.5238533857],[117.259312799,49.5137843894],[117.319588274,49.5024746786],[117.363834375,49.4995641696],[117.410724181,49.5120580557],[117.428870437,49.5237506067],[117.229295458,49.607799505]]],"shape":1}},"geometry":{"type":"Polygon","coordinates":[[[117.2293,49.6078],[117.11102,49.64452],[117.08345,49.58258],[117.2101,49.56759],[117.22336,49.53699],[117.23899,49.52385],[117.25931,49.51378],[117.31959,49.50247],[117.36383,49.49956],[117.41072,49.51206],[117.42887,49.52375],[117.2293,49.6078]]]}},{"type":"Feature","properties":{"id":"32764_1","area_id":32764,"name":"西郊","level":2,"level_name":"Restricted Zones","type":"restricted","zone_type_id":10,"zone_type":"Airport","country":"CN","city":"","color":"#DE4329","height":0,"radius":13256,"shape":1,"begin_at":0,"end_at":0,"url":"","address":"","description":"","source":"dji-flysafe","_raw":{"color":"#DE4329","height":0,"level":2,"lat":49.55328622422845,"lng":117.39282501337088,"radius":13256,"polygon_points":[[[117.547305323,49.4888112631],[117.576553162,49.5507548709],[117.448233681,49.5640764362],[117.436759683,49.5949214568],[117.421880416,49.6084310792],[117.37878068,49.6258518387],[117.342078411,49.6308588679],[117.292938363,49.6336485518],[117.268441073,49.6287762485],[117.229295458,49.607799505],[117.428870437,49.5237506067],[117.547305323,49.4888112631]]],"shape":1}},"geometry":{"type":"Polygon","coordinates":[[[117.54731,49.48881],[117.57655,49.55075],[117.44823,49.56408],[117.43676,49.59492],[117.42188,49.60843],[117.37878,49.62585],[117.34208,49.63086],[117.29294,49.63365],[117.26844,49.62878],[117.2293,49.6078],[117.42887,49.52375],[117.54731,49.48881]]]}},{"type":"Feature","properties":{"id":"2631_0","area_id":2631,"name":"Jiagedaqi Airport","level":2,"level_name":"Restricted Zones","type":"restricted","zone_type_id":10,"zone_type":"Airport","country":"CN","city":"Jiagedaqi","color":"#DE4329","height":0,"radius":12921,"shape":1,"begin_at":0,"end_at":0,"url":"","address":"","description":"","source":"dji-flysafe","_raw":{"color":"#DE4329","height":0,"level":2,"lat":50.41534147977788,"lng":124.09980178807704,"radius":12921,"polygon_points":[[[124.134768995,50.445878322],[124.136457844,50.5291856033],[124.028249645,50.5222555502],[124.069907214,50.437240572],[124.037379033,50.4200209552],[124.024150027,50.4057229363],[124.017184551,50.389729613],[124.018610198,50.3498506212],[124.03551904,50.3248021178],[124.053307592,50.3126987658],[124.10025719,50.2991318458],[124.134768995,50.445878322]]],"shape":1}},"geometry":{"type":"Polygon","coordinates":[[[124.13477,50.44588],[124.13646,50.52919],[124.02825,50.52226],[124.06991,50.43724],[124.03738,50.42002],[124.02415,50.40572],[124.01718,50.38973],[124.01861,50.34985],[124.03552,50.3248],[124.05331,50.3127],[124.10026,50.29913],[124.13477,50.44588]]]}},{"type":"Feature","properties":{"id":"2631_1","area_id":2631,"name":"Jiagedaqi Airport","level":2,"level_name":"Restricted Zones","type":"restricted","zone_type_id":10,"zone_type":"Airport","country":"CN","city":"Jiagedaqi","color":"#DE4329","height":0,"radius":13133,"shape":1,"begin_at":0,"end_at":0,"url":"","address":"","description":"","source":"dji-flysafe","_raw":{"color":"#DE4329","height":0,"level":2,"lat":50.328011751555415,"lng":124.12285037378862,"radius":13133,"polygon_points":[[[124.100260054,50.2107863864],[124.206766502,50.2227785036],[124.165090196,50.3027623916],[124.205121538,50.3241957561],[124.222619743,50.3551555332],[124.221413076,50.371735914],[124.216398034,50.3901196472],[124.19910066,50.4196308306],[124.159608914,50.4408525309],[124.134768995,50.445878322],[124.10025719,50.2991318458],[124.100260054,50.2107863864]]],"shape":1}},"geometry":{"type":"Polygon","coordinates":[[[124.10026,50.21079],[124.20677,50.22278],[124.16509,50.30276],[124.20512,50.3242],[124.22262,50.35516],[124.22141,50.37174],[124.2164,50.39012],[124.1991,50.41963],[124.15961,50.44085],[124.13477,50.44588],[124.10026,50.29913],[124.10026,50.21079]]]}},{"type":"Feature","properties":{"id":"1392_0","area_id":1392,"name":"Heihe Airport","level":2,"level_name":"Restricted Zones","type":"restricted","zone_type_id":10,"zone_type":"Airport","country":"CN","city":"Heihe","color":"#DE4329","height":0,"radius":13117,"shape":1,"begin_at":0,"end_at":0,"url":"","address":"","description":"","source":"dji-flysafe","_raw":{"color":"#DE4329","height":0,"level":2,"lat":50.13311863722775,"lng":127.33961131362555,"radius":13117,"polygon_points":[[[127.355628083,50.0155990376],[127.451908273,50.0397116949],[127.381903281,50.1130242515],[127.412170589,50.1399819597],[127.418049743,50.1561469921],[127.417200159,50.1727363065],[127.409672923,50.1886192265],[127.367747015,50.231493971],[127.321901121,50.2464414071],[127.29602462,50.2477388257],[127.322325234,50.0955845781],[127.355628083,50.0155990376]]],"shape":1}},"geometry":{"type":"Polygon","coordinates":[[[127.35563,50.0156],[127.45191,50.03971],[127.3819,50.11302],[127.41217,50.13998],[127.41805,50.15615],[127.4172,50.17274],[127.40967,50.18862],[127.36775,50.23149],[127.3219,50.24644],[127.29602,50.24774],[127.32233,50.09558],[127.35563,50.0156]]]}},{"type":"Feature","properties":{"id":"1392_1","area_id":1392,"name":"Heihe Airport","level":2,"level_name":"Restricted Zones","type":"restricted","zone_type_id":10,"zone_type":"Airport","country":"CN","city":"Heihe","color":"#DE4329","height":0,"radius":13264,"shape":1,"begin_at":0,"end_at":0,"url":"","address":"","description":"","source":"dji-flysafe","_raw":{"color":"#DE4329","height":0,"level":2,"lat":50.21319017920946,"lng":127.2911398044459,"radius":13264,"polygon_points":[[[127.29602462,50.2477388257],[127.262667541,50.3310848935],[127.166397002,50.3019022177],[127.233070336,50.2285809533],[127.209054254,50.2065698872],[127.202246042,50.1905540133],[127.202146636,50.1739558962],[127.208755975,50.1579066858],[127.251269302,50.1126454577],[127.27233783,50.1030058406],[127.322325234,50.0955845781],[127.29602462,50.2477388257]]],"shape":1}},"geometry":{"type":"Polygon","coordinates":[[[127.29602,50.24774],[127.26267,50.33108],[127.1664,50.3019],[127.23307,50.22858],[127.20905,50.20657],[127.20225,50.19055],[127.20215,50.17396],[127.20876,50.15791],[127.25127,50.11265],[127.27234,50.10301],[127.32233,50.09558],[127.29602,50.24774]]]}},{"type":"Feature","properties":{"id":"4509_0","area_id":4509,"name":"Gu-Lian Airport","level":2,"level_name":"Restricted Zones","type":"restricted","zone_type_id":10,"zone_type":"Airport","country":"CN","city":"Mohe","color":"#DE4329","height":0,"radius":13011,"shape":1,"begin_at":0,"end_at":0,"url":"","address":"","description":"","source":"dji-flysafe","_raw":{"color":"#DE4329","height":0,"level":2,"lat":52.95137108399612,"lng":122.37694829658984,"radius":13011,"polygon_points":[[[122.361914514,52.9828961521],[122.280321051,53.0529108397],[122.201286395,53.0014062972],[122.316261747,52.9531673481],[122.304771692,52.9242754704],[122.308381907,52.9078206039],[122.318925651,52.8924892198],[122.357280051,52.8626973912],[122.399322722,52.8476505997],[122.426407157,52.8448357011],[122.47957061,52.8520736344],[122.361914514,52.9828961521]]],"shape":1}},"geometry":{"type":"Polygon","coordinates":[[[122.36191,52.9829],[122.28032,53.05291],[122.20129,53.00141],[122.31626,52.95317],[122.30477,52.92428],[122.30838,52.90782],[122.31893,52.89249],[122.35728,52.8627],[122.39932,52.84765],[122.42641,52.84484],[122.47957,52.85207],[122.36191,52.9829]]]}},{"type":"Feature","properties":{"id":"4509_1","area_id":4509,"name":"Gu-Lian Airport","level":2,"level_name":"Restricted Zones","type":"restricted","zone_type_id":10,"zone_type":"Airport","country":"CN","city":"Mohe","color":"#DE4329","height":0,"radius":13002,"shape":1,"begin_at":0,"end_at":0,"url":"","address":"","description":"","source":"dji-flysafe","_raw":{"color":"#DE4329","height":0,"level":2,"lat":52.88803968860199,"lng":122.47538100618783,"radius":13002,"polygon_points":[[[122.562978327,52.783759393],[122.642066704,52.8284943557],[122.52871946,52.8818916704],[122.540751122,52.9103189057],[122.537628737,52.9268100309],[122.52752777,52.9422514119],[122.511130719,52.955589096],[122.442699404,52.9845373977],[122.415844079,52.9882962439],[122.361914514,52.9828961521],[122.47957061,52.8520736344],[122.562978327,52.783759393]]],"shape":1}},"geometry":{"type":"Polygon","coordinates":[[[122.56298,52.78376],[122.64207,52.82849],[122.52872,52.88189],[122.54075,52.91032],[122.53763,52.92681],[122.52753,52.94225],[122.51113,52.95559],[122.4427,52.98454],[122.41584,52.9883],[122.36191,52.9829],[122.47957,52.85207],[122.56298,52.78376]]]}}]}